"STATION","NAME","LATITUDE","LONGITUDE","ELEVATION","DATE","PRCP","SNOW","SNWD","TAVG","TMAX","TMIN","WT01","WT02","WT03","WT04","WT05","WT06","WT08","WT09","WT13","WT14","WT16","WT18","WT21","WT22"
"USW00093721","BALTIMORE WASHINGTON INTERNATIONAL AIRPORT, MD US","39.17329","-76.68408","42.0","2013-01-01","0.00","0.0","0.0",,"44","34",,,,,,,,,,,,,,
"USW00093721","BALTIMORE WASHINGTON INTERNATIONAL AIRPORT, MD US","39.17329","-76.68408","42.0","2013-01-02","0.00","0.0","0.0",,"37","26",,,,,,,,,,,,,,
"USW00093721","BALTIMORE WASHINGTON INTERNATIONAL AIRPORT, MD US","39.17329","-76.68408","42.0","2013-01-03","0.00","0.0","0.0",,"38","22",,,,,,,,,,,,,,
"USW00093721","BALTIMORE WASHINGTON INTERNATIONAL AIRPORT, MD US","39.17329","-76.68408","42.0","2013-01-04","0.00","0.0","0.0",,"42","23",,,,,,,,,,,,,,
"USW00093721","BALTIMORE WASHINGTON INTERNATIONAL AIRPORT, MD US","39.17329","-76.68408","42.0","2013-01-05","0.00","0.0","0.0",,"43","31",,,,,,,,,,,"    1",,,
"USW00093721","BALTIMORE WASHINGTON INTERNATIONAL AIRPORT, MD US","39.17329","-76.68408","42.0","2013-01-06","0.00","0.0","0.0",,"51","28","    1",,,,,,,,"    1",,"    1",,,
"USW00093721","BALTIMORE WASHINGTON INTERNATIONAL AIRPORT, MD US","39.17329","-76.68408","42.0","2013-01-07","0.00","0.0","0.0",,"47","27",,,,,,,,,,,,,,
"USW00093721","BALTIMORE WASHINGTON INTERNATIONAL AIRPORT, MD US","39.17329","-76.68408","42.0","2013-01-08","0.00","0.0","0.0",,"52","23","    1",,,,,,,,,,,,,
"USW00093721","BALTIMORE WASHINGTON INTERNATIONAL AIRPORT, MD US","39.17329","-76.68408","42.0","2013-01-09","0.00","0.0","0.0",,"51","27",,,,,,,"    1",,,,"    1",,,
"USW00093721","BALTIMORE WASHINGTON INTERNATIONAL AIRPORT, MD US","39.17329","-76.68408","42.0","2013-01-10","0.00","0.0","0.0",,"53","36",,,,,,,,,,,,,,
"USW00093721","BALTIMORE WASHINGTON INTERNATIONAL AIRPORT, MD US","39.17329","-76.68408","42.0","2013-01-11","0.07","0.0","0.0",,"45","32",,,,,,,,,"    1","    1","    1",,,
"USW00093721","BALTIMORE WASHINGTON INTERNATIONAL AIRPORT, MD US","39.17329","-76.68408","42.0","2013-01-12","0.00","0.0","0.0",,"57","42",,,,,,,"    1",,"    1",,,,,
"USW00093721","BALTIMORE WASHINGTON INTERNATIONAL AIRPORT, MD US","39.17329","-76.68408","42.0","2013-01-13","0.00","0.0","0.0",,"49","40","    1","    1",,,,,,,"    1","    1",,,,
"USW00093721","BALTIMORE WASHINGTON INTERNATIONAL AIRPORT, MD US","39.17329","-76.68408","42.0","2013-01-14","0.15","0.0","0.0",,"58","41","    1","    1",,,,,,,"    1",,"    1",,,
"USW00093721","BALTIMORE WASHINGTON INTERNATIONAL AIRPORT, MD US","39.17329","-76.68408","42.0","2013-01-15","0.66","0.0","0.0",,"41","35",,,,,,,"    1",,"    1","    1","    1",,,
"USW00093721","BALTIMORE WASHINGTON INTERNATIONAL AIRPORT, MD US","39.17329","-76.68408","42.0","2013-01-16","0.49","0.0","0.0",,"40","34","    1",,,,,,,,"    1",,"    1",,,
"USW00093721","BALTIMORE WASHINGTON INTERNATIONAL AIRPORT, MD US","39.17329","-76.68408","42.0","2013-01-17","0.00","0.0","0.0",,"45","37",,,,,,,,,,,"    1",,,
"USW00093721","BALTIMORE WASHINGTON INTERNATIONAL AIRPORT, MD US","39.17329","-76.68408","42.0","2013-01-18","0.00","0.0","0.0",,"38","27",,,,,,,,,,,,,,
"USW00093721","BALTIMORE WASHINGTON INTERNATIONAL AIRPORT, MD US","39.17329","-76.68408","42.0","2013-01-19","0.00","0.0","0.0",,"54","28",,,,,,,,,,,,,,
"USW00093721","BALTIMORE WASHINGTON INTERNATIONAL AIRPORT, MD US","39.17329","-76.68408","42.0","2013-01-20","0.00","0.0","0.0",,"58","35",,,,,,,,,,,,,,
"USW00093721","BALTIMORE WASHINGTON INTERNATIONAL AIRPORT, MD US","39.17329","-76.68408","42.0","2013-01-21","0.00","0.0","0.0",,"41","29",,,,,,,,,,,,"    1",,
"USW00093721","BALTIMORE WASHINGTON INTERNATIONAL AIRPORT, MD US","39.17329","-76.68408","42.0","2013-01-22","0.00","0.0","0.0",,"29","15",,,,,,,,,,,,,,
"USW00093721","BALTIMORE WASHINGTON INTERNATIONAL AIRPORT, MD US","39.17329","-76.68408","42.0","2013-01-23","0.00","0.0","0.0",,"25","12",,,,,,,,,,,,,,
"USW00093721","BALTIMORE WASHINGTON INTERNATIONAL AIRPORT, MD US","39.17329","-76.68408","42.0","2013-01-24","0.08","2.0","2.0",,"26","14",,,,,,,,,"    1",,,"    1",,"    1"
"USW00093721","BALTIMORE WASHINGTON INTERNATIONAL AIRPORT, MD US","39.17329","-76.68408","42.0","2013-01-25","0.07","0.9","2.0",,"22","11","    1",,,,,,,,"    1",,,"    1",,"    1"
"USW00093721","BALTIMORE WASHINGTON INTERNATIONAL AIRPORT, MD US","39.17329","-76.68408","42.0","2013-01-26","0.00","0.0","1.0",,"34","20",,,,,,,"    1",,,,,"    1",,
"USW00093721","BALTIMORE WASHINGTON INTERNATIONAL AIRPORT, MD US","39.17329","-76.68408","42.0","2013-01-27","0.00","0.0","0.0",,"42","24",,,,,,,"    1",,,,,,,
"USW00093721","BALTIMORE WASHINGTON INTERNATIONAL AIRPORT, MD US","39.17329","-76.68408","42.0","2013-01-28","0.17","0.0","0.0",,"41","30",,,,"    1",,,"    1",,,,"    1","    1",,
"USW00093721","BALTIMORE WASHINGTON INTERNATIONAL AIRPORT, MD US","39.17329","-76.68408","42.0","2013-01-29","0.00","0.0","0.0",,"66","37",,,,,,,"    1",,"    1",,,,"    1",
"USW00093721","BALTIMORE WASHINGTON INTERNATIONAL AIRPORT, MD US","39.17329","-76.68408","42.0","2013-01-30","1.22","0.0","0.0",,"70","39",,,,,,,,,"    1",,"    1",,,
"USW00093721","BALTIMORE WASHINGTON INTERNATIONAL AIRPORT, MD US","39.17329","-76.68408","42.0","2013-01-31","0.73","0.0","0.0",,"63","28","    1",,,,,,,,"    1",,"    1",,,
"USW00093721","BALTIMORE WASHINGTON INTERNATIONAL AIRPORT, MD US","39.17329","-76.68408","42.0","2013-02-01","0.01","0.0","0.0",,"31","20","    1",,,,,,,,,,,"    1",,
"USW00093721","BALTIMORE WASHINGTON INTERNATIONAL AIRPORT, MD US","39.17329","-76.68408","42.0","2013-02-02","0.02","0.3","0.0",,"29","17",,,,,,,,,"    1",,,"    1",,
"USW00093721","BALTIMORE WASHINGTON INTERNATIONAL AIRPORT, MD US","39.17329","-76.68408","42.0","2013-02-03","0.00","0.0","0.0",,"34","20",,,,,,,"    1",,"    1",,,"    1",,
"USW00093721","BALTIMORE WASHINGTON INTERNATIONAL AIRPORT, MD US","39.17329","-76.68408","42.0","2013-02-04","0.00","0.0","0.0",,"35","21",,,,,,,,,,,,,,
"USW00093721","BALTIMORE WASHINGTON INTERNATIONAL AIRPORT, MD US","39.17329","-76.68408","42.0","2013-02-05","0.00","0.0","0.0",,"38","29",,,,,,,,,,,,,,
"USW00093721","BALTIMORE WASHINGTON INTERNATIONAL AIRPORT, MD US","39.17329","-76.68408","42.0","2013-02-06","0.00","0.0","0.0",,"44","28",,,,,,,"    1",,"    1",,,,,
"USW00093721","BALTIMORE WASHINGTON INTERNATIONAL AIRPORT, MD US","39.17329","-76.68408","42.0","2013-02-07","0.00","0.0","0.0",,"38","24",,,,,,,,,,,,,,
"USW00093721","BALTIMORE WASHINGTON INTERNATIONAL AIRPORT, MD US","39.17329","-76.68408","42.0","2013-02-08","0.24","0.0","0.0",,"42","33","    1",,,,,,,,"    1","    1","    1",,,
"USW00093721","BALTIMORE WASHINGTON INTERNATIONAL AIRPORT, MD US","39.17329","-76.68408","42.0","2013-02-09","0.00","0.0","0.0",,"40","27",,,,,,,,,,,,,,
"USW00093721","BALTIMORE WASHINGTON INTERNATIONAL AIRPORT, MD US","39.17329","-76.68408","42.0","2013-02-10","0.00","0.0","0.0",,"43","18",,,,,,,,,,,,,,
"USW00093721","BALTIMORE WASHINGTON INTERNATIONAL AIRPORT, MD US","39.17329","-76.68408","42.0","2013-02-11","0.41","0.0","0.0",,"54","36","    1",,,,,,,,"    1","    1","    1",,,
"USW00093721","BALTIMORE WASHINGTON INTERNATIONAL AIRPORT, MD US","39.17329","-76.68408","42.0","2013-02-12","0.00","0.0","0.0",,"54","37",,,,,,,,,,,,,,
"USW00093721","BALTIMORE WASHINGTON INTERNATIONAL AIRPORT, MD US","39.17329","-76.68408","42.0","2013-02-13","0.31","0.2","0.0",,"44","31",,,,"    1",,,,,"    1",,"    1","    1",,
"USW00093721","BALTIMORE WASHINGTON INTERNATIONAL AIRPORT, MD US","39.17329","-76.68408","42.0","2013-02-14","0.00","0.0","0.0",,"49","30","    1",,,,,,,,"    1",,,,,
"USW00093721","BALTIMORE WASHINGTON INTERNATIONAL AIRPORT, MD US","39.17329","-76.68408","42.0","2013-02-15","0.09","0.0","0.0",,"59","29","    1",,,,,,,,"    1",,"    1","    1",,
"USW00093721","BALTIMORE WASHINGTON INTERNATIONAL AIRPORT, MD US","39.17329","-76.68408","42.0","2013-02-16","0.04","0.0","0.0",,"37","32",,,,"    1",,,,,"    1",,"    1","    1",,
"USW00093721","BALTIMORE WASHINGTON INTERNATIONAL AIRPORT, MD US","39.17329","-76.68408","42.0","2013-02-17","0.00","0.0","0.0",,"32","24",,,,,,,,,,,,"    1",,
"USW00093721","BALTIMORE WASHINGTON INTERNATIONAL AIRPORT, MD US","39.17329","-76.68408","42.0","2013-02-18","0.00","0.0","0.0",,"40","20",,,,,,,,,,,,,,
"USW00093721","BALTIMORE WASHINGTON INTERNATIONAL AIRPORT, MD US","39.17329","-76.68408","42.0","2013-02-19","0.09","0.0","0.0",,"45","26",,,,"    1",,,,,,,"    1",,,
"USW00093721","BALTIMORE WASHINGTON INTERNATIONAL AIRPORT, MD US","39.17329","-76.68408","42.0","2013-02-20","0.00","0.0","0.0",,"38","24",,,,,,,,,,,,"    1",,
"USW00093721","BALTIMORE WASHINGTON INTERNATIONAL AIRPORT, MD US","39.17329","-76.68408","42.0","2013-02-21","0.00","0.0","0.0",,"38","23",,,,,,,,,,,,,,
"USW00093721","BALTIMORE WASHINGTON INTERNATIONAL AIRPORT, MD US","39.17329","-76.68408","42.0","2013-02-22","0.03","0.0","0.0",,"33","28",,,,"    1",,,,,,"    1","    1","    1",,
"USW00093721","BALTIMORE WASHINGTON INTERNATIONAL AIRPORT, MD US","39.17329","-76.68408","42.0","2013-02-23","0.12","0.0","0.0",,"46","32","    1",,,,,,,,"    1","    1",,,,
"USW00093721","BALTIMORE WASHINGTON INTERNATIONAL AIRPORT, MD US","39.17329","-76.68408","42.0","2013-02-24","0.00","0.0","0.0",,"50","31",,,,,,,,,"    1",,,,,
"USW00093721","BALTIMORE WASHINGTON INTERNATIONAL AIRPORT, MD US","39.17329","-76.68408","42.0","2013-02-25","0.00","0.0","0.0",,"48","27",,,,,,,,,,,,,,
"USW00093721","BALTIMORE WASHINGTON INTERNATIONAL AIRPORT, MD US","39.17329","-76.68408","42.0","2013-02-26","0.49","0.0","0.0",,"43","26",,,,,,,,,"    1","    1","    1",,,
"USW00093721","BALTIMORE WASHINGTON INTERNATIONAL AIRPORT, MD US","39.17329","-76.68408","42.0","2013-02-27","0.07","0.0","0.0",,"56","40","    1",,,,,,,,"    1","    1","    1",,,
"USW00093721","BALTIMORE WASHINGTON INTERNATIONAL AIRPORT, MD US","39.17329","-76.68408","42.0","2013-02-28","0.03","0.0","0.0",,"47","39",,,,"    1",,,,,,,"    1",,,
"USW00093721","BALTIMORE WASHINGTON INTERNATIONAL AIRPORT, MD US","39.17329","-76.68408","42.0","2013-03-01","0.00","0.0","0.0",,"45","33",,,,,,,,,,,,,,
"USW00093721","BALTIMORE WASHINGTON INTERNATIONAL AIRPORT, MD US","39.17329","-76.68408","42.0","2013-03-02","0.00","0.0","0.0",,"41","30",,,,,,,,,,,,"    1",,
"USW00093721","BALTIMORE WASHINGTON INTERNATIONAL AIRPORT, MD US","39.17329","-76.68408","42.0","2013-03-03","0.00","0.0","0.0",,"39","29",,,,,,,,,,,,"    1",,
"USW00093721","BALTIMORE WASHINGTON INTERNATIONAL AIRPORT, MD US","39.17329","-76.68408","42.0","2013-03-04","0.00","0.0","0.0",,"42","27",,,,,,,,,,,,,,
"USW00093721","BALTIMORE WASHINGTON INTERNATIONAL AIRPORT, MD US","39.17329","-76.68408","42.0","2013-03-05","0.00","0.0","0.0",,"48","27",,,,,,,,,,,,,,
"USW00093721","BALTIMORE WASHINGTON INTERNATIONAL AIRPORT, MD US","39.17329","-76.68408","42.0","2013-03-06","0.75","0.0","0.0",,"40","33","    1",,,,,,,,"    1",,"    1","    1",,
"USW00093721","BALTIMORE WASHINGTON INTERNATIONAL AIRPORT, MD US","39.17329","-76.68408","42.0","2013-03-07","0.00","0.0","0.0",,"49","35",,,,,,,,,,,,,,
"USW00093721","BALTIMORE WASHINGTON INTERNATIONAL AIRPORT, MD US","39.17329","-76.68408","42.0","2013-03-08","0.00","0.0","0.0",,"49","33",,,,,,,,,,,,,,
"USW00093721","BALTIMORE WASHINGTON INTERNATIONAL AIRPORT, MD US","39.17329","-76.68408","42.0","2013-03-09","0.00","0.0","0.0",,"62","35",,,,,,,,,,,,,,
"USW00093721","BALTIMORE WASHINGTON INTERNATIONAL AIRPORT, MD US","39.17329","-76.68408","42.0","2013-03-10","0.00","0.0","0.0",,"59","28",,,,,,,,,,,,,,
"USW00093721","BALTIMORE WASHINGTON INTERNATIONAL AIRPORT, MD US","39.17329","-76.68408","42.0","2013-03-11","0.01","0.0","0.0",,"57","43",,,,,,,,,,,"    1",,,
"USW00093721","BALTIMORE WASHINGTON INTERNATIONAL AIRPORT, MD US","39.17329","-76.68408","42.0","2013-03-12","0.63","0.0","0.0",,"58","40","    1",,,,,,,,"    1",,"    1",,,
"USW00093721","BALTIMORE WASHINGTON INTERNATIONAL AIRPORT, MD US","39.17329","-76.68408","42.0","2013-03-13","0.00","0.0","0.0",,"50","29",,,,,,,,,,,"    1",,,
"USW00093721","BALTIMORE WASHINGTON INTERNATIONAL AIRPORT, MD US","39.17329","-76.68408","42.0","2013-03-14","0.00","0.0","0.0",,"45","31",,,,,,,,,,,,,,
"USW00093721","BALTIMORE WASHINGTON INTERNATIONAL AIRPORT, MD US","39.17329","-76.68408","42.0","2013-03-15","0.00","0.0","0.0",,"55","25",,,,,,,,,,,,,,
"USW00093721","BALTIMORE WASHINGTON INTERNATIONAL AIRPORT, MD US","39.17329","-76.68408","42.0","2013-03-16","0.00","0.0","0.0",,"52","37",,,,,,,,,,,"    1",,,
"USW00093721","BALTIMORE WASHINGTON INTERNATIONAL AIRPORT, MD US","39.17329","-76.68408","42.0","2013-03-17","0.00","0.0","0.0",,"41","34",,,,,,,,,"    1",,,,,
"USW00093721","BALTIMORE WASHINGTON INTERNATIONAL AIRPORT, MD US","39.17329","-76.68408","42.0","2013-03-18","0.39","0.0","0.0",,"38","35","    1",,,,,,,,"    1","    1","    1",,,
"USW00093721","BALTIMORE WASHINGTON INTERNATIONAL AIRPORT, MD US","39.17329","-76.68408","42.0","2013-03-19","0.00","0.0","0.0",,"58","36","    1",,,,,,,,"    1","    1","    1",,,
"USW00093721","BALTIMORE WASHINGTON INTERNATIONAL AIRPORT, MD US","39.17329","-76.68408","42.0","2013-03-20","0.00","0.0","0.0",,"51","31",,,,,,,,,,,,,,
"USW00093721","BALTIMORE WASHINGTON INTERNATIONAL AIRPORT, MD US","39.17329","-76.68408","42.0","2013-03-21","0.00","0.0","0.0",,"40","28",,,,,,,,,,,,"    1",,
"USW00093721","BALTIMORE WASHINGTON INTERNATIONAL AIRPORT, MD US","39.17329","-76.68408","42.0","2013-03-22","0.00","0.0","0.0",,"46","27",,,,,,,,,,,,,,
"USW00093721","BALTIMORE WASHINGTON INTERNATIONAL AIRPORT, MD US","39.17329","-76.68408","42.0","2013-03-23","0.00","0.0","0.0",,"52","26",,,,,,,,,,,,,,
"USW00093721","BALTIMORE WASHINGTON INTERNATIONAL AIRPORT, MD US","39.17329","-76.68408","42.0","2013-03-24","0.00","0.0","0.0",,"42","28",,,,,,,,,,,,"    1",,
"USW00093721","BALTIMORE WASHINGTON INTERNATIONAL AIRPORT, MD US","39.17329","-76.68408","42.0","2013-03-25","0.82","3.2","2.0",,"36","32","    1","    1",,,,,,,,"    1",,"    1",,
"USW00093721","BALTIMORE WASHINGTON INTERNATIONAL AIRPORT, MD US","39.17329","-76.68408","42.0","2013-03-26","0.00","0.0","1.0",,"50","30","    1",,,,,,,,"    1",,"    1",,,
"USW00093721","BALTIMORE WASHINGTON INTERNATIONAL AIRPORT, MD US","39.17329","-76.68408","42.0","2013-03-27","0.00","0.0","0.0",,"50","37",,,,,,,,,,,"    1",,,
"USW00093721","BALTIMORE WASHINGTON INTERNATIONAL AIRPORT, MD US","39.17329","-76.68408","42.0","2013-03-28","0.00","0.0","0.0",,"50","35",,,,,,,,,,,"    1",,,
"USW00093721","BALTIMORE WASHINGTON INTERNATIONAL AIRPORT, MD US","39.17329","-76.68408","42.0","2013-03-29","0.00","0.0","0.0",,"56","40",,,,,,,,,,,,,,
"USW00093721","BALTIMORE WASHINGTON INTERNATIONAL AIRPORT, MD US","39.17329","-76.68408","42.0","2013-03-30","0.00","0.0","0.0",,"60","34",,,,,,,,,,,,,,
"USW00093721","BALTIMORE WASHINGTON INTERNATIONAL AIRPORT, MD US","39.17329","-76.68408","42.0","2013-03-31","0.04","0.0","0.0",,"54","36","    1",,,,,,,,"    1","    1","    1",,,
"USW00093721","BALTIMORE WASHINGTON INTERNATIONAL AIRPORT, MD US","39.17329","-76.68408","42.0","2013-04-01","0.00","0.0","0.0",,"65","37","    1",,,,,,,,,,,,,
"USW00093721","BALTIMORE WASHINGTON INTERNATIONAL AIRPORT, MD US","39.17329","-76.68408","42.0","2013-04-02","0.00","0.0","0.0",,"48","28",,,,,,,,,,,,,,
"USW00093721","BALTIMORE WASHINGTON INTERNATIONAL AIRPORT, MD US","39.17329","-76.68408","42.0","2013-04-03","0.00","0.0","0.0",,"50","27",,,,,,,,,,,,,,
"USW00093721","BALTIMORE WASHINGTON INTERNATIONAL AIRPORT, MD US","39.17329","-76.68408","42.0","2013-04-04","0.04","0.0","0.0",,"50","25",,,,"    1",,,,,,,,,,
"USW00093721","BALTIMORE WASHINGTON INTERNATIONAL AIRPORT, MD US","39.17329","-76.68408","42.0","2013-04-05","0.11","0.0","0.0",,"65","38",,,,,,,,,,,,,,
"USW00093721","BALTIMORE WASHINGTON INTERNATIONAL AIRPORT, MD US","39.17329","-76.68408","42.0","2013-04-06","0.00","0.0","0.0",,"54","37",,,,,,,,,,,,,,
"USW00093721","BALTIMORE WASHINGTON INTERNATIONAL AIRPORT, MD US","39.17329","-76.68408","42.0","2013-04-07","0.00","0.0","0.0",,"68","38",,,,,,,,,,,,,,
"USW00093721","BALTIMORE WASHINGTON INTERNATIONAL AIRPORT, MD US","39.17329","-76.68408","42.0","2013-04-08","0.00","0.0","0.0",,"78","50",,,,,,,,,,,,,,
"USW00093721","BALTIMORE WASHINGTON INTERNATIONAL AIRPORT, MD US","39.17329","-76.68408","42.0","2013-04-09","0.00","0.0","0.0",,"85","61",,,,,,,,,,,,,,
"USW00093721","BALTIMORE WASHINGTON INTERNATIONAL AIRPORT, MD US","39.17329","-76.68408","42.0","2013-04-10","0.00","0.0","0.0",,"91","64",,,,,,,,,,,,,,
"USW00093721","BALTIMORE WASHINGTON INTERNATIONAL AIRPORT, MD US","39.17329","-76.68408","42.0","2013-04-11","0.00","0.0","0.0",,"82","53","    1",,,,,,,,,,,,,
"USW00093721","BALTIMORE WASHINGTON INTERNATIONAL AIRPORT, MD US","39.17329","-76.68408","42.0","2013-04-12","0.67","0.0","0.0",,"62","50",,,,,,,,,,,,,,
"USW00093721","BALTIMORE WASHINGTON INTERNATIONAL AIRPORT, MD US","39.17329","-76.68408","42.0","2013-04-13","0.00","0.0","0.0",,"67","40","    1",,,,,,,,,,,,,
"USW00093721","BALTIMORE WASHINGTON INTERNATIONAL AIRPORT, MD US","39.17329","-76.68408","42.0","2013-04-14","0.00","0.0","0.0",,"67","40",,,,,,,,,,,,,,
"USW00093721","BALTIMORE WASHINGTON INTERNATIONAL AIRPORT, MD US","39.17329","-76.68408","42.0","2013-04-15","0.00","0.0","0.0",,"62","52","    1",,,,,,,,,,,,,
"USW00093721","BALTIMORE WASHINGTON INTERNATIONAL AIRPORT, MD US","39.17329","-76.68408","42.0","2013-04-16","0.00","0.0","0.0",,"74","51",,,,,,,,,,,,,,
"USW00093721","BALTIMORE WASHINGTON INTERNATIONAL AIRPORT, MD US","39.17329","-76.68408","42.0","2013-04-17","0.00","0.0","0.0",,"74","58",,,,,,,"    1",,,,,,,
"USW00093721","BALTIMORE WASHINGTON INTERNATIONAL AIRPORT, MD US","39.17329","-76.68408","42.0","2013-04-18","0.04","0.0","0.0",,"74","57","    1",,,,,,,,,,,,,
"USW00093721","BALTIMORE WASHINGTON INTERNATIONAL AIRPORT, MD US","39.17329","-76.68408","42.0","2013-04-19","0.79","0.0","0.0",,"78","52",,,,,,,,,,,,,,
"USW00093721","BALTIMORE WASHINGTON INTERNATIONAL AIRPORT, MD US","39.17329","-76.68408","42.0","2013-04-20","0.07","0.0","0.0",,"59","46","    1",,,,,,,,,,,,,
"USW00093721","BALTIMORE WASHINGTON INTERNATIONAL AIRPORT, MD US","39.17329","-76.68408","42.0","2013-04-21","0.00","0.0","0.0",,"54","39",,,,,,,,,,,,,,
"USW00093721","BALTIMORE WASHINGTON INTERNATIONAL AIRPORT, MD US","39.17329","-76.68408","42.0","2013-04-22","0.00","0.0","0.0",,"55","35",,,,,,,"    1",,,,,,,
"USW00093721","BALTIMORE WASHINGTON INTERNATIONAL AIRPORT, MD US","39.17329","-76.68408","42.0","2013-04-23","0.00","0.0","0.0",,"62","46",,,,,,,,,,,,,,
"USW00093721","BALTIMORE WASHINGTON INTERNATIONAL AIRPORT, MD US","39.17329","-76.68408","42.0","2013-04-24","0.00","0.0","0.0",,"73","41",,,,,,,,,,,,,,
"USW00093721","BALTIMORE WASHINGTON INTERNATIONAL AIRPORT, MD US","39.17329","-76.68408","42.0","2013-04-25","0.00","0.0","0.0",,"65","46",,,,,,,,,,,,,,
"USW00093721","BALTIMORE WASHINGTON INTERNATIONAL AIRPORT, MD US","39.17329","-76.68408","42.0","2013-04-26","0.00","0.0","0.0",,"66","41",,,,,,,,,,,,,,
"USW00093721","BALTIMORE WASHINGTON INTERNATIONAL AIRPORT, MD US","39.17329","-76.68408","42.0","2013-04-27","0.00","0.0","0.0",,"69","39",,,,,,,,,,,,,,
"USW00093721","BALTIMORE WASHINGTON INTERNATIONAL AIRPORT, MD US","39.17329","-76.68408","42.0","2013-04-28","0.00","0.0","0.0",,"68","41",,,,,,,,,,,,,,
"USW00093721","BALTIMORE WASHINGTON INTERNATIONAL AIRPORT, MD US","39.17329","-76.68408","42.0","2013-04-29","0.26","0.0","0.0",,"59","53","    1",,,,,,,,,,,,,
"USW00093721","BALTIMORE WASHINGTON INTERNATIONAL AIRPORT, MD US","39.17329","-76.68408","42.0","2013-04-30","0.22","0.0","0.0",,"61","49",,,,,,,,,,,,,,
"USW00093721","BALTIMORE WASHINGTON INTERNATIONAL AIRPORT, MD US","39.17329","-76.68408","42.0","2013-05-01","0.00","0.0","0.0",,"68","47",,,,,,,,,,,,,,
"USW00093721","BALTIMORE WASHINGTON INTERNATIONAL AIRPORT, MD US","39.17329","-76.68408","42.0","2013-05-02","0.00","0.0","0.0",,"67","43",,,,,,,,,,,,,,
"USW00093721","BALTIMORE WASHINGTON INTERNATIONAL AIRPORT, MD US","39.17329","-76.68408","42.0","2013-05-03","0.00","0.0","0.0",,"65","44",,,,,,,,,,,,,,
"USW00093721","BALTIMORE WASHINGTON INTERNATIONAL AIRPORT, MD US","39.17329","-76.68408","42.0","2013-05-04","0.00","0.0","0.0",,"67","46",,,,,,,,,,,,,,
"USW00093721","BALTIMORE WASHINGTON INTERNATIONAL AIRPORT, MD US","39.17329","-76.68408","42.0","2013-05-05","0.00","0.0","0.0",,"62","45",,,,,,,,,,,,,,
"USW00093721","BALTIMORE WASHINGTON INTERNATIONAL AIRPORT, MD US","39.17329","-76.68408","42.0","2013-05-06","0.03","0.0","0.0",,"62","47",,,,,,,,,,,,,,
"USW00093721","BALTIMORE WASHINGTON INTERNATIONAL AIRPORT, MD US","39.17329","-76.68408","42.0","2013-05-07","0.80","0.0","0.0",,"64","57","    1",,,,,,,,,,,,,
"USW00093721","BALTIMORE WASHINGTON INTERNATIONAL AIRPORT, MD US","39.17329","-76.68408","42.0","2013-05-08","0.17","0.0","0.0",,"71","55",,,,,,,,,,,,,,
"USW00093721","BALTIMORE WASHINGTON INTERNATIONAL AIRPORT, MD US","39.17329","-76.68408","42.0","2013-05-09","0.00","0.0","0.0",,"75","51",,,,,,,,,,,,,,
"USW00093721","BALTIMORE WASHINGTON INTERNATIONAL AIRPORT, MD US","39.17329","-76.68408","42.0","2013-05-10","0.62","0.0","0.0",,"83","52",,,,,,,,,,,,,,
"USW00093721","BALTIMORE WASHINGTON INTERNATIONAL AIRPORT, MD US","39.17329","-76.68408","42.0","2013-05-11","0.61","0.0","0.0",,"78","63",,,,,,,,,,,,,,
"USW00093721","BALTIMORE WASHINGTON INTERNATIONAL AIRPORT, MD US","39.17329","-76.68408","42.0","2013-05-12","0.00","0.0","0.0",,"64","45",,,,,,,,,,,,,,
"USW00093721","BALTIMORE WASHINGTON INTERNATIONAL AIRPORT, MD US","39.17329","-76.68408","42.0","2013-05-13","0.00","0.0","0.0",,"60","38",,,,,,,,,,,,,,
"USW00093721","BALTIMORE WASHINGTON INTERNATIONAL AIRPORT, MD US","39.17329","-76.68408","42.0","2013-05-14","0.00","0.0","0.0",,"63","34",,,,,,,,,,,,,,
"USW00093721","BALTIMORE WASHINGTON INTERNATIONAL AIRPORT, MD US","39.17329","-76.68408","42.0","2013-05-15","0.00","0.0","0.0",,"79","54",,,"    1",,,,,,,,,,,
"USW00093721","BALTIMORE WASHINGTON INTERNATIONAL AIRPORT, MD US","39.17329","-76.68408","42.0","2013-05-16","0.00","0.0","0.0",,"81","67",,,,,,,,,,,,,,
"USW00093721","BALTIMORE WASHINGTON INTERNATIONAL AIRPORT, MD US","39.17329","-76.68408","42.0","2013-05-17","0.00","0.0","0.0",,"82","55",,,,,,,,,,,,,,
"USW00093721","BALTIMORE WASHINGTON INTERNATIONAL AIRPORT, MD US","39.17329","-76.68408","42.0","2013-05-18","0.02","0.0","0.0",,"67","59",,,,,,,,,,,,,,
"USW00093721","BALTIMORE WASHINGTON INTERNATIONAL AIRPORT, MD US","39.17329","-76.68408","42.0","2013-05-19","0.00","0.0","0.0",,"70","59",,,,,,,,,,,,,,
"USW00093721","BALTIMORE WASHINGTON INTERNATIONAL AIRPORT, MD US","39.17329","-76.68408","42.0","2013-05-20","0.00","0.0","0.0",,"80","62","    1",,,,,,,,,,,,,
"USW00093721","BALTIMORE WASHINGTON INTERNATIONAL AIRPORT, MD US","39.17329","-76.68408","42.0","2013-05-21","0.00","0.0","0.0",,"83","66","    1",,,,,,,,,,,,,
"USW00093721","BALTIMORE WASHINGTON INTERNATIONAL AIRPORT, MD US","39.17329","-76.68408","42.0","2013-05-22","0.01","0.0","0.0",,"87","69",,,,,,,,,,,,,,
"USW00093721","BALTIMORE WASHINGTON INTERNATIONAL AIRPORT, MD US","39.17329","-76.68408","42.0","2013-05-23","0.99","0.0","0.0",,"80","65",,,,,,,,,,,,,,
"USW00093721","BALTIMORE WASHINGTON INTERNATIONAL AIRPORT, MD US","39.17329","-76.68408","42.0","2013-05-24","0.03","0.0","0.0",,"65","49",,,,,,,,,,,,,,
"USW00093721","BALTIMORE WASHINGTON INTERNATIONAL AIRPORT, MD US","39.17329","-76.68408","42.0","2013-05-25","0.00","0.0","0.0",,"66","44",,,,,,,,,,,,,,
"USW00093721","BALTIMORE WASHINGTON INTERNATIONAL AIRPORT, MD US","39.17329","-76.68408","42.0","2013-05-26","0.00","0.0","0.0",,"72","47",,,,,,,,,,,,,,
"USW00093721","BALTIMORE WASHINGTON INTERNATIONAL AIRPORT, MD US","39.17329","-76.68408","42.0","2013-05-27","0.00","0.0","0.0",,"73","46",,,,,,,,,,,,,,
"USW00093721","BALTIMORE WASHINGTON INTERNATIONAL AIRPORT, MD US","39.17329","-76.68408","42.0","2013-05-28","0.15","0.0","0.0",,"77","58",,,,,,,,,,,,,,
"USW00093721","BALTIMORE WASHINGTON INTERNATIONAL AIRPORT, MD US","39.17329","-76.68408","42.0","2013-05-29","0.00","0.0","0.0",,"89","65","    1",,,,,,,,,,,,,
"USW00093721","BALTIMORE WASHINGTON INTERNATIONAL AIRPORT, MD US","39.17329","-76.68408","42.0","2013-05-30","0.00","0.0","0.0",,"92","69",,,,,,,,,,,,,,
"USW00093721","BALTIMORE WASHINGTON INTERNATIONAL AIRPORT, MD US","39.17329","-76.68408","42.0","2013-05-31","0.00","0.0","0.0",,"90","66",,,,,,,,,,,,,,
"USW00093721","BALTIMORE WASHINGTON INTERNATIONAL AIRPORT, MD US","39.17329","-76.68408","42.0","2013-06-01","0.00","0.0","0.0",,"91","69",,,,,,,,,,,,,,
"USW00093721","BALTIMORE WASHINGTON INTERNATIONAL AIRPORT, MD US","39.17329","-76.68408","42.0","2013-06-02","0.24","0.0","0.0",,"85","69",,,,,,,,,,,,,,
"USW00093721","BALTIMORE WASHINGTON INTERNATIONAL AIRPORT, MD US","39.17329","-76.68408","42.0","2013-06-03","0.44","0.0","0.0",,"81","66",,,,,,,,,,,,,,
"USW00093721","BALTIMORE WASHINGTON INTERNATIONAL AIRPORT, MD US","39.17329","-76.68408","42.0","2013-06-04","0.00","0.0","0.0",,"76","58",,,,,,,,,,,,,,
"USW00093721","BALTIMORE WASHINGTON INTERNATIONAL AIRPORT, MD US","39.17329","-76.68408","42.0","2013-06-05","0.00","0.0","0.0",,"78","53",,,,,,,,,,,,,,
"USW00093721","BALTIMORE WASHINGTON INTERNATIONAL AIRPORT, MD US","39.17329","-76.68408","42.0","2013-06-06","0.18","0.0","0.0",,"73","60","    1",,,,,,,,,,,,,
"USW00093721","BALTIMORE WASHINGTON INTERNATIONAL AIRPORT, MD US","39.17329","-76.68408","42.0","2013-06-07","2.25","0.0","0.0",,"71","66","    1",,,,,,,,,,,,,
"USW00093721","BALTIMORE WASHINGTON INTERNATIONAL AIRPORT, MD US","39.17329","-76.68408","42.0","2013-06-08","0.00","0.0","0.0",,"81","64",,,,,,,,,,,,,,
"USW00093721","BALTIMORE WASHINGTON INTERNATIONAL AIRPORT, MD US","39.17329","-76.68408","42.0","2013-06-09","0.00","0.0","0.0",,"80","63",,,,,,,,,,,,,,
"USW00093721","BALTIMORE WASHINGTON INTERNATIONAL AIRPORT, MD US","39.17329","-76.68408","42.0","2013-06-10","1.80","0.0","0.0",,"79","69",,,,,,,,,,,,,,
"USW00093721","BALTIMORE WASHINGTON INTERNATIONAL AIRPORT, MD US","39.17329","-76.68408","42.0","2013-06-11","0.00","0.0","0.0",,"83","67",,,,,,,,,,,,,,
"USW00093721","BALTIMORE WASHINGTON INTERNATIONAL AIRPORT, MD US","39.17329","-76.68408","42.0","2013-06-12","0.00","0.0","0.0",,"88","66",,,,,,,,,,,,,,
"USW00093721","BALTIMORE WASHINGTON INTERNATIONAL AIRPORT, MD US","39.17329","-76.68408","42.0","2013-06-13","1.30","0.0","0.0",,"86","69",,,,,,,,,,,,,,
"USW00093721","BALTIMORE WASHINGTON INTERNATIONAL AIRPORT, MD US","39.17329","-76.68408","42.0","2013-06-14","0.04","0.0","0.0",,"79","60","    1",,,,,,,,,,,,,
"USW00093721","BALTIMORE WASHINGTON INTERNATIONAL AIRPORT, MD US","39.17329","-76.68408","42.0","2013-06-15","0.00","0.0","0.0",,"83","58",,,,,,,,,,,,,,
"USW00093721","BALTIMORE WASHINGTON INTERNATIONAL AIRPORT, MD US","39.17329","-76.68408","42.0","2013-06-16","0.01","0.0","0.0",,"85","62",,,,,,,,,,,,,,
"USW00093721","BALTIMORE WASHINGTON INTERNATIONAL AIRPORT, MD US","39.17329","-76.68408","42.0","2013-06-17","0.00","0.0","0.0",,"88","69",,,,,,,,,,,,,,
"USW00093721","BALTIMORE WASHINGTON INTERNATIONAL AIRPORT, MD US","39.17329","-76.68408","42.0","2013-06-18","0.35","0.0","0.0",,"78","63","    1",,,,,,,,,,,,,
"USW00093721","BALTIMORE WASHINGTON INTERNATIONAL AIRPORT, MD US","39.17329","-76.68408","42.0","2013-06-19","0.00","0.0","0.0",,"78","61","    1",,,,,,,,,,,,,
"USW00093721","BALTIMORE WASHINGTON INTERNATIONAL AIRPORT, MD US","39.17329","-76.68408","42.0","2013-06-20","0.00","0.0","0.0",,"80","58",,,,,,,,,,,,,,
"USW00093721","BALTIMORE WASHINGTON INTERNATIONAL AIRPORT, MD US","39.17329","-76.68408","42.0","2013-06-21","0.00","0.0","0.0",,"82","56",,,,,,,,,,,,,,
"USW00093721","BALTIMORE WASHINGTON INTERNATIONAL AIRPORT, MD US","39.17329","-76.68408","42.0","2013-06-22","0.00","0.0","0.0",,"86","61","    1",,,,,,,,,,,,,
"USW00093721","BALTIMORE WASHINGTON INTERNATIONAL AIRPORT, MD US","39.17329","-76.68408","42.0","2013-06-23","0.04","0.0","0.0",,"83","66",,,,,,,,,,,,,,
"USW00093721","BALTIMORE WASHINGTON INTERNATIONAL AIRPORT, MD US","39.17329","-76.68408","42.0","2013-06-24","0.02","0.0","0.0",,"92","70",,,,,,,,,,,,,,
"USW00093721","BALTIMORE WASHINGTON INTERNATIONAL AIRPORT, MD US","39.17329","-76.68408","42.0","2013-06-25","0.06","0.0","0.0",,"93","68",,,,,,,,,,,,,,
"USW00093721","BALTIMORE WASHINGTON INTERNATIONAL AIRPORT, MD US","39.17329","-76.68408","42.0","2013-06-26","0.34","0.0","0.0",,"92","68",,,,,,,,,,,,,,
"USW00093721","BALTIMORE WASHINGTON INTERNATIONAL AIRPORT, MD US","39.17329","-76.68408","42.0","2013-06-27","0.66","0.0","0.0",,"85","69",,,,,,,,,,,,,,
"USW00093721","BALTIMORE WASHINGTON INTERNATIONAL AIRPORT, MD US","39.17329","-76.68408","42.0","2013-06-28","0.02","0.0","0.0",,"87","71",,,,,,,,,,,,,,
"USW00093721","BALTIMORE WASHINGTON INTERNATIONAL AIRPORT, MD US","39.17329","-76.68408","42.0","2013-06-29","0.00","0.0","0.0",,"87","68","    1",,,,,,,,,,,,,
"USW00093721","BALTIMORE WASHINGTON INTERNATIONAL AIRPORT, MD US","39.17329","-76.68408","42.0","2013-06-30","0.06","0.0","0.0",,"86","73",,,,,,,,,,,,,,
"USW00093721","BALTIMORE WASHINGTON INTERNATIONAL AIRPORT, MD US","39.17329","-76.68408","42.0","2013-07-01","0.26","0.0","0.0",,"83","73",,,,,,,,,,,,,,
"USW00093721","BALTIMORE WASHINGTON INTERNATIONAL AIRPORT, MD US","39.17329","-76.68408","42.0","2013-07-02","0.05","0.0","0.0",,"83","72","    1",,,,,,,,,,,,,
"USW00093721","BALTIMORE WASHINGTON INTERNATIONAL AIRPORT, MD US","39.17329","-76.68408","42.0","2013-07-03","0.59","0.0","0.0",,"86","72",,,,,,,,,,,,,,
"USW00093721","BALTIMORE WASHINGTON INTERNATIONAL AIRPORT, MD US","39.17329","-76.68408","42.0","2013-07-04","0.00","0.0","0.0",,"88","73",,,,,,,,,,,,,,
"USW00093721","BALTIMORE WASHINGTON INTERNATIONAL AIRPORT, MD US","39.17329","-76.68408","42.0","2013-07-05","0.00","0.0","0.0",,"89","74",,,,,,,,,,,,,,
"USW00093721","BALTIMORE WASHINGTON INTERNATIONAL AIRPORT, MD US","39.17329","-76.68408","42.0","2013-07-06","0.00","0.0","0.0",,"93","74",,,,,,,,,,,,,,
"USW00093721","BALTIMORE WASHINGTON INTERNATIONAL AIRPORT, MD US","39.17329","-76.68408","42.0","2013-07-07","0.11","0.0","0.0",,"91","71","    1",,,,,,,,,,,,,
"USW00093721","BALTIMORE WASHINGTON INTERNATIONAL AIRPORT, MD US","39.17329","-76.68408","42.0","2013-07-08","0.01","0.0","0.0",,"86","70",,,,,,,,,,,,,,
"USW00093721","BALTIMORE WASHINGTON INTERNATIONAL AIRPORT, MD US","39.17329","-76.68408","42.0","2013-07-09","0.00","0.0","0.0",,"83","73",,,,,,,"    1",,,,,,,
"USW00093721","BALTIMORE WASHINGTON INTERNATIONAL AIRPORT, MD US","39.17329","-76.68408","42.0","2013-07-10","0.00","0.0","0.0",,"88","74",,,,,,,,,,,,,,
"USW00093721","BALTIMORE WASHINGTON INTERNATIONAL AIRPORT, MD US","39.17329","-76.68408","42.0","2013-07-11","0.22","0.0","0.0",,"87","72","    1",,,,,,,,,,,,,
"USW00093721","BALTIMORE WASHINGTON INTERNATIONAL AIRPORT, MD US","39.17329","-76.68408","42.0","2013-07-12","0.66","0.0","0.0",,"76","67",,,,,,,,,,,,,,
"USW00093721","BALTIMORE WASHINGTON INTERNATIONAL AIRPORT, MD US","39.17329","-76.68408","42.0","2013-07-13","0.31","0.0","0.0",,"84","69",,,,,,,,,,,,,,
"USW00093721","BALTIMORE WASHINGTON INTERNATIONAL AIRPORT, MD US","39.17329","-76.68408","42.0","2013-07-14","0.00","0.0","0.0",,"88","71","    1",,,,,,,,,,,,,
"USW00093721","BALTIMORE WASHINGTON INTERNATIONAL AIRPORT, MD US","39.17329","-76.68408","42.0","2013-07-15","0.00","0.0","0.0",,"95","72",,,,,,,,,,,,,,
"USW00093721","BALTIMORE WASHINGTON INTERNATIONAL AIRPORT, MD US","39.17329","-76.68408","42.0","2013-07-16","0.00","0.0","0.0",,"95","75",,,,,,,"    1",,,,,,,
"USW00093721","BALTIMORE WASHINGTON INTERNATIONAL AIRPORT, MD US","39.17329","-76.68408","42.0","2013-07-17","0.00","0.0","0.0",,"96","74",,,,,,,"    1",,,,,,,
"USW00093721","BALTIMORE WASHINGTON INTERNATIONAL AIRPORT, MD US","39.17329","-76.68408","42.0","2013-07-18","0.00","0.0","0.0",,"97","75",,,,,,,,,,,,,,
"USW00093721","BALTIMORE WASHINGTON INTERNATIONAL AIRPORT, MD US","39.17329","-76.68408","42.0","2013-07-19","0.38","0.0","0.0",,"96","74",,,,,,,,,,,,,,
"USW00093721","BALTIMORE WASHINGTON INTERNATIONAL AIRPORT, MD US","39.17329","-76.68408","42.0","2013-07-20","0.00","0.0","0.0",,"93","74",,,"    1",,,,,,,,,,,
"USW00093721","BALTIMORE WASHINGTON INTERNATIONAL AIRPORT, MD US","39.17329","-76.68408","42.0","2013-07-21","0.00","0.0","0.0",,"92","73",,,,,,,"    1",,,,,,,
"USW00093721","BALTIMORE WASHINGTON INTERNATIONAL AIRPORT, MD US","39.17329","-76.68408","42.0","2013-07-22","0.07","0.0","0.0",,"88","73",,,,,,,,,,,,,,
"USW00093721","BALTIMORE WASHINGTON INTERNATIONAL AIRPORT, MD US","39.17329","-76.68408","42.0","2013-07-23","0.06","0.0","0.0",,"87","72","    1",,,,,,,,,,,,,
"USW00093721","BALTIMORE WASHINGTON INTERNATIONAL AIRPORT, MD US","39.17329","-76.68408","42.0","2013-07-24","0.00","0.0","0.0",,"85","70",,,,,,,,,,,,,,
"USW00093721","BALTIMORE WASHINGTON INTERNATIONAL AIRPORT, MD US","39.17329","-76.68408","42.0","2013-07-25","0.00","0.0","0.0",,"79","62",,,,,,,,,,,,,,
"USW00093721","BALTIMORE WASHINGTON INTERNATIONAL AIRPORT, MD US","39.17329","-76.68408","42.0","2013-07-26","0.00","0.0","0.0",,"85","64",,,,,,,,,,,,,,
"USW00093721","BALTIMORE WASHINGTON INTERNATIONAL AIRPORT, MD US","39.17329","-76.68408","42.0","2013-07-27","0.05","0.0","0.0",,"85","66","    1",,,,,,,,,,,,,
"USW00093721","BALTIMORE WASHINGTON INTERNATIONAL AIRPORT, MD US","39.17329","-76.68408","42.0","2013-07-28","0.00","0.0","0.0",,"87","70",,,,,,,,,,,,,,
"USW00093721","BALTIMORE WASHINGTON INTERNATIONAL AIRPORT, MD US","39.17329","-76.68408","42.0","2013-07-29","0.00","0.0","0.0",,"84","64",,,,,,,"    1",,,,,,,
"USW00093721","BALTIMORE WASHINGTON INTERNATIONAL AIRPORT, MD US","39.17329","-76.68408","42.0","2013-07-30","0.00","0.0","0.0",,"84","59",,,,,,,,,,,,,,
"USW00093721","BALTIMORE WASHINGTON INTERNATIONAL AIRPORT, MD US","39.17329","-76.68408","42.0","2013-07-31","0.00","0.0","0.0",,"82","63",,,,,,,,,,,,,,
"USW00093721","BALTIMORE WASHINGTON INTERNATIONAL AIRPORT, MD US","39.17329","-76.68408","42.0","2013-08-01","0.38","0.0","0.0",,"81","67","    1",,,,,,,,,,,,,
"USW00093721","BALTIMORE WASHINGTON INTERNATIONAL AIRPORT, MD US","39.17329","-76.68408","42.0","2013-08-02","0.00","0.0","0.0",,"87","65",,,,,,,,,,,,,,
"USW00093721","BALTIMORE WASHINGTON INTERNATIONAL AIRPORT, MD US","39.17329","-76.68408","42.0","2013-08-03","0.03","0.0","0.0",,"78","66",,,,,,,,,,,,,,
"USW00093721","BALTIMORE WASHINGTON INTERNATIONAL AIRPORT, MD US","39.17329","-76.68408","42.0","2013-08-04","0.00","0.0","0.0",,"83","62",,,,,,,,,,,,,,
"USW00093721","BALTIMORE WASHINGTON INTERNATIONAL AIRPORT, MD US","39.17329","-76.68408","42.0","2013-08-05","0.00","0.0","0.0",,"80","56",,,,,,,,,,,,,,
"USW00093721","BALTIMORE WASHINGTON INTERNATIONAL AIRPORT, MD US","39.17329","-76.68408","42.0","2013-08-06","0.13","0.0","0.0",,"72","65","    1",,,,,,,,,,,,,
"USW00093721","BALTIMORE WASHINGTON INTERNATIONAL AIRPORT, MD US","39.17329","-76.68408","42.0","2013-08-07","0.10","0.0","0.0",,"81","68",,,,,,,,,,,,,,
"USW00093721","BALTIMORE WASHINGTON INTERNATIONAL AIRPORT, MD US","39.17329","-76.68408","42.0","2013-08-08","0.08","0.0","0.0",,"86","71",,,,,,,,,,,,,,
"USW00093721","BALTIMORE WASHINGTON INTERNATIONAL AIRPORT, MD US","39.17329","-76.68408","42.0","2013-08-09","0.01","0.0","0.0",,"90","75",,,"    1",,,,,,,,,,,
"USW00093721","BALTIMORE WASHINGTON INTERNATIONAL AIRPORT, MD US","39.17329","-76.68408","42.0","2013-08-10","0.01","0.0","0.0",,"85","69",,,,,,,,,,,,,,
"USW00093721","BALTIMORE WASHINGTON INTERNATIONAL AIRPORT, MD US","39.17329","-76.68408","42.0","2013-08-11","0.00","0.0","0.0",,"85","68",,,,,,,,,,,,,,
"USW00093721","BALTIMORE WASHINGTON INTERNATIONAL AIRPORT, MD US","39.17329","-76.68408","42.0","2013-08-12","0.00","0.0","0.0",,"90","69",,,,,,,"    1",,,,,,,
"USW00093721","BALTIMORE WASHINGTON INTERNATIONAL AIRPORT, MD US","39.17329","-76.68408","42.0","2013-08-13","0.33","0.0","0.0",,"86","72",,,,,,,,,,,,,,
"USW00093721","BALTIMORE WASHINGTON INTERNATIONAL AIRPORT, MD US","39.17329","-76.68408","42.0","2013-08-14","0.00","0.0","0.0",,"76","60",,,,,,,,,,,,,,
"USW00093721","BALTIMORE WASHINGTON INTERNATIONAL AIRPORT, MD US","39.17329","-76.68408","42.0","2013-08-15","0.00","0.0","0.0",,"79","53",,,,,,,,,,,,,,
"USW00093721","BALTIMORE WASHINGTON INTERNATIONAL AIRPORT, MD US","39.17329","-76.68408","42.0","2013-08-16","0.00","0.0","0.0",,"78","53",,,,,,,"    1",,,,,,,
"USW00093721","BALTIMORE WASHINGTON INTERNATIONAL AIRPORT, MD US","39.17329","-76.68408","42.0","2013-08-17","0.00","0.0","0.0",,"80","55",,,,,,,,,,,,,,
"USW00093721","BALTIMORE WASHINGTON INTERNATIONAL AIRPORT, MD US","39.17329","-76.68408","42.0","2013-08-18","0.02","0.0","0.0",,"73","65",,,,,,,,,,,,,,
"USW00093721","BALTIMORE WASHINGTON INTERNATIONAL AIRPORT, MD US","39.17329","-76.68408","42.0","2013-08-19","0.00","0.0","0.0",,"77","61",,,,,,,,,,,,,,
"USW00093721","BALTIMORE WASHINGTON INTERNATIONAL AIRPORT, MD US","39.17329","-76.68408","42.0","2013-08-20","0.00","0.0","0.0",,"90","62","    1",,,,,,,,,,,,,
"USW00093721","BALTIMORE WASHINGTON INTERNATIONAL AIRPORT, MD US","39.17329","-76.68408","42.0","2013-08-21","0.01","0.0","0.0",,"89","69",,,,,,,,,,,,,,
"USW00093721","BALTIMORE WASHINGTON INTERNATIONAL AIRPORT, MD US","39.17329","-76.68408","42.0","2013-08-22","0.00","0.0","0.0",,"91","71",,,,,,,,,,,,,,
"USW00093721","BALTIMORE WASHINGTON INTERNATIONAL AIRPORT, MD US","39.17329","-76.68408","42.0","2013-08-23","0.02","0.0","0.0",,"80","60",,,,,,,,,,,,,,
"USW00093721","BALTIMORE WASHINGTON INTERNATIONAL AIRPORT, MD US","39.17329","-76.68408","42.0","2013-08-24","0.00","0.0","0.0",,"83","59",,,,,,,,,,,,,,
"USW00093721","BALTIMORE WASHINGTON INTERNATIONAL AIRPORT, MD US","39.17329","-76.68408","42.0","2013-08-25","0.00","0.0","0.0",,"81","57",,,,,,,,,,,,,,
"USW00093721","BALTIMORE WASHINGTON INTERNATIONAL AIRPORT, MD US","39.17329","-76.68408","42.0","2013-08-26","0.00","0.0","0.0",,"89","61",,,,,,,,,,,,,,
"USW00093721","BALTIMORE WASHINGTON INTERNATIONAL AIRPORT, MD US","39.17329","-76.68408","42.0","2013-08-27","0.00","0.0","0.0",,"92","73",,,,,,,"    1",,,,,,,
"USW00093721","BALTIMORE WASHINGTON INTERNATIONAL AIRPORT, MD US","39.17329","-76.68408","42.0","2013-08-28","0.01","0.0","0.0",,"84","71",,,,,,,"    1",,,,,,,
"USW00093721","BALTIMORE WASHINGTON INTERNATIONAL AIRPORT, MD US","39.17329","-76.68408","42.0","2013-08-29","0.00","0.0","0.0",,"86","70",,,,,,,,,,,,,,
"USW00093721","BALTIMORE WASHINGTON INTERNATIONAL AIRPORT, MD US","39.17329","-76.68408","42.0","2013-08-30","0.00","0.0","0.0",,"88","68",,,,,,,,,,,,,,
"USW00093721","BALTIMORE WASHINGTON INTERNATIONAL AIRPORT, MD US","39.17329","-76.68408","42.0","2013-08-31","0.00","0.0","0.0",,"91","70",,,,,,,,,,,,,,
"USW00093721","BALTIMORE WASHINGTON INTERNATIONAL AIRPORT, MD US","39.17329","-76.68408","42.0","2013-09-01","0.00","0.0","0.0",,"91","70",,,,,,,,,,,,,,
"USW00093721","BALTIMORE WASHINGTON INTERNATIONAL AIRPORT, MD US","39.17329","-76.68408","42.0","2013-09-02","0.01","0.0","0.0",,"92","71",,,,,,,,,,,,,,
"USW00093721","BALTIMORE WASHINGTON INTERNATIONAL AIRPORT, MD US","39.17329","-76.68408","42.0","2013-09-03","0.00","0.0","0.0",,"86","65",,,,,,,,,,,,,,
"USW00093721","BALTIMORE WASHINGTON INTERNATIONAL AIRPORT, MD US","39.17329","-76.68408","42.0","2013-09-04","0.00","0.0","0.0",,"85","57",,,,,,,"    1",,,,,,,
"USW00093721","BALTIMORE WASHINGTON INTERNATIONAL AIRPORT, MD US","39.17329","-76.68408","42.0","2013-09-05","0.00","0.0","0.0",,"85","62",,,,,,,,,,,,,,
"USW00093721","BALTIMORE WASHINGTON INTERNATIONAL AIRPORT, MD US","39.17329","-76.68408","42.0","2013-09-06","0.00","0.0","0.0",,"78","55",,,,,,,,,,,,,,
"USW00093721","BALTIMORE WASHINGTON INTERNATIONAL AIRPORT, MD US","39.17329","-76.68408","42.0","2013-09-07","0.00","0.0","0.0",,"82","51",,,,,,,,,,,,,,
"USW00093721","BALTIMORE WASHINGTON INTERNATIONAL AIRPORT, MD US","39.17329","-76.68408","42.0","2013-09-08","0.01","0.0","0.0",,"89","65","    1",,,,,,,,,,,,,
"USW00093721","BALTIMORE WASHINGTON INTERNATIONAL AIRPORT, MD US","39.17329","-76.68408","42.0","2013-09-09","0.00","0.0","0.0",,"78","61",,,,,,,,,,,,,,
"USW00093721","BALTIMORE WASHINGTON INTERNATIONAL AIRPORT, MD US","39.17329","-76.68408","42.0","2013-09-10","0.00","0.0","0.0",,"93","70","    1",,,,,,,,,,,,,
"USW00093721","BALTIMORE WASHINGTON INTERNATIONAL AIRPORT, MD US","39.17329","-76.68408","42.0","2013-09-11","0.00","0.0","0.0",,"95","73",,,,,,,,,,,,,,
"USW00093721","BALTIMORE WASHINGTON INTERNATIONAL AIRPORT, MD US","39.17329","-76.68408","42.0","2013-09-12","0.65","0.0","0.0",,"89","70",,,,,,,,,,,,,,
"USW00093721","BALTIMORE WASHINGTON INTERNATIONAL AIRPORT, MD US","39.17329","-76.68408","42.0","2013-09-13","0.00","0.0","0.0",,"80","61",,,,,,,,,,,,,,
"USW00093721","BALTIMORE WASHINGTON INTERNATIONAL AIRPORT, MD US","39.17329","-76.68408","42.0","2013-09-14","0.00","0.0","0.0",,"70","51",,,,,,,,,,,,,,
"USW00093721","BALTIMORE WASHINGTON INTERNATIONAL AIRPORT, MD US","39.17329","-76.68408","42.0","2013-09-15","0.00","0.0","0.0",,"76","47",,,,,,,,,,,,,,
"USW00093721","BALTIMORE WASHINGTON INTERNATIONAL AIRPORT, MD US","39.17329","-76.68408","42.0","2013-09-16","0.03","0.0","0.0",,"75","58",,,,,,,,,,,,,,
"USW00093721","BALTIMORE WASHINGTON INTERNATIONAL AIRPORT, MD US","39.17329","-76.68408","42.0","2013-09-17","0.00","0.0","0.0",,"68","47",,,,,,,,,,,,,,
"USW00093721","BALTIMORE WASHINGTON INTERNATIONAL AIRPORT, MD US","39.17329","-76.68408","42.0","2013-09-18","0.00","0.0","0.0",,"71","44",,,,,,,,,,,,,,
"USW00093721","BALTIMORE WASHINGTON INTERNATIONAL AIRPORT, MD US","39.17329","-76.68408","42.0","2013-09-19","0.00","0.0","0.0",,"77","47",,,,,,,,,,,,,,
"USW00093721","BALTIMORE WASHINGTON INTERNATIONAL AIRPORT, MD US","39.17329","-76.68408","42.0","2013-09-20","0.00","0.0","0.0",,"78","52","    1",,,,,,,,,,,,,
"USW00093721","BALTIMORE WASHINGTON INTERNATIONAL AIRPORT, MD US","39.17329","-76.68408","42.0","2013-09-21","0.95","0.0","0.0",,"79","58","    1",,,,,,,,,,,,,
"USW00093721","BALTIMORE WASHINGTON INTERNATIONAL AIRPORT, MD US","39.17329","-76.68408","42.0","2013-09-22","0.00","0.0","0.0",,"73","53",,,,,,,,,,,,,,
"USW00093721","BALTIMORE WASHINGTON INTERNATIONAL AIRPORT, MD US","39.17329","-76.68408","42.0","2013-09-23","0.00","0.0","0.0",,"67","47",,,,,,,,,,,,,,
"USW00093721","BALTIMORE WASHINGTON INTERNATIONAL AIRPORT, MD US","39.17329","-76.68408","42.0","2013-09-24","0.00","0.0","0.0",,"74","43",,,,,,,,,,,,,,
"USW00093721","BALTIMORE WASHINGTON INTERNATIONAL AIRPORT, MD US","39.17329","-76.68408","42.0","2013-09-25","0.00","0.0","0.0",,"78","46",,,,,,,,,,,,,,
"USW00093721","BALTIMORE WASHINGTON INTERNATIONAL AIRPORT, MD US","39.17329","-76.68408","42.0","2013-09-26","0.00","0.0","0.0",,"74","53",,,,,,,,,,,,,,
"USW00093721","BALTIMORE WASHINGTON INTERNATIONAL AIRPORT, MD US","39.17329","-76.68408","42.0","2013-09-27","0.00","0.0","0.0",,"73","55",,,,,,,,,,,,,,
"USW00093721","BALTIMORE WASHINGTON INTERNATIONAL AIRPORT, MD US","39.17329","-76.68408","42.0","2013-09-28","0.00","0.0","0.0",,"72","55",,,,,,,,,,,,,,
"USW00093721","BALTIMORE WASHINGTON INTERNATIONAL AIRPORT, MD US","39.17329","-76.68408","42.0","2013-09-29","0.00","0.0","0.0",,"73","49",,,,,,,,,,,,,,
"USW00093721","BALTIMORE WASHINGTON INTERNATIONAL AIRPORT, MD US","39.17329","-76.68408","42.0","2013-09-30","0.00","0.0","0.0",,"76","49",,,,,,,,,,,,,,
"USW00093721","BALTIMORE WASHINGTON INTERNATIONAL AIRPORT, MD US","39.17329","-76.68408","42.0","2013-10-01","0.00","0.0","0.0",,"83","51",,,,,,,,,,,,,,
"USW00093721","BALTIMORE WASHINGTON INTERNATIONAL AIRPORT, MD US","39.17329","-76.68408","42.0","2013-10-02","0.00","0.0","0.0",,"86","60",,,,,,,"    1",,,,,,,
"USW00093721","BALTIMORE WASHINGTON INTERNATIONAL AIRPORT, MD US","39.17329","-76.68408","42.0","2013-10-03","0.00","0.0","0.0",,"83","60",,,,,,,,,,,,,,
"USW00093721","BALTIMORE WASHINGTON INTERNATIONAL AIRPORT, MD US","39.17329","-76.68408","42.0","2013-10-04","0.00","0.0","0.0",,"89","59",,,,,,,,,,,,,,
"USW00093721","BALTIMORE WASHINGTON INTERNATIONAL AIRPORT, MD US","39.17329","-76.68408","42.0","2013-10-05","0.00","0.0","0.0",,"90","64",,,,,,,,,,,,,,
"USW00093721","BALTIMORE WASHINGTON INTERNATIONAL AIRPORT, MD US","39.17329","-76.68408","42.0","2013-10-06","0.00","0.0","0.0",,"86","65",,,,,,,,,,,,,,
"USW00093721","BALTIMORE WASHINGTON INTERNATIONAL AIRPORT, MD US","39.17329","-76.68408","42.0","2013-10-07","0.84","0.0","0.0",,"75","54",,,,,,,,,,,,,,
"USW00093721","BALTIMORE WASHINGTON INTERNATIONAL AIRPORT, MD US","39.17329","-76.68408","42.0","2013-10-08","0.00","0.0","0.0",,"68","47",,,,,,,,,,,,,,
"USW00093721","BALTIMORE WASHINGTON INTERNATIONAL AIRPORT, MD US","39.17329","-76.68408","42.0","2013-10-09","0.07","0.0","0.0",,"60","53",,,,,,,,,,,,,,
"USW00093721","BALTIMORE WASHINGTON INTERNATIONAL AIRPORT, MD US","39.17329","-76.68408","42.0","2013-10-10","2.35","0.0","0.0",,"58","54","    1",,,,,,,,,,,,,
"USW00093721","BALTIMORE WASHINGTON INTERNATIONAL AIRPORT, MD US","39.17329","-76.68408","42.0","2013-10-11","3.66","0.0","0.0",,"64","57","    1",,,,,,,,,,,,,
"USW00093721","BALTIMORE WASHINGTON INTERNATIONAL AIRPORT, MD US","39.17329","-76.68408","42.0","2013-10-12","0.41","0.0","0.0",,"68","60","    1",,,,,,,,,,,,,
"USW00093721","BALTIMORE WASHINGTON INTERNATIONAL AIRPORT, MD US","39.17329","-76.68408","42.0","2013-10-13","0.10","0.0","0.0",,"65","57","    1",,,,,,,,,,,,,
"USW00093721","BALTIMORE WASHINGTON INTERNATIONAL AIRPORT, MD US","39.17329","-76.68408","42.0","2013-10-14","0.00","0.0","0.0",,"69","51",,,,,,,,,,,,,,
"USW00093721","BALTIMORE WASHINGTON INTERNATIONAL AIRPORT, MD US","39.17329","-76.68408","42.0","2013-10-15","0.00","0.0","0.0",,"71","49",,,,,,,,,,,,,,
"USW00093721","BALTIMORE WASHINGTON INTERNATIONAL AIRPORT, MD US","39.17329","-76.68408","42.0","2013-10-16","0.00","0.0","0.0",,"69","58",,,,,,,,,,,,,,
"USW00093721","BALTIMORE WASHINGTON INTERNATIONAL AIRPORT, MD US","39.17329","-76.68408","42.0","2013-10-17","0.07","0.0","0.0",,"75","58",,,,,,,,,,,,,,
"USW00093721","BALTIMORE WASHINGTON INTERNATIONAL AIRPORT, MD US","39.17329","-76.68408","42.0","2013-10-18","0.00","0.0","0.0",,"66","46",,,,,,,,,,,,,,
"USW00093721","BALTIMORE WASHINGTON INTERNATIONAL AIRPORT, MD US","39.17329","-76.68408","42.0","2013-10-19","0.00","0.0","0.0",,"65","44",,,,,,,,,,,,,,
"USW00093721","BALTIMORE WASHINGTON INTERNATIONAL AIRPORT, MD US","39.17329","-76.68408","42.0","2013-10-20","0.00","0.0","0.0",,"63","42",,,,,,,,,,,,,,
"USW00093721","BALTIMORE WASHINGTON INTERNATIONAL AIRPORT, MD US","39.17329","-76.68408","42.0","2013-10-21","0.00","0.0","0.0",,"67","38",,,,,,,,,,,,,,
"USW00093721","BALTIMORE WASHINGTON INTERNATIONAL AIRPORT, MD US","39.17329","-76.68408","42.0","2013-10-22","0.00","0.0","0.0",,"64","42","    1",,,,,,,,,,,,,
"USW00093721","BALTIMORE WASHINGTON INTERNATIONAL AIRPORT, MD US","39.17329","-76.68408","42.0","2013-10-23","0.00","0.0","0.0",,"58","42",,,,,,,,,,,,,,
"USW00093721","BALTIMORE WASHINGTON INTERNATIONAL AIRPORT, MD US","39.17329","-76.68408","42.0","2013-10-24","0.00","0.0","0.0",,"53","37",,,,,,,,,,,,,,
"USW00093721","BALTIMORE WASHINGTON INTERNATIONAL AIRPORT, MD US","39.17329","-76.68408","42.0","2013-10-25","0.00","0.0","0.0",,"56","36",,,,,,,,,,,,,,
"USW00093721","BALTIMORE WASHINGTON INTERNATIONAL AIRPORT, MD US","39.17329","-76.68408","42.0","2013-10-26","0.00","0.0","0.0",,"56","30",,,,,,,,,,,,,,
"USW00093721","BALTIMORE WASHINGTON INTERNATIONAL AIRPORT, MD US","39.17329","-76.68408","42.0","2013-10-27","0.00","0.0","0.0",,"60","35",,,,,,,,,,,,,,
"USW00093721","BALTIMORE WASHINGTON INTERNATIONAL AIRPORT, MD US","39.17329","-76.68408","42.0","2013-10-28","0.00","0.0","0.0",,"65","33",,,,,,,,,,,,,,
"USW00093721","BALTIMORE WASHINGTON INTERNATIONAL AIRPORT, MD US","39.17329","-76.68408","42.0","2013-10-29","0.00","0.0","0.0",,"62","38",,,,,,,,,,,,,,
"USW00093721","BALTIMORE WASHINGTON INTERNATIONAL AIRPORT, MD US","39.17329","-76.68408","42.0","2013-10-30","0.11","0.0","0.0",,"65","44",,,,,,,,,,,,,,
"USW00093721","BALTIMORE WASHINGTON INTERNATIONAL AIRPORT, MD US","39.17329","-76.68408","42.0","2013-10-31","0.01","0.0","0.0",,"69","53",,,,,,,,,,,,,,
"USW00093721","BALTIMORE WASHINGTON INTERNATIONAL AIRPORT, MD US","39.17329","-76.68408","42.0","2013-11-01","0.17","0.0","0.0",,"73","54","    1",,,,,,,,,,,,,
"USW00093721","BALTIMORE WASHINGTON INTERNATIONAL AIRPORT, MD US","39.17329","-76.68408","42.0","2013-11-02","0.00","0.0","0.0",,"68","45","    1",,,,,,,,,,,,,
"USW00093721","BALTIMORE WASHINGTON INTERNATIONAL AIRPORT, MD US","39.17329","-76.68408","42.0","2013-11-03","0.00","0.0","0.0",,"56","39",,,,,,,,,,,,,,
"USW00093721","BALTIMORE WASHINGTON INTERNATIONAL AIRPORT, MD US","39.17329","-76.68408","42.0","2013-11-04","0.00","0.0","0.0",,"46","32",,,,,,,,,,,,,,
"USW00093721","BALTIMORE WASHINGTON INTERNATIONAL AIRPORT, MD US","39.17329","-76.68408","42.0","2013-11-05","0.00","0.0","0.0",,"57","35",,,,,,,,,,,,,,
"USW00093721","BALTIMORE WASHINGTON INTERNATIONAL AIRPORT, MD US","39.17329","-76.68408","42.0","2013-11-06","0.00","0.0","0.0",,"68","45",,,,,,,,,,,,,,
"USW00093721","BALTIMORE WASHINGTON INTERNATIONAL AIRPORT, MD US","39.17329","-76.68408","42.0","2013-11-07","0.05","0.0","0.0",,"61","43","    1",,,,,,,,,,,,,
"USW00093721","BALTIMORE WASHINGTON INTERNATIONAL AIRPORT, MD US","39.17329","-76.68408","42.0","2013-11-08","0.00","0.0","0.0",,"53","32",,,,,,,,,,,,,,
"USW00093721","BALTIMORE WASHINGTON INTERNATIONAL AIRPORT, MD US","39.17329","-76.68408","42.0","2013-11-09","0.00","0.0","0.0",,"53","29",,,,,,,,,,,,,,
"USW00093721","BALTIMORE WASHINGTON INTERNATIONAL AIRPORT, MD US","39.17329","-76.68408","42.0","2013-11-10","0.00","0.0","0.0",,"61","39",,,,,,,,,,,,,,
"USW00093721","BALTIMORE WASHINGTON INTERNATIONAL AIRPORT, MD US","39.17329","-76.68408","42.0","2013-11-11","0.00","0.0","0.0",,"55","37",,,,,,,,,,,,,,
"USW00093721","BALTIMORE WASHINGTON INTERNATIONAL AIRPORT, MD US","39.17329","-76.68408","42.0","2013-11-12","0.00","0.0","0.0",,"52","28",,,,,,,,,,,,,,
"USW00093721","BALTIMORE WASHINGTON INTERNATIONAL AIRPORT, MD US","39.17329","-76.68408","42.0","2013-11-13","0.00","0.0","0.0",,"44","26",,,,,,,,,,,,,,
"USW00093721","BALTIMORE WASHINGTON INTERNATIONAL AIRPORT, MD US","39.17329","-76.68408","42.0","2013-11-14","0.00","0.0","0.0",,"58","25",,,,,,,"    1",,,,,,,
"USW00093721","BALTIMORE WASHINGTON INTERNATIONAL AIRPORT, MD US","39.17329","-76.68408","42.0","2013-11-15","0.02","0.0","0.0",,"60","27","    1",,,,,,,,,,,,,
"USW00093721","BALTIMORE WASHINGTON INTERNATIONAL AIRPORT, MD US","39.17329","-76.68408","42.0","2013-11-16","0.15","0.0","0.0",,"52","44",,,,,,,,,,,,,,
"USW00093721","BALTIMORE WASHINGTON INTERNATIONAL AIRPORT, MD US","39.17329","-76.68408","42.0","2013-11-17","0.04","0.0","0.0",,"64","50",,,,,,,,,,,,,,
"USW00093721","BALTIMORE WASHINGTON INTERNATIONAL AIRPORT, MD US","39.17329","-76.68408","42.0","2013-11-18","0.11","0.0","0.0",,"68","50","    1",,,,,,,,,,,,,
"USW00093721","BALTIMORE WASHINGTON INTERNATIONAL AIRPORT, MD US","39.17329","-76.68408","42.0","2013-11-19","0.00","0.0","0.0",,"50","37",,,,,,,,,,,,,,
"USW00093721","BALTIMORE WASHINGTON INTERNATIONAL AIRPORT, MD US","39.17329","-76.68408","42.0","2013-11-20","0.00","0.0","0.0",,"44","29",,,,,,,,,,,,,,
"USW00093721","BALTIMORE WASHINGTON INTERNATIONAL AIRPORT, MD US","39.17329","-76.68408","42.0","2013-11-21","0.00","0.0","0.0",,"49","27",,,,,,,,,,,,,,
"USW00093721","BALTIMORE WASHINGTON INTERNATIONAL AIRPORT, MD US","39.17329","-76.68408","42.0","2013-11-22","0.01","0.0","0.0",,"60","45",,,,,,,,,,,,,,
"USW00093721","BALTIMORE WASHINGTON INTERNATIONAL AIRPORT, MD US","39.17329","-76.68408","42.0","2013-11-23","0.00","0.0","0.0",,"57","31",,,,,,,,,,,,,,
"USW00093721","BALTIMORE WASHINGTON INTERNATIONAL AIRPORT, MD US","39.17329","-76.68408","42.0","2013-11-24","0.00","0.0","0.0",,"32","22",,,,,,,,,,,,,,
"USW00093721","BALTIMORE WASHINGTON INTERNATIONAL AIRPORT, MD US","39.17329","-76.68408","42.0","2013-11-25","0.00","0.0","0.0",,"36","19",,,,,,,,,,,,,,
"USW00093721","BALTIMORE WASHINGTON INTERNATIONAL AIRPORT, MD US","39.17329","-76.68408","42.0","2013-11-26","1.61","0.0","0.0",,"49","32",,,,,,,,,,,,,,
"USW00093721","BALTIMORE WASHINGTON INTERNATIONAL AIRPORT, MD US","39.17329","-76.68408","42.0","2013-11-27","0.66","0.0","0.0",,"49","30",,,,,,,,,,,,,,
"USW00093721","BALTIMORE WASHINGTON INTERNATIONAL AIRPORT, MD US","39.17329","-76.68408","42.0","2013-11-28","0.00","0.0","0.0",,"38","24",,,,,,,,,,,,,,
"USW00093721","BALTIMORE WASHINGTON INTERNATIONAL AIRPORT, MD US","39.17329","-76.68408","42.0","2013-11-29","0.00","0.0","0.0",,"42","22",,,,,,,,,,,,,,
"USW00093721","BALTIMORE WASHINGTON INTERNATIONAL AIRPORT, MD US","39.17329","-76.68408","42.0","2013-11-30","0.00","0.0","0.0",,"37","25",,,,,,,,,,,,,,
"USW00093721","BALTIMORE WASHINGTON INTERNATIONAL AIRPORT, MD US","39.17329","-76.68408","42.0","2013-12-01","0.00","0.0","0.0",,"49","24",,,,,,,,,,,,,,
"USW00093721","BALTIMORE WASHINGTON INTERNATIONAL AIRPORT, MD US","39.17329","-76.68408","42.0","2013-12-02","0.00","0.0","0.0",,"49","39",,,,,,,,,,,,,,
"USW00093721","BALTIMORE WASHINGTON INTERNATIONAL AIRPORT, MD US","39.17329","-76.68408","42.0","2013-12-03","0.00","0.0","0.0",,"56","36",,,,,,,"    1",,,,,,,
"USW00093721","BALTIMORE WASHINGTON INTERNATIONAL AIRPORT, MD US","39.17329","-76.68408","42.0","2013-12-04","0.00","0.0","0.0",,"51","35",,,,,,,,,,,,,,
"USW00093721","BALTIMORE WASHINGTON INTERNATIONAL AIRPORT, MD US","39.17329","-76.68408","42.0","2013-12-05","0.00","0.0","0.0",,"66","49",,,,,,,,,,,,,,
"USW00093721","BALTIMORE WASHINGTON INTERNATIONAL AIRPORT, MD US","39.17329","-76.68408","42.0","2013-12-06","0.90","0.0","0.0",,"65","38","    1",,,,,,,,,,,,,
"USW00093721","BALTIMORE WASHINGTON INTERNATIONAL AIRPORT, MD US","39.17329","-76.68408","42.0","2013-12-07","0.17","0.0","0.0",,"43","31","    1",,,,,,,,,,,,,
"USW00093721","BALTIMORE WASHINGTON INTERNATIONAL AIRPORT, MD US","39.17329","-76.68408","42.0","2013-12-08","0.56","1.6","0.0",,"31","27",,,,,,,,,,,,,,
"USW00093721","BALTIMORE WASHINGTON INTERNATIONAL AIRPORT, MD US","39.17329","-76.68408","42.0","2013-12-09","0.52","0.0","1.2",,"37","31",,,,,,,,,,,,,,
"USW00093721","BALTIMORE WASHINGTON INTERNATIONAL AIRPORT, MD US","39.17329","-76.68408","42.0","2013-12-10","0.31","1.3","0.0",,"36","31",,,,,,,,,,,,,,
"USW00093721","BALTIMORE WASHINGTON INTERNATIONAL AIRPORT, MD US","39.17329","-76.68408","42.0","2013-12-11","0.00","0.0","1.2",,"38","22",,,,,,,,,,,,,,
"USW00093721","BALTIMORE WASHINGTON INTERNATIONAL AIRPORT, MD US","39.17329","-76.68408","42.0","2013-12-12","0.00","0.0","1.2",,"31","22",,,,,,,,,,,,,,
"USW00093721","BALTIMORE WASHINGTON INTERNATIONAL AIRPORT, MD US","39.17329","-76.68408","42.0","2013-12-13","0.00","0.0","1.2",,"41","22",,,,,,,,,,,,,,
"USW00093721","BALTIMORE WASHINGTON INTERNATIONAL AIRPORT, MD US","39.17329","-76.68408","42.0","2013-12-14","0.61","0.0","0.0",,"38","30","    1",,,,,,,,,,,,,
"USW00093721","BALTIMORE WASHINGTON INTERNATIONAL AIRPORT, MD US","39.17329","-76.68408","42.0","2013-12-15","0.00","0.0","0.0",,"46","32","    1",,,,,,,,,,,,,
"USW00093721","BALTIMORE WASHINGTON INTERNATIONAL AIRPORT, MD US","39.17329","-76.68408","42.0","2013-12-16","0.00","0.0","0.0",,"37","30",,,,,,,,,,,,,,
"USW00093721","BALTIMORE WASHINGTON INTERNATIONAL AIRPORT, MD US","39.17329","-76.68408","42.0","2013-12-17","0.01","0.0","0.0",,"37","31",,,,,,,"    1",,,,,,,
"USW00093721","BALTIMORE WASHINGTON INTERNATIONAL AIRPORT, MD US","39.17329","-76.68408","42.0","2013-12-18","0.00","0.0","0.0",,"40","24",,,,,,,,,,,,,,
"USW00093721","BALTIMORE WASHINGTON INTERNATIONAL AIRPORT, MD US","39.17329","-76.68408","42.0","2013-12-19","0.00","0.0","0.0",,"58","22",,,,,,,,,,,,,,
"USW00093721","BALTIMORE WASHINGTON INTERNATIONAL AIRPORT, MD US","39.17329","-76.68408","42.0","2013-12-20","0.00","0.0","0.0",,"59","45",,,,,,,,,,,,,,
"USW00093721","BALTIMORE WASHINGTON INTERNATIONAL AIRPORT, MD US","39.17329","-76.68408","42.0","2013-12-21","0.00","0.0","0.0",,"71","54",,,,,,,,,,,,,,
"USW00093721","BALTIMORE WASHINGTON INTERNATIONAL AIRPORT, MD US","39.17329","-76.68408","42.0","2013-12-22","0.24","0.0","0.0",,"71","62","    1",,,,,,,,,,,,,
"USW00093721","BALTIMORE WASHINGTON INTERNATIONAL AIRPORT, MD US","39.17329","-76.68408","42.0","2013-12-23","0.86","0.0","0.0",,"63","38","    1",,,,,,,,,,,,,
"USW00093721","BALTIMORE WASHINGTON INTERNATIONAL AIRPORT, MD US","39.17329","-76.68408","42.0","2013-12-24","0.00","0.0","0.0",,"40","23",,,,,,,,,,,,,,
"USW00093721","BALTIMORE WASHINGTON INTERNATIONAL AIRPORT, MD US","39.17329","-76.68408","42.0","2013-12-25","0.00","0.0","0.0",,"32","18",,,,,,,,,,,,,,
"USW00093721","BALTIMORE WASHINGTON INTERNATIONAL AIRPORT, MD US","39.17329","-76.68408","42.0","2013-12-26","0.00","0.0","0.0",,"44","19",,,,,,,,,,,,,,
"USW00093721","BALTIMORE WASHINGTON INTERNATIONAL AIRPORT, MD US","39.17329","-76.68408","42.0","2013-12-27","0.00","0.0","0.0",,"49","22",,,,,,,,,,,,,,
"USW00093721","BALTIMORE WASHINGTON INTERNATIONAL AIRPORT, MD US","39.17329","-76.68408","42.0","2013-12-28","0.00","0.0","0.0",,"58","28",,,,,,,,,,,,,,
"USW00093721","BALTIMORE WASHINGTON INTERNATIONAL AIRPORT, MD US","39.17329","-76.68408","42.0","2013-12-29","1.09","0.0","0.0",,"47","39","    1",,,,,,,,,,,,,
"USW00093721","BALTIMORE WASHINGTON INTERNATIONAL AIRPORT, MD US","39.17329","-76.68408","42.0","2013-12-30","0.00","0.0","0.0",,"47","32",,,,,,,,,,,,,,
"USW00093721","BALTIMORE WASHINGTON INTERNATIONAL AIRPORT, MD US","39.17329","-76.68408","42.0","2013-12-31","0.00","0.0","0.0",,"43","25",,,,,,,,,,,,,,
"USW00093721","BALTIMORE WASHINGTON INTERNATIONAL AIRPORT, MD US","39.17329","-76.68408","42.0","2014-01-01","0.00","0.0","0.0",,"44","23",,,,,,,,,,,,,,
"USW00093721","BALTIMORE WASHINGTON INTERNATIONAL AIRPORT, MD US","39.17329","-76.68408","42.0","2014-01-02","0.39","3.6","0.0",,"36","28",,,,,,,,,,,,,,
"USW00093721","BALTIMORE WASHINGTON INTERNATIONAL AIRPORT, MD US","39.17329","-76.68408","42.0","2014-01-03","0.05","0.6","3.9",,"27","9",,,,,,,,,,,,,,
"USW00093721","BALTIMORE WASHINGTON INTERNATIONAL AIRPORT, MD US","39.17329","-76.68408","42.0","2014-01-04","0.00","0.0","3.1",,"32","6",,,,,,,,,,,,,,
"USW00093721","BALTIMORE WASHINGTON INTERNATIONAL AIRPORT, MD US","39.17329","-76.68408","42.0","2014-01-05","0.11","0.0","2.0",,"37","17",,,,,,,,,,,,,,
"USW00093721","BALTIMORE WASHINGTON INTERNATIONAL AIRPORT, MD US","39.17329","-76.68408","42.0","2014-01-06","0.15","0.0","0.0",,"45","8",,,,,,,,,,,,,,
"USW00093721","BALTIMORE WASHINGTON INTERNATIONAL AIRPORT, MD US","39.17329","-76.68408","42.0","2014-01-07","0.00","0.0","0.0",,"16","3",,,,,,,,,,,,,,
"USW00093721","BALTIMORE WASHINGTON INTERNATIONAL AIRPORT, MD US","39.17329","-76.68408","42.0","2014-01-08","0.00","0.0","0.0",,"29","6",,,,,,,,,,,,,,
"USW00093721","BALTIMORE WASHINGTON INTERNATIONAL AIRPORT, MD US","39.17329","-76.68408","42.0","2014-01-09","0.00","0.0","0.0",,"36","25",,,,,,,,,,,,,,
"USW00093721","BALTIMORE WASHINGTON INTERNATIONAL AIRPORT, MD US","39.17329","-76.68408","42.0","2014-01-10","0.53","0.0","0.0",,"37","29",,,,,,,,,,,,,,
"USW00093721","BALTIMORE WASHINGTON INTERNATIONAL AIRPORT, MD US","39.17329","-76.68408","42.0","2014-01-11","0.75","0.0","0.0",,"57","35",,,,,,,,,,,,,,
"USW00093721","BALTIMORE WASHINGTON INTERNATIONAL AIRPORT, MD US","39.17329","-76.68408","42.0","2014-01-12","0.00","0.0","0.0",,"51","29",,,,,,,,,,,,,,
"USW00093721","BALTIMORE WASHINGTON INTERNATIONAL AIRPORT, MD US","39.17329","-76.68408","42.0","2014-01-13","0.00","0.0","0.0",,"58","25",,,,,,,,,,,,,,
"USW00093721","BALTIMORE WASHINGTON INTERNATIONAL AIRPORT, MD US","39.17329","-76.68408","42.0","2014-01-14","0.28","0.0","0.0",,"53","36",,,,,,,,,,,,,,
"USW00093721","BALTIMORE WASHINGTON INTERNATIONAL AIRPORT, MD US","39.17329","-76.68408","42.0","2014-01-15","0.00","0.0","0.0",,"45","32",,,,,,,,,,,,,,
"USW00093721","BALTIMORE WASHINGTON INTERNATIONAL AIRPORT, MD US","39.17329","-76.68408","42.0","2014-01-16","0.00","0.0","0.0",,"40","25",,,,,,,,,,,,,,
"USW00093721","BALTIMORE WASHINGTON INTERNATIONAL AIRPORT, MD US","39.17329","-76.68408","42.0","2014-01-17","0.00","0.0","0.0",,"44","23","    1",,,,,,,,,,,,,
"USW00093721","BALTIMORE WASHINGTON INTERNATIONAL AIRPORT, MD US","39.17329","-76.68408","42.0","2014-01-18","0.00","0.0","0.0",,"35","20",,,,,,,,,,,,,,
"USW00093721","BALTIMORE WASHINGTON INTERNATIONAL AIRPORT, MD US","39.17329","-76.68408","42.0","2014-01-19","0.00","0.0","0.0",,"47","20",,,,,,,,,,,,,,
"USW00093721","BALTIMORE WASHINGTON INTERNATIONAL AIRPORT, MD US","39.17329","-76.68408","42.0","2014-01-20","0.00","0.0","0.0",,"53","33",,,,,,,,,,,,,,
"USW00093721","BALTIMORE WASHINGTON INTERNATIONAL AIRPORT, MD US","39.17329","-76.68408","42.0","2014-01-21","0.42","5.1","0.0",,"39","14",,,,,,,,,,,,,,
"USW00093721","BALTIMORE WASHINGTON INTERNATIONAL AIRPORT, MD US","39.17329","-76.68408","42.0","2014-01-22","0.00","0.0","3.9",,"15","4",,,,,,,,,,,,,,
"USW00093721","BALTIMORE WASHINGTON INTERNATIONAL AIRPORT, MD US","39.17329","-76.68408","42.0","2014-01-23","0.00","0.0","2.0",,"24","3",,,,,,,,,,,,,,
"USW00093721","BALTIMORE WASHINGTON INTERNATIONAL AIRPORT, MD US","39.17329","-76.68408","42.0","2014-01-24","0.00","0.0","2.0",,"20","6",,,,,,,,,,,,,,
"USW00093721","BALTIMORE WASHINGTON INTERNATIONAL AIRPORT, MD US","39.17329","-76.68408","42.0","2014-01-25","0.00","0.2","1.2",,"31","19",,,,,,,,,,,,,,
"USW00093721","BALTIMORE WASHINGTON INTERNATIONAL AIRPORT, MD US","39.17329","-76.68408","42.0","2014-01-26","0.00","0.0","1.2",,"30","13",,,,,,,"    1",,,,,,,
"USW00093721","BALTIMORE WASHINGTON INTERNATIONAL AIRPORT, MD US","39.17329","-76.68408","42.0","2014-01-27","0.00","0.0","1.2",,"47","19",,,,,,,,,,,,,,
"USW00093721","BALTIMORE WASHINGTON INTERNATIONAL AIRPORT, MD US","39.17329","-76.68408","42.0","2014-01-28","0.00","0.1","0.0",,"19","11","    1",,,,,,,,,,,,,
"USW00093721","BALTIMORE WASHINGTON INTERNATIONAL AIRPORT, MD US","39.17329","-76.68408","42.0","2014-01-29","0.03","0.2","0.0",,"22","9","    1",,,,,,,,,,,,,
"USW00093721","BALTIMORE WASHINGTON INTERNATIONAL AIRPORT, MD US","39.17329","-76.68408","42.0","2014-01-30","0.00","0.0","0.0",,"29","5",,,,,,,,,,,,,,
"USW00093721","BALTIMORE WASHINGTON INTERNATIONAL AIRPORT, MD US","39.17329","-76.68408","42.0","2014-01-31","0.00","0.0","0.0",,"49","17",,,,,,,,,,,,,,
"USW00093721","BALTIMORE WASHINGTON INTERNATIONAL AIRPORT, MD US","39.17329","-76.68408","42.0","2014-02-01","0.00","0.0","0.0",,"48","25",,,,,,,,,,,,,,
"USW00093721","BALTIMORE WASHINGTON INTERNATIONAL AIRPORT, MD US","39.17329","-76.68408","42.0","2014-02-02","0.00","0.0","0.0",,"57","28","    1",,,,,,,,,,,,,
"USW00093721","BALTIMORE WASHINGTON INTERNATIONAL AIRPORT, MD US","39.17329","-76.68408","42.0","2014-02-03","1.34","0.0","0.0",,"46","31",,,,,,,,,,,,,,
"USW00093721","BALTIMORE WASHINGTON INTERNATIONAL AIRPORT, MD US","39.17329","-76.68408","42.0","2014-02-04","0.03","0.0","0.0",,"35","25",,,,,,,,,,,,,,
"USW00093721","BALTIMORE WASHINGTON INTERNATIONAL AIRPORT, MD US","39.17329","-76.68408","42.0","2014-02-05","0.57","0.0","0.0",,"41","30",,,,,,,,,,,,,,
"USW00093721","BALTIMORE WASHINGTON INTERNATIONAL AIRPORT, MD US","39.17329","-76.68408","42.0","2014-02-06","0.00","0.0","0.0",,"35","26",,,,,,,,,,,,,,
"USW00093721","BALTIMORE WASHINGTON INTERNATIONAL AIRPORT, MD US","39.17329","-76.68408","42.0","2014-02-07","0.00","0.0","0.0",,"42","22",,,,,,,,,,,,,,
"USW00093721","BALTIMORE WASHINGTON INTERNATIONAL AIRPORT, MD US","39.17329","-76.68408","42.0","2014-02-08","0.00","0.0","0.0",,"32","22",,,,,,,,,,,,,,
"USW00093721","BALTIMORE WASHINGTON INTERNATIONAL AIRPORT, MD US","39.17329","-76.68408","42.0","2014-02-09","0.05","0.6","0.0",,"31","20",,,,,,,,,,,,,,
"USW00093721","BALTIMORE WASHINGTON INTERNATIONAL AIRPORT, MD US","39.17329","-76.68408","42.0","2014-02-10","0.00","0.0","1.2",,"30","19","    1",,,,,,,,,,,,,
"USW00093721","BALTIMORE WASHINGTON INTERNATIONAL AIRPORT, MD US","39.17329","-76.68408","42.0","2014-02-11","0.00","0.0","0.0",,"30","14",,,,,,,,,,,,,,
"USW00093721","BALTIMORE WASHINGTON INTERNATIONAL AIRPORT, MD US","39.17329","-76.68408","42.0","2014-02-12","0.09","1.9","0.0",,"27","15","    1",,,,,,,,,,,,,
"USW00093721","BALTIMORE WASHINGTON INTERNATIONAL AIRPORT, MD US","39.17329","-76.68408","42.0","2014-02-13","1.77","9.6","9.1",,"37","24",,,,,,,,,,,,,,
"USW00093721","BALTIMORE WASHINGTON INTERNATIONAL AIRPORT, MD US","39.17329","-76.68408","42.0","2014-02-14","0.00","0.0","7.9",,"46","30",,,,,,,,,,,,,,
"USW00093721","BALTIMORE WASHINGTON INTERNATIONAL AIRPORT, MD US","39.17329","-76.68408","42.0","2014-02-15","0.06","0.0","5.1",,"36","27",,,,,,,,,,,,,,
"USW00093721","BALTIMORE WASHINGTON INTERNATIONAL AIRPORT, MD US","39.17329","-76.68408","42.0","2014-02-16","0.00","0.0","2.0",,"36","21",,,,,,,,,,,,,,
"USW00093721","BALTIMORE WASHINGTON INTERNATIONAL AIRPORT, MD US","39.17329","-76.68408","42.0","2014-02-17","0.00","0.0","2.0",,"34","19",,,,,,,,,,,,,,
"USW00093721","BALTIMORE WASHINGTON INTERNATIONAL AIRPORT, MD US","39.17329","-76.68408","42.0","2014-02-18","0.09","0.9","3.0",,"51","26","    1",,,,,,,,,,,,,
"USW00093721","BALTIMORE WASHINGTON INTERNATIONAL AIRPORT, MD US","39.17329","-76.68408","42.0","2014-02-19","0.11","0.0","2.0",,"57","27",,,,,,,,,,,,,,
"USW00093721","BALTIMORE WASHINGTON INTERNATIONAL AIRPORT, MD US","39.17329","-76.68408","42.0","2014-02-20","0.00","0.0","0.0",,"52","28",,,,,,,,,,,,,,
"USW00093721","BALTIMORE WASHINGTON INTERNATIONAL AIRPORT, MD US","39.17329","-76.68408","42.0","2014-02-21","0.36","0.0","0.0",,"63","32",,,,,,,,,,,,,,
"USW00093721","BALTIMORE WASHINGTON INTERNATIONAL AIRPORT, MD US","39.17329","-76.68408","42.0","2014-02-22","0.00","0.0","0.0",,"61","27","    1",,,,,,,,,,,,,
"USW00093721","BALTIMORE WASHINGTON INTERNATIONAL AIRPORT, MD US","39.17329","-76.68408","42.0","2014-02-23","0.00","0.0","0.0",,"60","43",,,,,,,,,,,,,,
"USW00093721","BALTIMORE WASHINGTON INTERNATIONAL AIRPORT, MD US","39.17329","-76.68408","42.0","2014-02-24","0.01","0.0","0.0",,"44","25",,,,,,,,,,,,,,
"USW00093721","BALTIMORE WASHINGTON INTERNATIONAL AIRPORT, MD US","39.17329","-76.68408","42.0","2014-02-25","0.06","0.6","0.0",,"35","23","    1",,,,,,,,,,,,,
"USW00093721","BALTIMORE WASHINGTON INTERNATIONAL AIRPORT, MD US","39.17329","-76.68408","42.0","2014-02-26","0.04","0.6","0.0",,"36","20",,,,,,,,,,,,,,
"USW00093721","BALTIMORE WASHINGTON INTERNATIONAL AIRPORT, MD US","39.17329","-76.68408","42.0","2014-02-27","0.00","0.0","0.0",,"38","14",,,,,,,,,,,,,,
"USW00093721","BALTIMORE WASHINGTON INTERNATIONAL AIRPORT, MD US","39.17329","-76.68408","42.0","2014-02-28","0.00","0.0","0.0",,"27","11",,,,,,,,,,,,,,
"USW00093721","BALTIMORE WASHINGTON INTERNATIONAL AIRPORT, MD US","39.17329","-76.68408","42.0","2014-03-01","0.00","0.0","0.0",,"44","14",,,,,,,,,,,,,,
"USW00093721","BALTIMORE WASHINGTON INTERNATIONAL AIRPORT, MD US","39.17329","-76.68408","42.0","2014-03-02","0.29","0.0","0.0",,"45","31","    1",,,,,,,,,,,,,
"USW00093721","BALTIMORE WASHINGTON INTERNATIONAL AIRPORT, MD US","39.17329","-76.68408","42.0","2014-03-03","0.63","3.8","2.0",,"34","5",,,,,,,,,,,,,,
"USW00093721","BALTIMORE WASHINGTON INTERNATIONAL AIRPORT, MD US","39.17329","-76.68408","42.0","2014-03-04","0.00","0.0","3.9",,"29","4",,,,,,,,,,,,,,
"USW00093721","BALTIMORE WASHINGTON INTERNATIONAL AIRPORT, MD US","39.17329","-76.68408","42.0","2014-03-05","0.00","0.0","0.0",,"44","15",,,,,,,,,,,,,,
"USW00093721","BALTIMORE WASHINGTON INTERNATIONAL AIRPORT, MD US","39.17329","-76.68408","42.0","2014-03-06","0.00","0.0","0.0",,"31","22",,,,,,,,,,,,,,
"USW00093721","BALTIMORE WASHINGTON INTERNATIONAL AIRPORT, MD US","39.17329","-76.68408","42.0","2014-03-07","0.00","0.0","0.0",,"42","29",,,,,,,,,,,,,,
"USW00093721","BALTIMORE WASHINGTON INTERNATIONAL AIRPORT, MD US","39.17329","-76.68408","42.0","2014-03-08","0.00","0.0","0.0",,"62","26",,,,,,,"    1",,,,,,,
"USW00093721","BALTIMORE WASHINGTON INTERNATIONAL AIRPORT, MD US","39.17329","-76.68408","42.0","2014-03-09","0.00","0.0","0.0",,"49","36",,,,,,,"    1",,,,,,,
"USW00093721","BALTIMORE WASHINGTON INTERNATIONAL AIRPORT, MD US","39.17329","-76.68408","42.0","2014-03-10","0.00","0.0","0.0",,"60","37",,,,,,,,,,,,,,
"USW00093721","BALTIMORE WASHINGTON INTERNATIONAL AIRPORT, MD US","39.17329","-76.68408","42.0","2014-03-11","0.00","0.0","0.0",,"67","41",,,,,,,,,,,,,,
"USW00093721","BALTIMORE WASHINGTON INTERNATIONAL AIRPORT, MD US","39.17329","-76.68408","42.0","2014-03-12","0.10","0.0","0.0",,"67","31","    1",,,,,,,,,,,,,
"USW00093721","BALTIMORE WASHINGTON INTERNATIONAL AIRPORT, MD US","39.17329","-76.68408","42.0","2014-03-13","0.00","0.0","0.0",,"33","20",,,,,,,,,,,,,,
"USW00093721","BALTIMORE WASHINGTON INTERNATIONAL AIRPORT, MD US","39.17329","-76.68408","42.0","2014-03-14","0.00","0.0","0.0",,"55","22",,,,,,,,,,,,,,
"USW00093721","BALTIMORE WASHINGTON INTERNATIONAL AIRPORT, MD US","39.17329","-76.68408","42.0","2014-03-15","0.00","0.0","0.0",,"66","39",,,,,,,,,,,,,,
"USW00093721","BALTIMORE WASHINGTON INTERNATIONAL AIRPORT, MD US","39.17329","-76.68408","42.0","2014-03-16","0.19","4.9","0.0",,"45","26","    1",,,,,,,,,,,,,
"USW00093721","BALTIMORE WASHINGTON INTERNATIONAL AIRPORT, MD US","39.17329","-76.68408","42.0","2014-03-17","0.27","3.2","7.1",,"31","24",,,,,,,,,,,,,,
"USW00093721","BALTIMORE WASHINGTON INTERNATIONAL AIRPORT, MD US","39.17329","-76.68408","42.0","2014-03-18","0.00","0.0","5.1",,"41","30",,,,,,,,,,,,,,
"USW00093721","BALTIMORE WASHINGTON INTERNATIONAL AIRPORT, MD US","39.17329","-76.68408","42.0","2014-03-19","0.23","0.0","0.0",,"42","35",,,,,,,,,,,,,,
"USW00093721","BALTIMORE WASHINGTON INTERNATIONAL AIRPORT, MD US","39.17329","-76.68408","42.0","2014-03-20","0.00","0.0","0.0",,"56","38","    1",,,,,,,,,,,,,
"USW00093721","BALTIMORE WASHINGTON INTERNATIONAL AIRPORT, MD US","39.17329","-76.68408","42.0","2014-03-21","0.07","0.0","0.0",,"53","31","    1",,,,,,,,,,,,,
"USW00093721","BALTIMORE WASHINGTON INTERNATIONAL AIRPORT, MD US","39.17329","-76.68408","42.0","2014-03-22","0.00","0.0","0.0",,"69","34","    1",,,,,,,,,,,,,
"USW00093721","BALTIMORE WASHINGTON INTERNATIONAL AIRPORT, MD US","39.17329","-76.68408","42.0","2014-03-23","0.00","0.0","0.0",,"48","32",,,,,,,,,,,,,,
"USW00093721","BALTIMORE WASHINGTON INTERNATIONAL AIRPORT, MD US","39.17329","-76.68408","42.0","2014-03-24","0.00","0.0","0.0",,"39","22",,,,,,,,,,,,,,
"USW00093721","BALTIMORE WASHINGTON INTERNATIONAL AIRPORT, MD US","39.17329","-76.68408","42.0","2014-03-25","0.16","0.2","0.0",,"35","24","    1",,,,,,,,,,,,,
"USW00093721","BALTIMORE WASHINGTON INTERNATIONAL AIRPORT, MD US","39.17329","-76.68408","42.0","2014-03-26","0.00","0.0","0.0",,"36","25",,,,,,,,,,,,,,
"USW00093721","BALTIMORE WASHINGTON INTERNATIONAL AIRPORT, MD US","39.17329","-76.68408","42.0","2014-03-27","0.00","0.0","0.0",,"44","20",,,,,,,,,,,,,,
"USW00093721","BALTIMORE WASHINGTON INTERNATIONAL AIRPORT, MD US","39.17329","-76.68408","42.0","2014-03-28","0.05","0.0","0.0",,"66","35",,,,,,,,,,,,,,
"USW00093721","BALTIMORE WASHINGTON INTERNATIONAL AIRPORT, MD US","39.17329","-76.68408","42.0","2014-03-29","0.99","0.0","0.0",,"60","50",,,,,,,,,,,,,,
"USW00093721","BALTIMORE WASHINGTON INTERNATIONAL AIRPORT, MD US","39.17329","-76.68408","42.0","2014-03-30","1.40","0.0","0.0",,"56","33",,,,,,,,,,,,,,
"USW00093721","BALTIMORE WASHINGTON INTERNATIONAL AIRPORT, MD US","39.17329","-76.68408","42.0","2014-03-31","0.00","0.0","0.0",,"65","39",,,,,,,,,,,,,,
"USW00093721","BALTIMORE WASHINGTON INTERNATIONAL AIRPORT, MD US","39.17329","-76.68408","42.0","2014-04-01","0.00","0.0","0.0",,"62","38",,,,,,,,,,,,,,
"USW00093721","BALTIMORE WASHINGTON INTERNATIONAL AIRPORT, MD US","39.17329","-76.68408","42.0","2014-04-02","0.00","0.0","0.0",,"62","40",,,,,,,,,,,,,,
"USW00093721","BALTIMORE WASHINGTON INTERNATIONAL AIRPORT, MD US","39.17329","-76.68408","42.0","2014-04-03","0.03","0.0","0.0",,"63","48",,,,,,,,,,,,,,
"USW00093721","BALTIMORE WASHINGTON INTERNATIONAL AIRPORT, MD US","39.17329","-76.68408","42.0","2014-04-04","0.12","0.0","0.0",,"54","46",,,,,,,,,,,,,,
"USW00093721","BALTIMORE WASHINGTON INTERNATIONAL AIRPORT, MD US","39.17329","-76.68408","42.0","2014-04-05","0.00","0.0","0.0",,"57","42",,,,,,,,,,,,,,
"USW00093721","BALTIMORE WASHINGTON INTERNATIONAL AIRPORT, MD US","39.17329","-76.68408","42.0","2014-04-06","0.00","0.0","0.0",,"59","33",,,,,,,,,,,,,,
"USW00093721","BALTIMORE WASHINGTON INTERNATIONAL AIRPORT, MD US","39.17329","-76.68408","42.0","2014-04-07","0.45","0.0","0.0",,"53","38",,,,,,,,,,,,,,
"USW00093721","BALTIMORE WASHINGTON INTERNATIONAL AIRPORT, MD US","39.17329","-76.68408","42.0","2014-04-08","0.07","0.0","0.0",,"64","43","    1",,,,,,,,,,,,,
"USW00093721","BALTIMORE WASHINGTON INTERNATIONAL AIRPORT, MD US","39.17329","-76.68408","42.0","2014-04-09","0.00","0.0","0.0",,"66","36",,,,,,,,,,,,,,
"USW00093721","BALTIMORE WASHINGTON INTERNATIONAL AIRPORT, MD US","39.17329","-76.68408","42.0","2014-04-10","0.00","0.0","0.0",,"70","35",,,,,,,,,,,,,,
"USW00093721","BALTIMORE WASHINGTON INTERNATIONAL AIRPORT, MD US","39.17329","-76.68408","42.0","2014-04-11","0.00","0.0","0.0",,"80","51",,,,,,,,,,,,,,
"USW00093721","BALTIMORE WASHINGTON INTERNATIONAL AIRPORT, MD US","39.17329","-76.68408","42.0","2014-04-12","0.00","0.0","0.0",,"73","49",,,,,,,,,,,,,,
"USW00093721","BALTIMORE WASHINGTON INTERNATIONAL AIRPORT, MD US","39.17329","-76.68408","42.0","2014-04-13","0.00","0.0","0.0",,"83","49","    1",,,,,,,,,,,,,
"USW00093721","BALTIMORE WASHINGTON INTERNATIONAL AIRPORT, MD US","39.17329","-76.68408","42.0","2014-04-14","0.00","0.0","0.0",,"78","62",,,,,,,,,,,,,,
"USW00093721","BALTIMORE WASHINGTON INTERNATIONAL AIRPORT, MD US","39.17329","-76.68408","42.0","2014-04-15","2.42","0.0","0.0",,"67","35",,,,,,,,,,,,,,
"USW00093721","BALTIMORE WASHINGTON INTERNATIONAL AIRPORT, MD US","39.17329","-76.68408","42.0","2014-04-16","0.00","0.0","0.0",,"49","31",,,,,,,,,,,,,,
"USW00093721","BALTIMORE WASHINGTON INTERNATIONAL AIRPORT, MD US","39.17329","-76.68408","42.0","2014-04-17","0.00","0.0","0.0",,"52","30",,,,,,,,,,,,,,
"USW00093721","BALTIMORE WASHINGTON INTERNATIONAL AIRPORT, MD US","39.17329","-76.68408","42.0","2014-04-18","0.00","0.0","0.0",,"52","37",,,,,,,,,,,,,,
"USW00093721","BALTIMORE WASHINGTON INTERNATIONAL AIRPORT, MD US","39.17329","-76.68408","42.0","2014-04-19","0.00","0.0","0.0",,"68","39",,,,,,,,,,,,,,
"USW00093721","BALTIMORE WASHINGTON INTERNATIONAL AIRPORT, MD US","39.17329","-76.68408","42.0","2014-04-20","0.00","0.0","0.0",,"61","43",,,,,,,"    1",,,,,,,
"USW00093721","BALTIMORE WASHINGTON INTERNATIONAL AIRPORT, MD US","39.17329","-76.68408","42.0","2014-04-21","0.00","0.0","0.0",,"67","34",,,,,,,,,,,,,,
"USW00093721","BALTIMORE WASHINGTON INTERNATIONAL AIRPORT, MD US","39.17329","-76.68408","42.0","2014-04-22","0.26","0.0","0.0",,"76","47",,,,,,,,,,,,,,
"USW00093721","BALTIMORE WASHINGTON INTERNATIONAL AIRPORT, MD US","39.17329","-76.68408","42.0","2014-04-23","0.00","0.0","0.0",,"60","41",,,,,,,,,,,,,,
"USW00093721","BALTIMORE WASHINGTON INTERNATIONAL AIRPORT, MD US","39.17329","-76.68408","42.0","2014-04-24","0.00","0.0","0.0",,"64","36",,,,,,,,,,,,,,
"USW00093721","BALTIMORE WASHINGTON INTERNATIONAL AIRPORT, MD US","39.17329","-76.68408","42.0","2014-04-25","0.63","0.0","0.0",,"65","38","    1",,,,,,,,,,,,,
"USW00093721","BALTIMORE WASHINGTON INTERNATIONAL AIRPORT, MD US","39.17329","-76.68408","42.0","2014-04-26","0.00","0.0","0.0",,"76","49","    1",,,,,,,,,,,,,
"USW00093721","BALTIMORE WASHINGTON INTERNATIONAL AIRPORT, MD US","39.17329","-76.68408","42.0","2014-04-27","0.00","0.0","0.0",,"66","44",,,,,,,,,,,,,,
"USW00093721","BALTIMORE WASHINGTON INTERNATIONAL AIRPORT, MD US","39.17329","-76.68408","42.0","2014-04-28","0.32","0.0","0.0",,"60","48","    1",,,,,,,,,,,,,
"USW00093721","BALTIMORE WASHINGTON INTERNATIONAL AIRPORT, MD US","39.17329","-76.68408","42.0","2014-04-29","1.24","0.0","0.0",,"50","47","    1",,,,,,,,,,,,,
"USW00093721","BALTIMORE WASHINGTON INTERNATIONAL AIRPORT, MD US","39.17329","-76.68408","42.0","2014-04-30","3.06","0.0","0.0",,"65","48",,,,,,,,,,,,,,
"USW00093721","BALTIMORE WASHINGTON INTERNATIONAL AIRPORT, MD US","39.17329","-76.68408","42.0","2014-05-01","0.27","0.0","0.0",,"79","58","    1",,,,,,,,,,,,,
"USW00093721","BALTIMORE WASHINGTON INTERNATIONAL AIRPORT, MD US","39.17329","-76.68408","42.0","2014-05-02","0.00","0.0","0.0",,"70","49",,,,,,,,,,,,,,
"USW00093721","BALTIMORE WASHINGTON INTERNATIONAL AIRPORT, MD US","39.17329","-76.68408","42.0","2014-05-03","0.03","0.0","0.0",,"72","51",,,,,,,,,,,,,,
"USW00093721","BALTIMORE WASHINGTON INTERNATIONAL AIRPORT, MD US","39.17329","-76.68408","42.0","2014-05-04","0.00","0.0","0.0",,"75","43",,,,,,,,,,,,,,
"USW00093721","BALTIMORE WASHINGTON INTERNATIONAL AIRPORT, MD US","39.17329","-76.68408","42.0","2014-05-05","0.00","0.0","0.0",,"66","43",,,,,,,,,,,,,,
"USW00093721","BALTIMORE WASHINGTON INTERNATIONAL AIRPORT, MD US","39.17329","-76.68408","42.0","2014-05-06","0.00","0.0","0.0",,"73","51",,,,,,,,,,,,,,
"USW00093721","BALTIMORE WASHINGTON INTERNATIONAL AIRPORT, MD US","39.17329","-76.68408","42.0","2014-05-07","0.17","0.0","0.0",,"61","51",,,,,,,,,,,,,,
"USW00093721","BALTIMORE WASHINGTON INTERNATIONAL AIRPORT, MD US","39.17329","-76.68408","42.0","2014-05-08","0.00","0.0","0.0",,"85","56",,,,,,,,,,,,,,
"USW00093721","BALTIMORE WASHINGTON INTERNATIONAL AIRPORT, MD US","39.17329","-76.68408","42.0","2014-05-09","0.00","0.0","0.0",,"69","58",,,,,,,,,,,,,,
"USW00093721","BALTIMORE WASHINGTON INTERNATIONAL AIRPORT, MD US","39.17329","-76.68408","42.0","2014-05-10","0.29","0.0","0.0",,"80","61","    1",,,,,,,,,,,,,
"USW00093721","BALTIMORE WASHINGTON INTERNATIONAL AIRPORT, MD US","39.17329","-76.68408","42.0","2014-05-11","0.00","0.0","0.0",,"80","56","    1",,,,,,,,,,,,,
"USW00093721","BALTIMORE WASHINGTON INTERNATIONAL AIRPORT, MD US","39.17329","-76.68408","42.0","2014-05-12","0.00","0.0","0.0",,"86","54",,,"    1",,,,,,,,,,,
"USW00093721","BALTIMORE WASHINGTON INTERNATIONAL AIRPORT, MD US","39.17329","-76.68408","42.0","2014-05-13","0.00","0.0","0.0",,"86","58",,,,,,,,,,,,,,
"USW00093721","BALTIMORE WASHINGTON INTERNATIONAL AIRPORT, MD US","39.17329","-76.68408","42.0","2014-05-14","0.00","0.0","0.0",,"65","57",,,,,,,,,,,,,,
"USW00093721","BALTIMORE WASHINGTON INTERNATIONAL AIRPORT, MD US","39.17329","-76.68408","42.0","2014-05-15","0.01","0.0","0.0",,"80","62",,,,,,,,,,,,,,
"USW00093721","BALTIMORE WASHINGTON INTERNATIONAL AIRPORT, MD US","39.17329","-76.68408","42.0","2014-05-16","1.71","0.0","0.0",,"72","56","    1",,,,,,,,,,,,,
"USW00093721","BALTIMORE WASHINGTON INTERNATIONAL AIRPORT, MD US","39.17329","-76.68408","42.0","2014-05-17","0.00","0.0","0.0",,"67","48",,,,,,,,,,,,,,
"USW00093721","BALTIMORE WASHINGTON INTERNATIONAL AIRPORT, MD US","39.17329","-76.68408","42.0","2014-05-18","0.00","0.0","0.0",,"67","49",,,,,,,,,,,,,,
"USW00093721","BALTIMORE WASHINGTON INTERNATIONAL AIRPORT, MD US","39.17329","-76.68408","42.0","2014-05-19","0.00","0.0","0.0",,"73","44",,,,,,,,,,,,,,
"USW00093721","BALTIMORE WASHINGTON INTERNATIONAL AIRPORT, MD US","39.17329","-76.68408","42.0","2014-05-20","0.00","0.0","0.0",,"78","49",,,,,,,,,,,,,,
"USW00093721","BALTIMORE WASHINGTON INTERNATIONAL AIRPORT, MD US","39.17329","-76.68408","42.0","2014-05-21","0.08","0.0","0.0",,"73","59",,,,,,,,,,,,,,
"USW00093721","BALTIMORE WASHINGTON INTERNATIONAL AIRPORT, MD US","39.17329","-76.68408","42.0","2014-05-22","0.12","0.0","0.0",,"84","63",,,,,,,,,,,,,,
"USW00093721","BALTIMORE WASHINGTON INTERNATIONAL AIRPORT, MD US","39.17329","-76.68408","42.0","2014-05-23","0.00","0.0","0.0",,"77","54",,,,,,,,,,,,,,
"USW00093721","BALTIMORE WASHINGTON INTERNATIONAL AIRPORT, MD US","39.17329","-76.68408","42.0","2014-05-24","0.00","0.0","0.0",,"76","50",,,,,,,,,,,,,,
"USW00093721","BALTIMORE WASHINGTON INTERNATIONAL AIRPORT, MD US","39.17329","-76.68408","42.0","2014-05-25","0.00","0.0","0.0",,"82","53",,,,,,,,,,,,,,
"USW00093721","BALTIMORE WASHINGTON INTERNATIONAL AIRPORT, MD US","39.17329","-76.68408","42.0","2014-05-26","0.00","0.0","0.0",,"86","57",,,,,,,,,,,,,,
"USW00093721","BALTIMORE WASHINGTON INTERNATIONAL AIRPORT, MD US","39.17329","-76.68408","42.0","2014-05-27","0.30","0.0","0.0",,"90","63",,,,,,,,,,,,,,
"USW00093721","BALTIMORE WASHINGTON INTERNATIONAL AIRPORT, MD US","39.17329","-76.68408","42.0","2014-05-28","0.07","0.0","0.0",,"83","57",,,,,,,,,,,,,,
"USW00093721","BALTIMORE WASHINGTON INTERNATIONAL AIRPORT, MD US","39.17329","-76.68408","42.0","2014-05-29","0.29","0.0","0.0",,"57","54","    1",,,,,,,,,,,,,
"USW00093721","BALTIMORE WASHINGTON INTERNATIONAL AIRPORT, MD US","39.17329","-76.68408","42.0","2014-05-30","0.01","0.0","0.0",,"75","56","    1",,,,,,,,,,,,,
"USW00093721","BALTIMORE WASHINGTON INTERNATIONAL AIRPORT, MD US","39.17329","-76.68408","42.0","2014-05-31","0.00","0.0","0.0",,"78","56",,,,,,,,,,,,,,
"USW00093721","BALTIMORE WASHINGTON INTERNATIONAL AIRPORT, MD US","39.17329","-76.68408","42.0","2014-06-01","0.00","0.0","0.0",,"75","50",,,,,,,,,,,,,,
"USW00093721","BALTIMORE WASHINGTON INTERNATIONAL AIRPORT, MD US","39.17329","-76.68408","42.0","2014-06-02","0.00","0.0","0.0",,"80","53",,,,,,,,,,,,,,
"USW00093721","BALTIMORE WASHINGTON INTERNATIONAL AIRPORT, MD US","39.17329","-76.68408","42.0","2014-06-03","0.19","0.0","0.0",,"87","62","    1",,,,,,,,,,,,,
"USW00093721","BALTIMORE WASHINGTON INTERNATIONAL AIRPORT, MD US","39.17329","-76.68408","42.0","2014-06-04","0.14","0.0","0.0",,"87","65","    1",,,,,,,,,,,,,
"USW00093721","BALTIMORE WASHINGTON INTERNATIONAL AIRPORT, MD US","39.17329","-76.68408","42.0","2014-06-05","0.21","0.0","0.0",,"79","62","    1",,,,,,,,,,,,,
"USW00093721","BALTIMORE WASHINGTON INTERNATIONAL AIRPORT, MD US","39.17329","-76.68408","42.0","2014-06-06","0.00","0.0","0.0",,"78","57",,,,,,,,,,,,,,
"USW00093721","BALTIMORE WASHINGTON INTERNATIONAL AIRPORT, MD US","39.17329","-76.68408","42.0","2014-06-07","0.00","0.0","0.0",,"85","55",,,,,,,,,,,,,,
"USW00093721","BALTIMORE WASHINGTON INTERNATIONAL AIRPORT, MD US","39.17329","-76.68408","42.0","2014-06-08","0.00","0.0","0.0",,"83","58",,,,,,,,,,,,,,
"USW00093721","BALTIMORE WASHINGTON INTERNATIONAL AIRPORT, MD US","39.17329","-76.68408","42.0","2014-06-09","0.17","0.0","0.0",,"81","67","    1",,,,,,,,,,,,,
"USW00093721","BALTIMORE WASHINGTON INTERNATIONAL AIRPORT, MD US","39.17329","-76.68408","42.0","2014-06-10","0.36","0.0","0.0",,"84","70",,,,,,,,,,,,,,
"USW00093721","BALTIMORE WASHINGTON INTERNATIONAL AIRPORT, MD US","39.17329","-76.68408","42.0","2014-06-11","0.12","0.0","0.0",,"82","68",,,,,,,,,,,,,,
"USW00093721","BALTIMORE WASHINGTON INTERNATIONAL AIRPORT, MD US","39.17329","-76.68408","42.0","2014-06-12","0.27","0.0","0.0",,"76","68","    1",,,,,,,,,,,,,
"USW00093721","BALTIMORE WASHINGTON INTERNATIONAL AIRPORT, MD US","39.17329","-76.68408","42.0","2014-06-13","0.03","0.0","0.0",,"83","66",,,,,,,,,,,,,,
"USW00093721","BALTIMORE WASHINGTON INTERNATIONAL AIRPORT, MD US","39.17329","-76.68408","42.0","2014-06-14","0.00","0.0","0.0",,"75","60",,,,,,,,,,,,,,
"USW00093721","BALTIMORE WASHINGTON INTERNATIONAL AIRPORT, MD US","39.17329","-76.68408","42.0","2014-06-15","0.00","0.0","0.0",,"83","51",,,,,,,,,,,,,,
"USW00093721","BALTIMORE WASHINGTON INTERNATIONAL AIRPORT, MD US","39.17329","-76.68408","42.0","2014-06-16","0.00","0.0","0.0",,"90","59",,,,,,,,,,,,,,
"USW00093721","BALTIMORE WASHINGTON INTERNATIONAL AIRPORT, MD US","39.17329","-76.68408","42.0","2014-06-17","0.00","0.0","0.0",,"94","68",,,,,,,"    1",,,,,,,
"USW00093721","BALTIMORE WASHINGTON INTERNATIONAL AIRPORT, MD US","39.17329","-76.68408","42.0","2014-06-18","0.17","0.0","0.0",,"96","73",,,,,,,,,,,,,,
"USW00093721","BALTIMORE WASHINGTON INTERNATIONAL AIRPORT, MD US","39.17329","-76.68408","42.0","2014-06-19","1.50","0.0","0.0",,"83","68",,,,,,,,,,,,,,
"USW00093721","BALTIMORE WASHINGTON INTERNATIONAL AIRPORT, MD US","39.17329","-76.68408","42.0","2014-06-20","0.00","0.0","0.0",,"83","64",,,,,,,,,,,,,,
"USW00093721","BALTIMORE WASHINGTON INTERNATIONAL AIRPORT, MD US","39.17329","-76.68408","42.0","2014-06-21","0.00","0.0","0.0",,"72","66",,,,,,,,,,,,,,
"USW00093721","BALTIMORE WASHINGTON INTERNATIONAL AIRPORT, MD US","39.17329","-76.68408","42.0","2014-06-22","0.00","0.0","0.0",,"80","66",,,,,,,,,,,,,,
"USW00093721","BALTIMORE WASHINGTON INTERNATIONAL AIRPORT, MD US","39.17329","-76.68408","42.0","2014-06-23","0.00","0.0","0.0",,"82","61",,,,,,,,,,,,,,
"USW00093721","BALTIMORE WASHINGTON INTERNATIONAL AIRPORT, MD US","39.17329","-76.68408","42.0","2014-06-24","0.00","0.0","0.0",,"84","65",,,,,,,,,,,,,,
"USW00093721","BALTIMORE WASHINGTON INTERNATIONAL AIRPORT, MD US","39.17329","-76.68408","42.0","2014-06-25","0.79","0.0","0.0",,"88","71",,,,,,,,,,,,,,
"USW00093721","BALTIMORE WASHINGTON INTERNATIONAL AIRPORT, MD US","39.17329","-76.68408","42.0","2014-06-26","0.00","0.0","0.0",,"87","70","    1",,,,,,,,,,,,,
"USW00093721","BALTIMORE WASHINGTON INTERNATIONAL AIRPORT, MD US","39.17329","-76.68408","42.0","2014-06-27","0.00","0.0","0.0",,"81","66",,,,,,,,,,,,,,
"USW00093721","BALTIMORE WASHINGTON INTERNATIONAL AIRPORT, MD US","39.17329","-76.68408","42.0","2014-06-28","0.00","0.0","0.0",,"83","61",,,,,,,,,,,,,,
"USW00093721","BALTIMORE WASHINGTON INTERNATIONAL AIRPORT, MD US","39.17329","-76.68408","42.0","2014-06-29","0.00","0.0","0.0",,"83","61",,,,,,,,,,,,,,
"USW00093721","BALTIMORE WASHINGTON INTERNATIONAL AIRPORT, MD US","39.17329","-76.68408","42.0","2014-06-30","0.00","0.0","0.0",,"86","69",,,,,,,,,,,,,,
"USW00093721","BALTIMORE WASHINGTON INTERNATIONAL AIRPORT, MD US","39.17329","-76.68408","42.0","2014-07-01","0.00","0.0","0.0",,"91","71",,,,,,,"    1",,,,,,,
"USW00093721","BALTIMORE WASHINGTON INTERNATIONAL AIRPORT, MD US","39.17329","-76.68408","42.0","2014-07-02","0.48","0.0","0.0",,"93","73",,,,,,,,,,,,,,
"USW00093721","BALTIMORE WASHINGTON INTERNATIONAL AIRPORT, MD US","39.17329","-76.68408","42.0","2014-07-03","0.35","0.0","0.0",,"89","72",,,,,,,,,,,,,,
"USW00093721","BALTIMORE WASHINGTON INTERNATIONAL AIRPORT, MD US","39.17329","-76.68408","42.0","2014-07-04","0.13","0.0","0.0",,"80","63","    1",,,,,,,,,,,,,
"USW00093721","BALTIMORE WASHINGTON INTERNATIONAL AIRPORT, MD US","39.17329","-76.68408","42.0","2014-07-05","0.00","0.0","0.0",,"82","55",,,,,,,,,,,,,,
"USW00093721","BALTIMORE WASHINGTON INTERNATIONAL AIRPORT, MD US","39.17329","-76.68408","42.0","2014-07-06","0.00","0.0","0.0",,"86","58",,,,,,,,,,,,,,
"USW00093721","BALTIMORE WASHINGTON INTERNATIONAL AIRPORT, MD US","39.17329","-76.68408","42.0","2014-07-07","0.00","0.0","0.0",,"91","72",,,,,,,,,,,,,,
"USW00093721","BALTIMORE WASHINGTON INTERNATIONAL AIRPORT, MD US","39.17329","-76.68408","42.0","2014-07-08","0.19","0.0","0.0",,"93","69",,,,,,,,,,,,,,
"USW00093721","BALTIMORE WASHINGTON INTERNATIONAL AIRPORT, MD US","39.17329","-76.68408","42.0","2014-07-09","0.00","0.0","0.0",,"88","70",,,"    1",,,,,,,,,,,
"USW00093721","BALTIMORE WASHINGTON INTERNATIONAL AIRPORT, MD US","39.17329","-76.68408","42.0","2014-07-10","0.00","0.0","0.0",,"84","68",,,"    1",,,,,,,,,,,
"USW00093721","BALTIMORE WASHINGTON INTERNATIONAL AIRPORT, MD US","39.17329","-76.68408","42.0","2014-07-11","0.00","0.0","0.0",,"86","64",,,,,,,,,,,,,,
"USW00093721","BALTIMORE WASHINGTON INTERNATIONAL AIRPORT, MD US","39.17329","-76.68408","42.0","2014-07-12","0.00","0.0","0.0",,"87","67","    1",,,,,,,,,,,,,
"USW00093721","BALTIMORE WASHINGTON INTERNATIONAL AIRPORT, MD US","39.17329","-76.68408","42.0","2014-07-13","0.35","0.0","0.0",,"92","70",,,,,,,,,,,,,,
"USW00093721","BALTIMORE WASHINGTON INTERNATIONAL AIRPORT, MD US","39.17329","-76.68408","42.0","2014-07-14","0.23","0.0","0.0",,"89","71",,,,,,,,,,,,,,
"USW00093721","BALTIMORE WASHINGTON INTERNATIONAL AIRPORT, MD US","39.17329","-76.68408","42.0","2014-07-15","0.84","0.0","0.0",,"88","71",,,,,,,,,,,,,,
"USW00093721","BALTIMORE WASHINGTON INTERNATIONAL AIRPORT, MD US","39.17329","-76.68408","42.0","2014-07-16","0.00","0.0","0.0",,"81","64",,,,,,,,,,,,,,
"USW00093721","BALTIMORE WASHINGTON INTERNATIONAL AIRPORT, MD US","39.17329","-76.68408","42.0","2014-07-17","0.00","0.0","0.0",,"81","61",,,,,,,,,,,,,,
"USW00093721","BALTIMORE WASHINGTON INTERNATIONAL AIRPORT, MD US","39.17329","-76.68408","42.0","2014-07-18","0.00","0.0","0.0",,"83","57",,,,,,,,,,,,,,
"USW00093721","BALTIMORE WASHINGTON INTERNATIONAL AIRPORT, MD US","39.17329","-76.68408","42.0","2014-07-19","0.00","0.0","0.0",,"80","66",,,,,,,,,,,,,,
"USW00093721","BALTIMORE WASHINGTON INTERNATIONAL AIRPORT, MD US","39.17329","-76.68408","42.0","2014-07-20","0.00","0.0","0.0",,"81","70",,,,,,,,,,,,,,
"USW00093721","BALTIMORE WASHINGTON INTERNATIONAL AIRPORT, MD US","39.17329","-76.68408","42.0","2014-07-21","0.00","0.0","0.0",,"83","69",,,,,,,,,,,,,,
"USW00093721","BALTIMORE WASHINGTON INTERNATIONAL AIRPORT, MD US","39.17329","-76.68408","42.0","2014-07-22","0.00","0.0","0.0",,"85","69",,,,,,,,,,,,,,
"USW00093721","BALTIMORE WASHINGTON INTERNATIONAL AIRPORT, MD US","39.17329","-76.68408","42.0","2014-07-23","0.12","0.0","0.0",,"94","70",,,,,,,,,,,,,,
"USW00093721","BALTIMORE WASHINGTON INTERNATIONAL AIRPORT, MD US","39.17329","-76.68408","42.0","2014-07-24","0.00","0.0","0.0",,"81","61","    1",,,,,,,,,,,,,
"USW00093721","BALTIMORE WASHINGTON INTERNATIONAL AIRPORT, MD US","39.17329","-76.68408","42.0","2014-07-25","0.00","0.0","0.0",,"83","57",,,,,,,,,,,,,,
"USW00093721","BALTIMORE WASHINGTON INTERNATIONAL AIRPORT, MD US","39.17329","-76.68408","42.0","2014-07-26","0.03","0.0","0.0",,"88","63","    1",,,,,,,,,,,,,
"USW00093721","BALTIMORE WASHINGTON INTERNATIONAL AIRPORT, MD US","39.17329","-76.68408","42.0","2014-07-27","0.08","0.0","0.0",,"89","72","    1",,,,,,,,,,,,,
"USW00093721","BALTIMORE WASHINGTON INTERNATIONAL AIRPORT, MD US","39.17329","-76.68408","42.0","2014-07-28","0.00","0.0","0.0",,"86","65",,,,,,,,,,,,,,
"USW00093721","BALTIMORE WASHINGTON INTERNATIONAL AIRPORT, MD US","39.17329","-76.68408","42.0","2014-07-29","0.00","0.0","0.0",,"76","59",,,,,,,,,,,,,,
"USW00093721","BALTIMORE WASHINGTON INTERNATIONAL AIRPORT, MD US","39.17329","-76.68408","42.0","2014-07-30","0.00","0.0","0.0",,"81","55",,,,,,,"    1",,,,,,,
"USW00093721","BALTIMORE WASHINGTON INTERNATIONAL AIRPORT, MD US","39.17329","-76.68408","42.0","2014-07-31","0.00","0.0","0.0",,"87","59",,,,,,,,,,,,,,
"USW00093721","BALTIMORE WASHINGTON INTERNATIONAL AIRPORT, MD US","39.17329","-76.68408","42.0","2014-08-01","0.09","0.0","0.0",,"81","66","    1",,,,,,,,,,,,,
"USW00093721","BALTIMORE WASHINGTON INTERNATIONAL AIRPORT, MD US","39.17329","-76.68408","42.0","2014-08-02","0.20","0.0","0.0",,"79","65","    1",,,,,,,,,,,,,
"USW00093721","BALTIMORE WASHINGTON INTERNATIONAL AIRPORT, MD US","39.17329","-76.68408","42.0","2014-08-03","0.53","0.0","0.0",,"79","65",,,,,,,,,,,,,,
"USW00093721","BALTIMORE WASHINGTON INTERNATIONAL AIRPORT, MD US","39.17329","-76.68408","42.0","2014-08-04","0.00","0.0","0.0",,"84","61","    1",,,,,,,,,,,,,
"USW00093721","BALTIMORE WASHINGTON INTERNATIONAL AIRPORT, MD US","39.17329","-76.68408","42.0","2014-08-05","0.00","0.0","0.0",,"89","63",,,,,,,,,,,,,,
"USW00093721","BALTIMORE WASHINGTON INTERNATIONAL AIRPORT, MD US","39.17329","-76.68408","42.0","2014-08-06","0.00","0.0","0.0",,"82","64","    1",,,,,,,,,,,,,
"USW00093721","BALTIMORE WASHINGTON INTERNATIONAL AIRPORT, MD US","39.17329","-76.68408","42.0","2014-08-07","0.00","0.0","0.0",,"84","64",,,,,,,,,,,,,,
"USW00093721","BALTIMORE WASHINGTON INTERNATIONAL AIRPORT, MD US","39.17329","-76.68408","42.0","2014-08-08","0.00","0.0","0.0",,"84","59",,,,,,,"    1",,,,,,,
"USW00093721","BALTIMORE WASHINGTON INTERNATIONAL AIRPORT, MD US","39.17329","-76.68408","42.0","2014-08-09","0.00","0.0","0.0",,"84","60",,,,,,,,,,,,,,
"USW00093721","BALTIMORE WASHINGTON INTERNATIONAL AIRPORT, MD US","39.17329","-76.68408","42.0","2014-08-10","0.00","0.0","0.0",,"86","63",,,,,,,,,,,,,,
"USW00093721","BALTIMORE WASHINGTON INTERNATIONAL AIRPORT, MD US","39.17329","-76.68408","42.0","2014-08-11","0.01","0.0","0.0",,"83","61",,,,,,,,,,,,,,
"USW00093721","BALTIMORE WASHINGTON INTERNATIONAL AIRPORT, MD US","39.17329","-76.68408","42.0","2014-08-12","6.30","0.0","0.0",,"76","67",,,,,,,,,,,,,,
"USW00093721","BALTIMORE WASHINGTON INTERNATIONAL AIRPORT, MD US","39.17329","-76.68408","42.0","2014-08-13","0.00","0.0","0.0",,"82","63","    1",,,,,,,,,,,,,
"USW00093721","BALTIMORE WASHINGTON INTERNATIONAL AIRPORT, MD US","39.17329","-76.68408","42.0","2014-08-14","0.00","0.0","0.0",,"81","58",,,,,,,,,,,,,,
"USW00093721","BALTIMORE WASHINGTON INTERNATIONAL AIRPORT, MD US","39.17329","-76.68408","42.0","2014-08-15","0.00","0.0","0.0",,"78","54",,,,,,,,,,,,,,
"USW00093721","BALTIMORE WASHINGTON INTERNATIONAL AIRPORT, MD US","39.17329","-76.68408","42.0","2014-08-16","0.00","0.0","0.0",,"82","55",,,,,,,,,,,,,,
"USW00093721","BALTIMORE WASHINGTON INTERNATIONAL AIRPORT, MD US","39.17329","-76.68408","42.0","2014-08-17","0.00","0.0","0.0",,"87","62",,,,,,,,,,,,,,
"USW00093721","BALTIMORE WASHINGTON INTERNATIONAL AIRPORT, MD US","39.17329","-76.68408","42.0","2014-08-18","0.00","0.0","0.0",,"80","64",,,,,,,,,,,,,,
"USW00093721","BALTIMORE WASHINGTON INTERNATIONAL AIRPORT, MD US","39.17329","-76.68408","42.0","2014-08-19","0.00","0.0","0.0",,"82","68",,,,,,,,,,,,,,
"USW00093721","BALTIMORE WASHINGTON INTERNATIONAL AIRPORT, MD US","39.17329","-76.68408","42.0","2014-08-20","0.01","0.0","0.0",,"84","64",,,,,,,,,,,,,,
"USW00093721","BALTIMORE WASHINGTON INTERNATIONAL AIRPORT, MD US","39.17329","-76.68408","42.0","2014-08-21","0.01","0.0","0.0",,"87","64","    1",,,,,,,,,,,,,
"USW00093721","BALTIMORE WASHINGTON INTERNATIONAL AIRPORT, MD US","39.17329","-76.68408","42.0","2014-08-22","0.00","0.0","0.0",,"78","67",,,,,,,,,,,,,,
"USW00093721","BALTIMORE WASHINGTON INTERNATIONAL AIRPORT, MD US","39.17329","-76.68408","42.0","2014-08-23","0.21","0.0","0.0",,"72","67","    1",,,,,,,,,,,,,
"USW00093721","BALTIMORE WASHINGTON INTERNATIONAL AIRPORT, MD US","39.17329","-76.68408","42.0","2014-08-24","0.00","0.0","0.0",,"79","64",,,,,,,,,,,,,,
"USW00093721","BALTIMORE WASHINGTON INTERNATIONAL AIRPORT, MD US","39.17329","-76.68408","42.0","2014-08-25","0.00","0.0","0.0",,"81","59",,,,,,,,,,,,,,
"USW00093721","BALTIMORE WASHINGTON INTERNATIONAL AIRPORT, MD US","39.17329","-76.68408","42.0","2014-08-26","0.00","0.0","0.0",,"86","60",,,,,,,,,,,,,,
"USW00093721","BALTIMORE WASHINGTON INTERNATIONAL AIRPORT, MD US","39.17329","-76.68408","42.0","2014-08-27","0.00","0.0","0.0",,"89","60",,,,,,,,,,,,,,
"USW00093721","BALTIMORE WASHINGTON INTERNATIONAL AIRPORT, MD US","39.17329","-76.68408","42.0","2014-08-28","0.00","0.0","0.0",,"84","62",,,,,,,,,,,,,,
"USW00093721","BALTIMORE WASHINGTON INTERNATIONAL AIRPORT, MD US","39.17329","-76.68408","42.0","2014-08-29","0.00","0.0","0.0",,"78","55",,,,,,,,,,,,,,
"USW00093721","BALTIMORE WASHINGTON INTERNATIONAL AIRPORT, MD US","39.17329","-76.68408","42.0","2014-08-30","0.00","0.0","0.0",,"83","62",,,,,,,,,,,,,,
"USW00093721","BALTIMORE WASHINGTON INTERNATIONAL AIRPORT, MD US","39.17329","-76.68408","42.0","2014-08-31","0.54","0.0","0.0",,"92","73",,,,,,,,,,,,,,
"USW00093721","BALTIMORE WASHINGTON INTERNATIONAL AIRPORT, MD US","39.17329","-76.68408","42.0","2014-09-01","0.08","0.0","0.0",,"89","73","    1",,"    1",,,,,,,,,,,
"USW00093721","BALTIMORE WASHINGTON INTERNATIONAL AIRPORT, MD US","39.17329","-76.68408","42.0","2014-09-02","0.06","0.0","0.0",,"92","72","    1",,"    1",,,,,,,,,,,
"USW00093721","BALTIMORE WASHINGTON INTERNATIONAL AIRPORT, MD US","39.17329","-76.68408","42.0","2014-09-03","0.00","0.0","0.0",,"84","67","    1",,,,,,,,,,,,,
"USW00093721","BALTIMORE WASHINGTON INTERNATIONAL AIRPORT, MD US","39.17329","-76.68408","42.0","2014-09-04","0.00","0.0","0.0",,"86","65","    1",,,,,,,,,,,,,
"USW00093721","BALTIMORE WASHINGTON INTERNATIONAL AIRPORT, MD US","39.17329","-76.68408","42.0","2014-09-05","0.00","0.0","0.0",,"91","71","    1",,,,,,"    1",,,,,,,
"USW00093721","BALTIMORE WASHINGTON INTERNATIONAL AIRPORT, MD US","39.17329","-76.68408","42.0","2014-09-06","0.65","0.0","0.0",,"93","71","    1",,"    1",,"    1",,"    1",,,,,,,
"USW00093721","BALTIMORE WASHINGTON INTERNATIONAL AIRPORT, MD US","39.17329","-76.68408","42.0","2014-09-07","0.00","0.0","0.0",,"81","65",,,,,,,,,,,,,,
"USW00093721","BALTIMORE WASHINGTON INTERNATIONAL AIRPORT, MD US","39.17329","-76.68408","42.0","2014-09-08","0.00","0.0","0.0",,"74","63",,,,,,,,,,,,,,
"USW00093721","BALTIMORE WASHINGTON INTERNATIONAL AIRPORT, MD US","39.17329","-76.68408","42.0","2014-09-09","0.00","0.0","0.0",,"77","66",,,,,,,,,,,,,,
"USW00093721","BALTIMORE WASHINGTON INTERNATIONAL AIRPORT, MD US","39.17329","-76.68408","42.0","2014-09-10","0.00","0.0","0.0",,"79","67",,,,,,,,,,,,,,
"USW00093721","BALTIMORE WASHINGTON INTERNATIONAL AIRPORT, MD US","39.17329","-76.68408","42.0","2014-09-11","0.00","0.0","0.0",,"89","68",,,,,,,,,,,,,,
"USW00093721","BALTIMORE WASHINGTON INTERNATIONAL AIRPORT, MD US","39.17329","-76.68408","42.0","2014-09-12","0.00","0.0","0.0",,"77","63",,,,,,,,,,,,,,
"USW00093721","BALTIMORE WASHINGTON INTERNATIONAL AIRPORT, MD US","39.17329","-76.68408","42.0","2014-09-13","0.15","0.0","0.0",,"68","55","    1",,,,,,"    1",,,,,,,
"USW00093721","BALTIMORE WASHINGTON INTERNATIONAL AIRPORT, MD US","39.17329","-76.68408","42.0","2014-09-14","0.00","0.0","0.0",,"70","49",,,,,,,,,,,,,,
"USW00093721","BALTIMORE WASHINGTON INTERNATIONAL AIRPORT, MD US","39.17329","-76.68408","42.0","2014-09-15","0.00","0.0","0.0",,"72","51",,,,,,,,,,,,,,
"USW00093721","BALTIMORE WASHINGTON INTERNATIONAL AIRPORT, MD US","39.17329","-76.68408","42.0","2014-09-16","0.00","0.0","0.0",,"76","53",,,,,,,,,,,,,,
"USW00093721","BALTIMORE WASHINGTON INTERNATIONAL AIRPORT, MD US","39.17329","-76.68408","42.0","2014-09-17","0.00","0.0","0.0",,"74","51","    1",,,,,,,,,,,,,
"USW00093721","BALTIMORE WASHINGTON INTERNATIONAL AIRPORT, MD US","39.17329","-76.68408","42.0","2014-09-18","0.01","0.0","0.0",,"72","52","    1",,,,,,"    1",,,,,,,
"USW00093721","BALTIMORE WASHINGTON INTERNATIONAL AIRPORT, MD US","39.17329","-76.68408","42.0","2014-09-19","0.00","0.0","0.0",,"75","51","    1",,,,,,,,,,,,,
"USW00093721","BALTIMORE WASHINGTON INTERNATIONAL AIRPORT, MD US","39.17329","-76.68408","42.0","2014-09-20","0.00","0.0","0.0",,"80","60","    1",,,,,,"    1",,,,,,,
"USW00093721","BALTIMORE WASHINGTON INTERNATIONAL AIRPORT, MD US","39.17329","-76.68408","42.0","2014-09-21","0.00","0.0","0.0",,"84","55","    1","    1",,,,,"    1",,,,,,,
"USW00093721","BALTIMORE WASHINGTON INTERNATIONAL AIRPORT, MD US","39.17329","-76.68408","42.0","2014-09-22","0.00","0.0","0.0",,"73","52",,,,,,,,,,,,,,
"USW00093721","BALTIMORE WASHINGTON INTERNATIONAL AIRPORT, MD US","39.17329","-76.68408","42.0","2014-09-23","0.00","0.0","0.0",,"72","44","    1",,,,,,"    1",,,,,,,
"USW00093721","BALTIMORE WASHINGTON INTERNATIONAL AIRPORT, MD US","39.17329","-76.68408","42.0","2014-09-24","0.03","0.0","0.0",,"71","47","    1",,,,,,,,,,,,,
"USW00093721","BALTIMORE WASHINGTON INTERNATIONAL AIRPORT, MD US","39.17329","-76.68408","42.0","2014-09-25","1.33","0.0","0.0",,"65","59","    1",,,,,,,,,,,,,
"USW00093721","BALTIMORE WASHINGTON INTERNATIONAL AIRPORT, MD US","39.17329","-76.68408","42.0","2014-09-26","0.00","0.0","0.0",,"76","52","    1",,,,,,,,,,,,,
"USW00093721","BALTIMORE WASHINGTON INTERNATIONAL AIRPORT, MD US","39.17329","-76.68408","42.0","2014-09-27","0.00","0.0","0.0",,"81","52",,,,,,,,,,,,,,
"USW00093721","BALTIMORE WASHINGTON INTERNATIONAL AIRPORT, MD US","39.17329","-76.68408","42.0","2014-09-28","0.00","0.0","0.0",,"81","54",,,,,,,,,,,,,,
"USW00093721","BALTIMORE WASHINGTON INTERNATIONAL AIRPORT, MD US","39.17329","-76.68408","42.0","2014-09-29","0.01","0.0","0.0",,"70","59","    1",,,,,,"    1",,,,,,,
"USW00093721","BALTIMORE WASHINGTON INTERNATIONAL AIRPORT, MD US","39.17329","-76.68408","42.0","2014-09-30","0.89","0.0","0.0",,"77","64","    1",,"    1",,,,,,,,,,,
"USW00093721","BALTIMORE WASHINGTON INTERNATIONAL AIRPORT, MD US","39.17329","-76.68408","42.0","2014-10-01","0.00","0.0","0.0",,"74","60","    1",,,,,,,,,,,,,
"USW00093721","BALTIMORE WASHINGTON INTERNATIONAL AIRPORT, MD US","39.17329","-76.68408","42.0","2014-10-02","0.00","0.0","0.0",,"72","56","    1",,,,,,"    1",,,,,,,
"USW00093721","BALTIMORE WASHINGTON INTERNATIONAL AIRPORT, MD US","39.17329","-76.68408","42.0","2014-10-03","0.12","0.0","0.0",,"70","56","    1",,,,,,,,,,,,,
"USW00093721","BALTIMORE WASHINGTON INTERNATIONAL AIRPORT, MD US","39.17329","-76.68408","42.0","2014-10-04","0.08","0.0","0.0",,"69","43","    1",,,,,,,,,,,,,
"USW00093721","BALTIMORE WASHINGTON INTERNATIONAL AIRPORT, MD US","39.17329","-76.68408","42.0","2014-10-05","0.00","0.0","0.0",,"62","36",,,,,,,,,,,,,,
"USW00093721","BALTIMORE WASHINGTON INTERNATIONAL AIRPORT, MD US","39.17329","-76.68408","42.0","2014-10-06","0.00","0.0","0.0",,"73","39",,,,,,,,,,,,,,
"USW00093721","BALTIMORE WASHINGTON INTERNATIONAL AIRPORT, MD US","39.17329","-76.68408","42.0","2014-10-07","0.54","0.0","0.0",,"69","58","    1",,"    1",,,,,,,,,,,
"USW00093721","BALTIMORE WASHINGTON INTERNATIONAL AIRPORT, MD US","39.17329","-76.68408","42.0","2014-10-08","0.00","0.0","0.0",,"76","52","    1",,,,,,"    1",,,,,,,
"USW00093721","BALTIMORE WASHINGTON INTERNATIONAL AIRPORT, MD US","39.17329","-76.68408","42.0","2014-10-09","0.00","0.0","0.0",,"70","45",,,,,,,,,,,,,,
"USW00093721","BALTIMORE WASHINGTON INTERNATIONAL AIRPORT, MD US","39.17329","-76.68408","42.0","2014-10-10","0.00","0.0","0.0",,"61","53",,,,,,,,,,,,,,
"USW00093721","BALTIMORE WASHINGTON INTERNATIONAL AIRPORT, MD US","39.17329","-76.68408","42.0","2014-10-11","0.43","0.0","0.0",,"57","52","    1",,,,,,,,,,,,,
"USW00093721","BALTIMORE WASHINGTON INTERNATIONAL AIRPORT, MD US","39.17329","-76.68408","42.0","2014-10-12","0.00","0.0","0.0",,"62","46","    1",,,,,,,,,,,,,
"USW00093721","BALTIMORE WASHINGTON INTERNATIONAL AIRPORT, MD US","39.17329","-76.68408","42.0","2014-10-13","0.04","0.0","0.0",,"64","58","    1","    1",,,,,,,,,,,,
"USW00093721","BALTIMORE WASHINGTON INTERNATIONAL AIRPORT, MD US","39.17329","-76.68408","42.0","2014-10-14","0.00","0.0","0.0",,"78","63","    1","    1",,,,,,,,,,,,
"USW00093721","BALTIMORE WASHINGTON INTERNATIONAL AIRPORT, MD US","39.17329","-76.68408","42.0","2014-10-15","1.23","0.0","0.0",,"76","61","    1","    1","    1",,,,,,,,,,,
"USW00093721","BALTIMORE WASHINGTON INTERNATIONAL AIRPORT, MD US","39.17329","-76.68408","42.0","2014-10-16","0.00","0.0","0.0",,"64","57","    1",,,,,,"    1",,,,,,,
"USW00093721","BALTIMORE WASHINGTON INTERNATIONAL AIRPORT, MD US","39.17329","-76.68408","42.0","2014-10-17","0.00","0.0","0.0",,"72","51",,,,,,,,,,,,,,
"USW00093721","BALTIMORE WASHINGTON INTERNATIONAL AIRPORT, MD US","39.17329","-76.68408","42.0","2014-10-18","0.00","0.0","0.0",,"72","50",,,,,,,,,,,,,,
"USW00093721","BALTIMORE WASHINGTON INTERNATIONAL AIRPORT, MD US","39.17329","-76.68408","42.0","2014-10-19","0.00","0.0","0.0",,"59","38",,,,,,,,,,,,,,
"USW00093721","BALTIMORE WASHINGTON INTERNATIONAL AIRPORT, MD US","39.17329","-76.68408","42.0","2014-10-20","0.00","0.0","0.0",,"66","35",,,,,,,,,,,,,,
"USW00093721","BALTIMORE WASHINGTON INTERNATIONAL AIRPORT, MD US","39.17329","-76.68408","42.0","2014-10-21","0.72","0.0","0.0",,"70","46","    1",,"    1",,,,,,,,,,,
"USW00093721","BALTIMORE WASHINGTON INTERNATIONAL AIRPORT, MD US","39.17329","-76.68408","42.0","2014-10-22","0.95","0.0","0.0",,"55","52","    1",,,,,,,,,,,,,
"USW00093721","BALTIMORE WASHINGTON INTERNATIONAL AIRPORT, MD US","39.17329","-76.68408","42.0","2014-10-23","0.00","0.0","0.0",,"63","52",,,,,,,,,,,,,,
"USW00093721","BALTIMORE WASHINGTON INTERNATIONAL AIRPORT, MD US","39.17329","-76.68408","42.0","2014-10-24","0.00","0.0","0.0",,"68","48",,,,,,,,,,,,,,
"USW00093721","BALTIMORE WASHINGTON INTERNATIONAL AIRPORT, MD US","39.17329","-76.68408","42.0","2014-10-25","0.00","0.0","0.0",,"71","43",,,,,,,"    1",,,,,,,
"USW00093721","BALTIMORE WASHINGTON INTERNATIONAL AIRPORT, MD US","39.17329","-76.68408","42.0","2014-10-26","0.00","0.0","0.0",,"69","42",,,,,,,,,,,,,,
"USW00093721","BALTIMORE WASHINGTON INTERNATIONAL AIRPORT, MD US","39.17329","-76.68408","42.0","2014-10-27","0.00","0.0","0.0",,"71","39",,,,,,,,,,,,,,
"USW00093721","BALTIMORE WASHINGTON INTERNATIONAL AIRPORT, MD US","39.17329","-76.68408","42.0","2014-10-28","0.00","0.0","0.0",,"80","47",,,,,,,,,,,,,,
"USW00093721","BALTIMORE WASHINGTON INTERNATIONAL AIRPORT, MD US","39.17329","-76.68408","42.0","2014-10-29","0.05","0.0","0.0",,"69","44","    1",,,,,,,,,,,,,
"USW00093721","BALTIMORE WASHINGTON INTERNATIONAL AIRPORT, MD US","39.17329","-76.68408","42.0","2014-10-30","0.00","0.0","0.0",,"60","42","    1",,,,,,,,,,,,,
"USW00093721","BALTIMORE WASHINGTON INTERNATIONAL AIRPORT, MD US","39.17329","-76.68408","42.0","2014-10-31","0.00","0.0","0.0",,"57","46",,,,,,,,,,,,,,
"USW00093721","BALTIMORE WASHINGTON INTERNATIONAL AIRPORT, MD US","39.17329","-76.68408","42.0","2014-11-01","0.11","0.0","0.0",,"52","45","    1",,,,,,,,,,,,,
"USW00093721","BALTIMORE WASHINGTON INTERNATIONAL AIRPORT, MD US","39.17329","-76.68408","42.0","2014-11-02","0.00","0.0","0.0",,"51","41",,,,,,,,,,,,,,
"USW00093721","BALTIMORE WASHINGTON INTERNATIONAL AIRPORT, MD US","39.17329","-76.68408","42.0","2014-11-03","0.00","0.0","0.0",,"59","38",,,,,,,,,,,,,,
"USW00093721","BALTIMORE WASHINGTON INTERNATIONAL AIRPORT, MD US","39.17329","-76.68408","42.0","2014-11-04","0.00","0.0","0.0",,"69","38",,,,,,,,,,,,,,
"USW00093721","BALTIMORE WASHINGTON INTERNATIONAL AIRPORT, MD US","39.17329","-76.68408","42.0","2014-11-05","0.06","0.0","0.0",,"68","52","    1",,,,,,,,,,,,,
"USW00093721","BALTIMORE WASHINGTON INTERNATIONAL AIRPORT, MD US","39.17329","-76.68408","42.0","2014-11-06","0.54","0.0","0.0",,"60","46","    1",,,,,,"    1",,,,,,,
"USW00093721","BALTIMORE WASHINGTON INTERNATIONAL AIRPORT, MD US","39.17329","-76.68408","42.0","2014-11-07","0.00","0.0","0.0",,"56","36",,,,,,,,,,,,,,
"USW00093721","BALTIMORE WASHINGTON INTERNATIONAL AIRPORT, MD US","39.17329","-76.68408","42.0","2014-11-08","0.00","0.0","0.0",,"50","30",,,,,,,,,,,,,,
"USW00093721","BALTIMORE WASHINGTON INTERNATIONAL AIRPORT, MD US","39.17329","-76.68408","42.0","2014-11-09","0.00","0.0","0.0",,"58","36","    1",,,,,,,,,,,,,
"USW00093721","BALTIMORE WASHINGTON INTERNATIONAL AIRPORT, MD US","39.17329","-76.68408","42.0","2014-11-10","0.00","0.0","0.0",,"61","33","    1",,,,,,,,,,,,,
"USW00093721","BALTIMORE WASHINGTON INTERNATIONAL AIRPORT, MD US","39.17329","-76.68408","42.0","2014-11-11","0.00","0.0","0.0",,"66","35","    1",,,,,,"    1",,,,,,,
"USW00093721","BALTIMORE WASHINGTON INTERNATIONAL AIRPORT, MD US","39.17329","-76.68408","42.0","2014-11-12","0.00","0.0","0.0",,"67","41","    1","    1",,,,,"    1",,,,,,,
"USW00093721","BALTIMORE WASHINGTON INTERNATIONAL AIRPORT, MD US","39.17329","-76.68408","42.0","2014-11-13","0.04","0.0","0.0",,"46","35","    1",,,,,,,,,,,,,
"USW00093721","BALTIMORE WASHINGTON INTERNATIONAL AIRPORT, MD US","39.17329","-76.68408","42.0","2014-11-14","0.00","0.0","0.0",,"42","29",,,,,,,,,,,,,,
"USW00093721","BALTIMORE WASHINGTON INTERNATIONAL AIRPORT, MD US","39.17329","-76.68408","42.0","2014-11-15","0.00","0.0","0.0",,"44","25",,,,,,,,,,,,,,
"USW00093721","BALTIMORE WASHINGTON INTERNATIONAL AIRPORT, MD US","39.17329","-76.68408","42.0","2014-11-16","0.07","0.0","0.0",,"45","28","    1",,,,,,"    1",,,,,,,
"USW00093721","BALTIMORE WASHINGTON INTERNATIONAL AIRPORT, MD US","39.17329","-76.68408","42.0","2014-11-17","0.98","0.0","0.0",,"49","38","    1",,,,,,,,,,,,,
"USW00093721","BALTIMORE WASHINGTON INTERNATIONAL AIRPORT, MD US","39.17329","-76.68408","42.0","2014-11-18","0.00","0.0","0.0",,"39","23",,,,,,,,,,,,,,
"USW00093721","BALTIMORE WASHINGTON INTERNATIONAL AIRPORT, MD US","39.17329","-76.68408","42.0","2014-11-19","0.00","0.0","0.0",,"36","19",,,,,,,,,,,,,,
"USW00093721","BALTIMORE WASHINGTON INTERNATIONAL AIRPORT, MD US","39.17329","-76.68408","42.0","2014-11-20","0.00","0.0","0.0",,"52","31",,,,,,,,,,,,,,
"USW00093721","BALTIMORE WASHINGTON INTERNATIONAL AIRPORT, MD US","39.17329","-76.68408","42.0","2014-11-21","0.00","0.0","0.0",,"37","21",,,,,,,,,,,,,,
"USW00093721","BALTIMORE WASHINGTON INTERNATIONAL AIRPORT, MD US","39.17329","-76.68408","42.0","2014-11-22","0.00","0.0","0.0",,"48","18",,,,,,,,,,,,,,
"USW00093721","BALTIMORE WASHINGTON INTERNATIONAL AIRPORT, MD US","39.17329","-76.68408","42.0","2014-11-23","0.06","0.0","0.0",,"55","34","    1",,,,,,,,,,,,,
"USW00093721","BALTIMORE WASHINGTON INTERNATIONAL AIRPORT, MD US","39.17329","-76.68408","42.0","2014-11-24","0.31","0.0","0.0",,"72","48","    1",,,,,,,,,,,,,
"USW00093721","BALTIMORE WASHINGTON INTERNATIONAL AIRPORT, MD US","39.17329","-76.68408","42.0","2014-11-25","0.00","0.0","0.0",,"66","42",,,,,,,,,,,,,,
"USW00093721","BALTIMORE WASHINGTON INTERNATIONAL AIRPORT, MD US","39.17329","-76.68408","42.0","2014-11-26","1.19","0.3","0.0",,"48","33","    1",,,"    1",,,,,,,,,,
"USW00093721","BALTIMORE WASHINGTON INTERNATIONAL AIRPORT, MD US","39.17329","-76.68408","42.0","2014-11-27","0.00","0.0","0.0",,"46","33",,,,,,,,,,,,,,
"USW00093721","BALTIMORE WASHINGTON INTERNATIONAL AIRPORT, MD US","39.17329","-76.68408","42.0","2014-11-28","0.00","0.0","0.0",,"39","24",,,,,,,,,,,,,,
"USW00093721","BALTIMORE WASHINGTON INTERNATIONAL AIRPORT, MD US","39.17329","-76.68408","42.0","2014-11-29","0.00","0.0","0.0",,"44","25",,,,,,,,,,,,,,
"USW00093721","BALTIMORE WASHINGTON INTERNATIONAL AIRPORT, MD US","39.17329","-76.68408","42.0","2014-11-30","0.00","0.0","0.0",,"63","38",,,,,,,,,,,,,,
"USW00093721","BALTIMORE WASHINGTON INTERNATIONAL AIRPORT, MD US","39.17329","-76.68408","42.0","2014-12-01","0.07","0.0","0.0",,"69","43","    1",,,,,,,,,,,,,
"USW00093721","BALTIMORE WASHINGTON INTERNATIONAL AIRPORT, MD US","39.17329","-76.68408","42.0","2014-12-02","0.55","0.0","0.0",,"43","34","    1",,,,,,"    1",,,,,,,
"USW00093721","BALTIMORE WASHINGTON INTERNATIONAL AIRPORT, MD US","39.17329","-76.68408","42.0","2014-12-03","0.03","0.0","0.0",,"50","36","    1",,,,,,,,,,,,,
"USW00093721","BALTIMORE WASHINGTON INTERNATIONAL AIRPORT, MD US","39.17329","-76.68408","42.0","2014-12-04","0.00","0.0","0.0",,"45","28",,,,,,,,,,,,,,
"USW00093721","BALTIMORE WASHINGTON INTERNATIONAL AIRPORT, MD US","39.17329","-76.68408","42.0","2014-12-05","0.01","0.0","0.0",,"41","39","    1",,,,,,"    1",,,,,,,
"USW00093721","BALTIMORE WASHINGTON INTERNATIONAL AIRPORT, MD US","39.17329","-76.68408","42.0","2014-12-06","0.52","0.0","0.0",,"49","40","    1",,,,,,,,,,,,,
"USW00093721","BALTIMORE WASHINGTON INTERNATIONAL AIRPORT, MD US","39.17329","-76.68408","42.0","2014-12-07","0.00","0.0","0.0",,"47","35",,,,,,,,,,,,,,
"USW00093721","BALTIMORE WASHINGTON INTERNATIONAL AIRPORT, MD US","39.17329","-76.68408","42.0","2014-12-08","0.01","0.0","0.0",,"35","30","    1",,,,,,"    1",,,,,,,
"USW00093721","BALTIMORE WASHINGTON INTERNATIONAL AIRPORT, MD US","39.17329","-76.68408","42.0","2014-12-09","0.73","0.0","0.0",,"45","33","    1",,,,,,,,,,,,,
"USW00093721","BALTIMORE WASHINGTON INTERNATIONAL AIRPORT, MD US","39.17329","-76.68408","42.0","2014-12-10","0.00","0.0","0.0",,"49","37",,,,,,,,,,,,,,
"USW00093721","BALTIMORE WASHINGTON INTERNATIONAL AIRPORT, MD US","39.17329","-76.68408","42.0","2014-12-11","0.02","0.2","0.0",,"38","31","    1",,,,,,,,,,,,,
"USW00093721","BALTIMORE WASHINGTON INTERNATIONAL AIRPORT, MD US","39.17329","-76.68408","42.0","2014-12-12","0.00","0.0","0.0",,"42","31",,,,,,,,,,,,,,
"USW00093721","BALTIMORE WASHINGTON INTERNATIONAL AIRPORT, MD US","39.17329","-76.68408","42.0","2014-12-13","0.00","0.0","0.0",,"44","27","    1",,,,,,"    1",,,,,,,
"USW00093721","BALTIMORE WASHINGTON INTERNATIONAL AIRPORT, MD US","39.17329","-76.68408","42.0","2014-12-14","0.00","0.0","0.0",,"52","29",,,,,,,,,,,,,,
"USW00093721","BALTIMORE WASHINGTON INTERNATIONAL AIRPORT, MD US","39.17329","-76.68408","42.0","2014-12-15","0.00","0.0","0.0",,"53","37","    1",,,,,,"    1",,,,,,,
"USW00093721","BALTIMORE WASHINGTON INTERNATIONAL AIRPORT, MD US","39.17329","-76.68408","42.0","2014-12-16","0.34","0.0","0.0",,"46","33","    1","    1",,,,,,,,,,,,
"USW00093721","BALTIMORE WASHINGTON INTERNATIONAL AIRPORT, MD US","39.17329","-76.68408","42.0","2014-12-17","0.00","0.0","0.0",,"54","35","    1",,,,,,,,,,,,,
"USW00093721","BALTIMORE WASHINGTON INTERNATIONAL AIRPORT, MD US","39.17329","-76.68408","42.0","2014-12-18","0.00","0.0","0.0",,"40","32",,,,,,,,,,,,,,
"USW00093721","BALTIMORE WASHINGTON INTERNATIONAL AIRPORT, MD US","39.17329","-76.68408","42.0","2014-12-19","0.00","0.0","0.0",,"42","28",,,,,,,,,,,,,,
"USW00093721","BALTIMORE WASHINGTON INTERNATIONAL AIRPORT, MD US","39.17329","-76.68408","42.0","2014-12-20","0.00","0.0","0.0",,"38","24",,,,,,,"    1",,,,,,,
"USW00093721","BALTIMORE WASHINGTON INTERNATIONAL AIRPORT, MD US","39.17329","-76.68408","42.0","2014-12-21","0.00","0.0","0.0",,"42","27",,,,,,,,,,,,,,
"USW00093721","BALTIMORE WASHINGTON INTERNATIONAL AIRPORT, MD US","39.17329","-76.68408","42.0","2014-12-22","0.22","0.0","0.0",,"40","23","    1",,,,,,"    1",,,,,,,
"USW00093721","BALTIMORE WASHINGTON INTERNATIONAL AIRPORT, MD US","39.17329","-76.68408","42.0","2014-12-23","0.08","0.0","0.0",,"49","40","    1","    1",,,,,,,,,,,,
"USW00093721","BALTIMORE WASHINGTON INTERNATIONAL AIRPORT, MD US","39.17329","-76.68408","42.0","2014-12-24","0.85","0.0","0.0",,"61","46","    1","    1",,,,,,,,,,,,
"USW00093721","BALTIMORE WASHINGTON INTERNATIONAL AIRPORT, MD US","39.17329","-76.68408","42.0","2014-12-25","0.08","0.0","0.0",,"61","35","    1",,,,,,,,,,,,,
"USW00093721","BALTIMORE WASHINGTON INTERNATIONAL AIRPORT, MD US","39.17329","-76.68408","42.0","2014-12-26","0.00","0.0","0.0",,"53","28",,,,,,,,,,,,,,
"USW00093721","BALTIMORE WASHINGTON INTERNATIONAL AIRPORT, MD US","39.17329","-76.68408","42.0","2014-12-27","0.00","0.0","0.0",,"58","28",,,,,,,,,,,,,,
"USW00093721","BALTIMORE WASHINGTON INTERNATIONAL AIRPORT, MD US","39.17329","-76.68408","42.0","2014-12-28","0.04","0.0","0.0",,"60","35","    1",,,,,,,,,,,,,
"USW00093721","BALTIMORE WASHINGTON INTERNATIONAL AIRPORT, MD US","39.17329","-76.68408","42.0","2014-12-29","0.03","0.0","0.0",,"45","36",,,,,,,,,,,,,,
"USW00093721","BALTIMORE WASHINGTON INTERNATIONAL AIRPORT, MD US","39.17329","-76.68408","42.0","2014-12-30","0.00","0.0","0.0",,"42","25",,,,,,,,,,,,,,
"USW00093721","BALTIMORE WASHINGTON INTERNATIONAL AIRPORT, MD US","39.17329","-76.68408","42.0","2014-12-31","0.00","0.0","0.0",,"35","20",,,,,,,,,,,,,,
"USW00093721","BALTIMORE WASHINGTON INTERNATIONAL AIRPORT, MD US","39.17329","-76.68408","42.0","2015-01-01","0.00","0.0","0.0",,"43","17",,,,,,,,,,,,,,
"USW00093721","BALTIMORE WASHINGTON INTERNATIONAL AIRPORT, MD US","39.17329","-76.68408","42.0","2015-01-02","0.00","0.0","0.0",,"46","26",,,,,,,,,,,,,,
"USW00093721","BALTIMORE WASHINGTON INTERNATIONAL AIRPORT, MD US","39.17329","-76.68408","42.0","2015-01-03","0.58","0.0","0.0",,"39","26","    1",,,,,,,,,,,,,
"USW00093721","BALTIMORE WASHINGTON INTERNATIONAL AIRPORT, MD US","39.17329","-76.68408","42.0","2015-01-04","0.21","0.0","0.0",,"62","39","    1",,,,,,,,,,,,,
"USW00093721","BALTIMORE WASHINGTON INTERNATIONAL AIRPORT, MD US","39.17329","-76.68408","42.0","2015-01-05","0.00","0.0","0.0",,"47","24",,,,,,,,,,,,,,
"USW00093721","BALTIMORE WASHINGTON INTERNATIONAL AIRPORT, MD US","39.17329","-76.68408","42.0","2015-01-06","0.22","2.3","1.2",,"28","14","    1","    1",,,,,,,,,,,,
"USW00093721","BALTIMORE WASHINGTON INTERNATIONAL AIRPORT, MD US","39.17329","-76.68408","42.0","2015-01-07","0.00","0.0","1.2",,"24","11",,,,,,,"    1",,,,,,,
"USW00093721","BALTIMORE WASHINGTON INTERNATIONAL AIRPORT, MD US","39.17329","-76.68408","42.0","2015-01-08","0.00","0.0","1.2",,"22","6",,,,,,,,,,,,,,
"USW00093721","BALTIMORE WASHINGTON INTERNATIONAL AIRPORT, MD US","39.17329","-76.68408","42.0","2015-01-09","0.00","0.0","1.2",,"37","22",,,,,,,,,,,,,,
"USW00093721","BALTIMORE WASHINGTON INTERNATIONAL AIRPORT, MD US","39.17329","-76.68408","42.0","2015-01-10","0.00","0.0","0.0",,"25","10",,,,,,,,,,,,,,
"USW00093721","BALTIMORE WASHINGTON INTERNATIONAL AIRPORT, MD US","39.17329","-76.68408","42.0","2015-01-11","0.00","0.0","0.0",,"40","9",,,,,,,,,,,,,,
"USW00093721","BALTIMORE WASHINGTON INTERNATIONAL AIRPORT, MD US","39.17329","-76.68408","42.0","2015-01-12","0.70","0.0","0.0",,"40","32","    1",,,,,,,,,,,,,
"USW00093721","BALTIMORE WASHINGTON INTERNATIONAL AIRPORT, MD US","39.17329","-76.68408","42.0","2015-01-13","0.00","0.0","0.0",,"39","24",,,,,,,,,,,,,,
"USW00093721","BALTIMORE WASHINGTON INTERNATIONAL AIRPORT, MD US","39.17329","-76.68408","42.0","2015-01-14","0.00","0.0","0.0",,"31","23",,,,,,,,,,,,,,
"USW00093721","BALTIMORE WASHINGTON INTERNATIONAL AIRPORT, MD US","39.17329","-76.68408","42.0","2015-01-15","0.00","0.0","0.0",,"40","26",,,,,,,"    1",,,,,,,
"USW00093721","BALTIMORE WASHINGTON INTERNATIONAL AIRPORT, MD US","39.17329","-76.68408","42.0","2015-01-16","0.00","0.0","0.0",,"44","26","    1",,,,,,,,,,,,,
"USW00093721","BALTIMORE WASHINGTON INTERNATIONAL AIRPORT, MD US","39.17329","-76.68408","42.0","2015-01-17","0.00","0.0","0.0",,"34","22",,,,,,,,,,,,,,
"USW00093721","BALTIMORE WASHINGTON INTERNATIONAL AIRPORT, MD US","39.17329","-76.68408","42.0","2015-01-18","0.75","0.0","0.0",,"41","26","    1",,,,,,,,,,,,,
"USW00093721","BALTIMORE WASHINGTON INTERNATIONAL AIRPORT, MD US","39.17329","-76.68408","42.0","2015-01-19","0.00","0.0","0.0",,"46","27",,,,,,,,,,,,,,
"USW00093721","BALTIMORE WASHINGTON INTERNATIONAL AIRPORT, MD US","39.17329","-76.68408","42.0","2015-01-20","0.00","0.0","0.0",,"46","25",,,,,,,,,,,,,,
"USW00093721","BALTIMORE WASHINGTON INTERNATIONAL AIRPORT, MD US","39.17329","-76.68408","42.0","2015-01-21","0.16","2.6","0.0",,"34","26","    1",,,,,,"    1",,,,,,,
"USW00093721","BALTIMORE WASHINGTON INTERNATIONAL AIRPORT, MD US","39.17329","-76.68408","42.0","2015-01-22","0.00","0.0","0.0",,"46","30","    1",,,,,,"    1",,,,,,,
"USW00093721","BALTIMORE WASHINGTON INTERNATIONAL AIRPORT, MD US","39.17329","-76.68408","42.0","2015-01-23","0.44","0.0","0.0",,"41","24","    1",,,"    1",,,"    1",,,,,,,
"USW00093721","BALTIMORE WASHINGTON INTERNATIONAL AIRPORT, MD US","39.17329","-76.68408","42.0","2015-01-24","0.62","0.0","0.0",,"40","33","    1",,,,,,,,,,,,,
"USW00093721","BALTIMORE WASHINGTON INTERNATIONAL AIRPORT, MD US","39.17329","-76.68408","42.0","2015-01-25","0.00","0.0","0.0",,"49","34",,,,,,,,,,,,,,
"USW00093721","BALTIMORE WASHINGTON INTERNATIONAL AIRPORT, MD US","39.17329","-76.68408","42.0","2015-01-26","0.13","1.0","0.0",,"40","26","    1",,,"    1",,,,,,,,,,
"USW00093721","BALTIMORE WASHINGTON INTERNATIONAL AIRPORT, MD US","39.17329","-76.68408","42.0","2015-01-27","0.01","0.0","1.2",,"36","26","    1",,,,,,,,,,,,,
"USW00093721","BALTIMORE WASHINGTON INTERNATIONAL AIRPORT, MD US","39.17329","-76.68408","42.0","2015-01-28","0.00","0.0","1.2",,"36","19",,,,,,,,,,,,,,
"USW00093721","BALTIMORE WASHINGTON INTERNATIONAL AIRPORT, MD US","39.17329","-76.68408","42.0","2015-01-29","0.07","0.0","0.0",,"35","17","    1",,,"    1",,"    1",,,,,,,,
"USW00093721","BALTIMORE WASHINGTON INTERNATIONAL AIRPORT, MD US","39.17329","-76.68408","42.0","2015-01-30","0.00","0.0","0.0",,"42","20",,,,,,,,,,,,,,
"USW00093721","BALTIMORE WASHINGTON INTERNATIONAL AIRPORT, MD US","39.17329","-76.68408","42.0","2015-01-31","0.00","0.0","0.0",,"31","16",,,,,,,,,,,,,,
"USW00093721","BALTIMORE WASHINGTON INTERNATIONAL AIRPORT, MD US","39.17329","-76.68408","42.0","2015-02-01","0.07","0.4","0.0",,"39","18","    1",,,"    1",,,,,,,,,,
"USW00093721","BALTIMORE WASHINGTON INTERNATIONAL AIRPORT, MD US","39.17329","-76.68408","42.0","2015-02-02","0.28","0.0","0.0",,"45","22","    1",,,,,,,,,,,,,
"USW00093721","BALTIMORE WASHINGTON INTERNATIONAL AIRPORT, MD US","39.17329","-76.68408","42.0","2015-02-03","0.00","0.0","0.0",,"34","20",,,,,,,,,,,,,,
"USW00093721","BALTIMORE WASHINGTON INTERNATIONAL AIRPORT, MD US","39.17329","-76.68408","42.0","2015-02-04","0.00","0.0","0.0",,"51","20",,,,,,,,,,,,,,
"USW00093721","BALTIMORE WASHINGTON INTERNATIONAL AIRPORT, MD US","39.17329","-76.68408","42.0","2015-02-05","0.00","0.0","0.0",,"41","17",,,,,,,,,,,,,,
"USW00093721","BALTIMORE WASHINGTON INTERNATIONAL AIRPORT, MD US","39.17329","-76.68408","42.0","2015-02-06","0.00","0.0","0.0",,"33","10",,,,,,,,,,,,,,
"USW00093721","BALTIMORE WASHINGTON INTERNATIONAL AIRPORT, MD US","39.17329","-76.68408","42.0","2015-02-07","0.00","0.0","0.0",,"46","19",,,,,,,,,,,,,,
"USW00093721","BALTIMORE WASHINGTON INTERNATIONAL AIRPORT, MD US","39.17329","-76.68408","42.0","2015-02-08","0.00","0.0","0.0",,"55","30",,,,,,,,,,,,,,
"USW00093721","BALTIMORE WASHINGTON INTERNATIONAL AIRPORT, MD US","39.17329","-76.68408","42.0","2015-02-09","0.08","0.0","0.0",,"41","31","    1",,,"    1",,"    1","    1",,,,,,,
"USW00093721","BALTIMORE WASHINGTON INTERNATIONAL AIRPORT, MD US","39.17329","-76.68408","42.0","2015-02-10","0.07","0.0","0.0",,"39","28","    1",,,"    1",,"    1",,,,,,,,
"USW00093721","BALTIMORE WASHINGTON INTERNATIONAL AIRPORT, MD US","39.17329","-76.68408","42.0","2015-02-11","0.00","0.0","0.0",,"43","25",,,,,,,,,,,,,,
"USW00093721","BALTIMORE WASHINGTON INTERNATIONAL AIRPORT, MD US","39.17329","-76.68408","42.0","2015-02-12","0.00","0.0","0.0",,"41","17",,,,,,,,,,,,,,
"USW00093721","BALTIMORE WASHINGTON INTERNATIONAL AIRPORT, MD US","39.17329","-76.68408","42.0","2015-02-13","0.00","0.0","0.0",,"27","12",,,,,,,,,,,,,,
"USW00093721","BALTIMORE WASHINGTON INTERNATIONAL AIRPORT, MD US","39.17329","-76.68408","42.0","2015-02-14","0.21","2.6","0.0",,"38","13","    1","    1",,,,,,"    1",,,,,,
"USW00093721","BALTIMORE WASHINGTON INTERNATIONAL AIRPORT, MD US","39.17329","-76.68408","42.0","2015-02-15","0.00","0.0","1.2",,"18","6",,,,,,,,"    1",,,,,,
"USW00093721","BALTIMORE WASHINGTON INTERNATIONAL AIRPORT, MD US","39.17329","-76.68408","42.0","2015-02-16","0.19","2.0","1.2",,"18","5","    1",,,,,,,,,,,,,
"USW00093721","BALTIMORE WASHINGTON INTERNATIONAL AIRPORT, MD US","39.17329","-76.68408","42.0","2015-02-17","0.18","1.8","3.1",,"27","12","    1",,,,,,"    1",,,,,,,
"USW00093721","BALTIMORE WASHINGTON INTERNATIONAL AIRPORT, MD US","39.17329","-76.68408","42.0","2015-02-18","0.00","0.0","3.1",,"31","4","    1",,,,,,"    1",,,,,,,
"USW00093721","BALTIMORE WASHINGTON INTERNATIONAL AIRPORT, MD US","39.17329","-76.68408","42.0","2015-02-19","0.00","0.0","1.2",,"18","6",,,,,,,,,,,,,,
"USW00093721","BALTIMORE WASHINGTON INTERNATIONAL AIRPORT, MD US","39.17329","-76.68408","42.0","2015-02-20","0.00","0.0","1.2",,"18","1",,,,,,,,,,,,,,
"USW00093721","BALTIMORE WASHINGTON INTERNATIONAL AIRPORT, MD US","39.17329","-76.68408","42.0","2015-02-21","0.92","6.3","1.2",,"33","2","    1","    1",,"    1",,"    1",,,,,,,,
"USW00093721","BALTIMORE WASHINGTON INTERNATIONAL AIRPORT, MD US","39.17329","-76.68408","42.0","2015-02-22","0.13","0.0","3.1",,"48","32","    1",,,,,,"    1",,,,,,,
"USW00093721","BALTIMORE WASHINGTON INTERNATIONAL AIRPORT, MD US","39.17329","-76.68408","42.0","2015-02-23","0.00","0.0","1.2",,"38","13",,,,,,,,,,,,,,
"USW00093721","BALTIMORE WASHINGTON INTERNATIONAL AIRPORT, MD US","39.17329","-76.68408","42.0","2015-02-24","0.00","0.0","1.2",,"25","3",,,,,,,,,,,,,,
"USW00093721","BALTIMORE WASHINGTON INTERNATIONAL AIRPORT, MD US","39.17329","-76.68408","42.0","2015-02-25","0.00","0.0","1.2",,"38","10",,,,,,,,,,,,,,
"USW00093721","BALTIMORE WASHINGTON INTERNATIONAL AIRPORT, MD US","39.17329","-76.68408","42.0","2015-02-26","0.11","1.5","2.0",,"35","26","    1",,,,,,,,,,,,,
"USW00093721","BALTIMORE WASHINGTON INTERNATIONAL AIRPORT, MD US","39.17329","-76.68408","42.0","2015-02-27","0.00","0.0","2.0",,"31","20","    1",,,,,,"    1",,,,,,,
"USW00093721","BALTIMORE WASHINGTON INTERNATIONAL AIRPORT, MD US","39.17329","-76.68408","42.0","2015-02-28","0.00","0.0","1.2",,"31","14",,,,,,,,,,,,,,
"USW00093721","BALTIMORE WASHINGTON INTERNATIONAL AIRPORT, MD US","39.17329","-76.68408","42.0","2015-03-01","0.61","0.3","1.2",,"32","16","    1",,,"    1",,"    1",,,,,,,,
"USW00093721","BALTIMORE WASHINGTON INTERNATIONAL AIRPORT, MD US","39.17329","-76.68408","42.0","2015-03-02","0.00","0.0","1.2",,"40","26","    1",,,,,,,,,,,,,
"USW00093721","BALTIMORE WASHINGTON INTERNATIONAL AIRPORT, MD US","39.17329","-76.68408","42.0","2015-03-03","0.12","0.0","0.0",,"36","23","    1",,,"    1",,"    1",,,,,,,,
"USW00093721","BALTIMORE WASHINGTON INTERNATIONAL AIRPORT, MD US","39.17329","-76.68408","42.0","2015-03-04","0.41","0.0","0.0",,"45","36","    1","    1",,,,,,,,,,,,
"USW00093721","BALTIMORE WASHINGTON INTERNATIONAL AIRPORT, MD US","39.17329","-76.68408","42.0","2015-03-05","0.89","6.2","0.0",,"40","19","    1","    1",,"    1",,,,,,,,,,
"USW00093721","BALTIMORE WASHINGTON INTERNATIONAL AIRPORT, MD US","39.17329","-76.68408","42.0","2015-03-06","0.00","0.0","5.1",,"28","10",,,,,,,,,,,,,,
"USW00093721","BALTIMORE WASHINGTON INTERNATIONAL AIRPORT, MD US","39.17329","-76.68408","42.0","2015-03-07","0.00","0.0","3.9",,"45","6","    1",,,,,,,,,,,,,
"USW00093721","BALTIMORE WASHINGTON INTERNATIONAL AIRPORT, MD US","39.17329","-76.68408","42.0","2015-03-08","0.00","0.0","0.0",,"53","28",,,,,,,,,,,,,,
"USW00093721","BALTIMORE WASHINGTON INTERNATIONAL AIRPORT, MD US","39.17329","-76.68408","42.0","2015-03-09","0.00","0.0","0.0",,"61","30",,,,,,,,,,,,,,
"USW00093721","BALTIMORE WASHINGTON INTERNATIONAL AIRPORT, MD US","39.17329","-76.68408","42.0","2015-03-10","0.50","0.0","0.0",,"49","30","    1",,,,,,,,,,,,,
"USW00093721","BALTIMORE WASHINGTON INTERNATIONAL AIRPORT, MD US","39.17329","-76.68408","42.0","2015-03-11","0.00","0.0","0.0",,"63","43","    1",,,,,,,,,,,,,
"USW00093721","BALTIMORE WASHINGTON INTERNATIONAL AIRPORT, MD US","39.17329","-76.68408","42.0","2015-03-12","0.00","0.0","0.0",,"56","33",,,,,,,,,,,,,,
"USW00093721","BALTIMORE WASHINGTON INTERNATIONAL AIRPORT, MD US","39.17329","-76.68408","42.0","2015-03-13","0.04","0.0","0.0",,"48","28","    1",,,,,,,,,,,,,
"USW00093721","BALTIMORE WASHINGTON INTERNATIONAL AIRPORT, MD US","39.17329","-76.68408","42.0","2015-03-14","0.72","0.0","0.0",,"54","40","    1",,,,,,,,,,,,,
"USW00093721","BALTIMORE WASHINGTON INTERNATIONAL AIRPORT, MD US","39.17329","-76.68408","42.0","2015-03-15","0.00","0.0","0.0",,"53","38",,,,,,,,,,,,,,
"USW00093721","BALTIMORE WASHINGTON INTERNATIONAL AIRPORT, MD US","39.17329","-76.68408","42.0","2015-03-16","0.00","0.0","0.0",,"62","28",,,,,,,,,,,,,,
"USW00093721","BALTIMORE WASHINGTON INTERNATIONAL AIRPORT, MD US","39.17329","-76.68408","42.0","2015-03-17","0.00","0.0","0.0",,"70","36",,,,,,,,,,,,,,
"USW00093721","BALTIMORE WASHINGTON INTERNATIONAL AIRPORT, MD US","39.17329","-76.68408","42.0","2015-03-18","0.00","0.0","0.0",,"48","28",,,,,,,,,,,,,,
"USW00093721","BALTIMORE WASHINGTON INTERNATIONAL AIRPORT, MD US","39.17329","-76.68408","42.0","2015-03-19","0.00","0.0","0.0",,"51","27",,,,,,,,,,,,,,
"USW00093721","BALTIMORE WASHINGTON INTERNATIONAL AIRPORT, MD US","39.17329","-76.68408","42.0","2015-03-20","0.69","1.2","0.0",,"39","32","    1",,,"    1",,,,,,,,,,
"USW00093721","BALTIMORE WASHINGTON INTERNATIONAL AIRPORT, MD US","39.17329","-76.68408","42.0","2015-03-21","0.00","0.0","0.0",,"59","30","    1",,,,,,"    1",,,,,,,
"USW00093721","BALTIMORE WASHINGTON INTERNATIONAL AIRPORT, MD US","39.17329","-76.68408","42.0","2015-03-22","0.00","0.0","0.0",,"52","33",,,,,,,,,,,,,,
"USW00093721","BALTIMORE WASHINGTON INTERNATIONAL AIRPORT, MD US","39.17329","-76.68408","42.0","2015-03-23","0.00","0.0","0.0",,"47","30",,,,,,,,,,,,,,
"USW00093721","BALTIMORE WASHINGTON INTERNATIONAL AIRPORT, MD US","39.17329","-76.68408","42.0","2015-03-24","0.00","0.0","0.0",,"41","27",,,,,,,,,,,,,,
"USW00093721","BALTIMORE WASHINGTON INTERNATIONAL AIRPORT, MD US","39.17329","-76.68408","42.0","2015-03-25","0.01","0.0","0.0",,"48","24",,,,,,,,,,,,,,
"USW00093721","BALTIMORE WASHINGTON INTERNATIONAL AIRPORT, MD US","39.17329","-76.68408","42.0","2015-03-26","0.20","0.0","0.0",,"74","40","    1",,,,,,,,,,,,,
"USW00093721","BALTIMORE WASHINGTON INTERNATIONAL AIRPORT, MD US","39.17329","-76.68408","42.0","2015-03-27","0.43","0.0","0.0",,"50","39","    1",,,,,,,,,,,,,
"USW00093721","BALTIMORE WASHINGTON INTERNATIONAL AIRPORT, MD US","39.17329","-76.68408","42.0","2015-03-28","0.00","0.0","0.0",,"39","27",,,,,,,,,,,,,,
"USW00093721","BALTIMORE WASHINGTON INTERNATIONAL AIRPORT, MD US","39.17329","-76.68408","42.0","2015-03-29","0.00","0.0","0.0",,"46","21",,,,,,,,,,,,,,
"USW00093721","BALTIMORE WASHINGTON INTERNATIONAL AIRPORT, MD US","39.17329","-76.68408","42.0","2015-03-30","0.02","0.0","0.0",,"61","37",,,,"    1",,,,,,,,,,
"USW00093721","BALTIMORE WASHINGTON INTERNATIONAL AIRPORT, MD US","39.17329","-76.68408","42.0","2015-03-31","0.03","0.0","0.0",,"68","38",,,,,,,,,,,,,,
"USW00093721","BALTIMORE WASHINGTON INTERNATIONAL AIRPORT, MD US","39.17329","-76.68408","42.0","2015-04-01","0.00","0.0","0.0",,"58","31",,,,,,,,,,,,,,
"USW00093721","BALTIMORE WASHINGTON INTERNATIONAL AIRPORT, MD US","39.17329","-76.68408","42.0","2015-04-02","0.00","0.0","0.0",,"70","36",,,,,,,,,,,,,,
"USW00093721","BALTIMORE WASHINGTON INTERNATIONAL AIRPORT, MD US","39.17329","-76.68408","42.0","2015-04-03","0.09","0.0","0.0",,"70","60","    1","    1",,,,,,,,,,,,
"USW00093721","BALTIMORE WASHINGTON INTERNATIONAL AIRPORT, MD US","39.17329","-76.68408","42.0","2015-04-04","0.01","0.0","0.0",,"68","38",,,,,,,,,,,,,,
"USW00093721","BALTIMORE WASHINGTON INTERNATIONAL AIRPORT, MD US","39.17329","-76.68408","42.0","2015-04-05","0.00","0.0","0.0",,"65","36",,,,,,,,,,,,,,
"USW00093721","BALTIMORE WASHINGTON INTERNATIONAL AIRPORT, MD US","39.17329","-76.68408","42.0","2015-04-06","0.00","0.0","0.0",,"76","36",,,,,,,,,,,,,,
"USW00093721","BALTIMORE WASHINGTON INTERNATIONAL AIRPORT, MD US","39.17329","-76.68408","42.0","2015-04-07","0.12","0.0","0.0",,"70","47","    1",,,,,,,,,,,,,
"USW00093721","BALTIMORE WASHINGTON INTERNATIONAL AIRPORT, MD US","39.17329","-76.68408","42.0","2015-04-08","0.72","0.0","0.0",,"47","41","    1",,,,,,,,,,,,,
"USW00093721","BALTIMORE WASHINGTON INTERNATIONAL AIRPORT, MD US","39.17329","-76.68408","42.0","2015-04-09","0.58","0.0","0.0",,"45","41","    1",,"    1",,,,,,,,,,,
"USW00093721","BALTIMORE WASHINGTON INTERNATIONAL AIRPORT, MD US","39.17329","-76.68408","42.0","2015-04-10","0.03","0.0","0.0",,"60","41","    1",,,,,,"    1",,,,,,,
"USW00093721","BALTIMORE WASHINGTON INTERNATIONAL AIRPORT, MD US","39.17329","-76.68408","42.0","2015-04-11","0.00","0.0","0.0",,"64","44",,,,,,,,,,,,,,
"USW00093721","BALTIMORE WASHINGTON INTERNATIONAL AIRPORT, MD US","39.17329","-76.68408","42.0","2015-04-12","0.00","0.0","0.0",,"67","33",,,,,,,,,,,,,,
"USW00093721","BALTIMORE WASHINGTON INTERNATIONAL AIRPORT, MD US","39.17329","-76.68408","42.0","2015-04-13","0.00","0.0","0.0",,"77","42",,,,,,,,,,,,,,
"USW00093721","BALTIMORE WASHINGTON INTERNATIONAL AIRPORT, MD US","39.17329","-76.68408","42.0","2015-04-14","0.36","0.0","0.0",,"63","50","    1",,,,,,"    1",,,,,,,
"USW00093721","BALTIMORE WASHINGTON INTERNATIONAL AIRPORT, MD US","39.17329","-76.68408","42.0","2015-04-15","0.00","0.0","0.0",,"67","45",,,,,,,,,,,,,,
"USW00093721","BALTIMORE WASHINGTON INTERNATIONAL AIRPORT, MD US","39.17329","-76.68408","42.0","2015-04-16","0.02","0.0","0.0",,"69","46",,,,,,,,,,,,,,
"USW00093721","BALTIMORE WASHINGTON INTERNATIONAL AIRPORT, MD US","39.17329","-76.68408","42.0","2015-04-17","0.25","0.0","0.0",,"78","55","    1",,,,,,,,,,,,,
"USW00093721","BALTIMORE WASHINGTON INTERNATIONAL AIRPORT, MD US","39.17329","-76.68408","42.0","2015-04-18","0.00","0.0","0.0",,"80","53",,,,,,,,,,,,,,
"USW00093721","BALTIMORE WASHINGTON INTERNATIONAL AIRPORT, MD US","39.17329","-76.68408","42.0","2015-04-19","0.14","0.0","0.0",,"66","51","    1",,,,,,,,,,,,,
"USW00093721","BALTIMORE WASHINGTON INTERNATIONAL AIRPORT, MD US","39.17329","-76.68408","42.0","2015-04-20","1.35","0.0","0.0",,"79","52","    1",,"    1",,,,,,,,,,,
"USW00093721","BALTIMORE WASHINGTON INTERNATIONAL AIRPORT, MD US","39.17329","-76.68408","42.0","2015-04-21","0.10","0.0","0.0",,"65","46","    1",,"    1",,,,,,,,,,,
"USW00093721","BALTIMORE WASHINGTON INTERNATIONAL AIRPORT, MD US","39.17329","-76.68408","42.0","2015-04-22","0.02","0.0","0.0",,"71","42",,,,,,,,,,,,,,
"USW00093721","BALTIMORE WASHINGTON INTERNATIONAL AIRPORT, MD US","39.17329","-76.68408","42.0","2015-04-23","0.00","0.0","0.0",,"55","37",,,,,,,,,,,,,,
"USW00093721","BALTIMORE WASHINGTON INTERNATIONAL AIRPORT, MD US","39.17329","-76.68408","42.0","2015-04-24","0.00","0.0","0.0",,"58","38",,,,,,,,,,,,,,
"USW00093721","BALTIMORE WASHINGTON INTERNATIONAL AIRPORT, MD US","39.17329","-76.68408","42.0","2015-04-25","0.18","0.0","0.0",,"52","33","    1",,,,,,,,,,,,,
"USW00093721","BALTIMORE WASHINGTON INTERNATIONAL AIRPORT, MD US","39.17329","-76.68408","42.0","2015-04-26","0.00","0.0","0.0",,"65","41",,,,,,,,,,,,,,
"USW00093721","BALTIMORE WASHINGTON INTERNATIONAL AIRPORT, MD US","39.17329","-76.68408","42.0","2015-04-27","0.00","0.0","0.0",,"59","38",,,,,,,,,,,,,,
"USW00093721","BALTIMORE WASHINGTON INTERNATIONAL AIRPORT, MD US","39.17329","-76.68408","42.0","2015-04-28","0.00","0.0","0.0",,"70","46",,,,,,,,,,,,,,
"USW00093721","BALTIMORE WASHINGTON INTERNATIONAL AIRPORT, MD US","39.17329","-76.68408","42.0","2015-04-29","0.00","0.0","0.0",,"76","43",,,,,,,,,,,,,,
"USW00093721","BALTIMORE WASHINGTON INTERNATIONAL AIRPORT, MD US","39.17329","-76.68408","42.0","2015-04-30","0.33","0.0","0.0",,"72","49","    1",,"    1",,,,"    1",,,,,,,
"USW00093721","BALTIMORE WASHINGTON INTERNATIONAL AIRPORT, MD US","39.17329","-76.68408","42.0","2015-05-01","0.00","0.0","0.0",,"57","48",,,,,,,,,,,,,,
"USW00093721","BALTIMORE WASHINGTON INTERNATIONAL AIRPORT, MD US","39.17329","-76.68408","42.0","2015-05-02","0.00","0.0","0.0",,"75","43",,,,,,,,,,,,,,
"USW00093721","BALTIMORE WASHINGTON INTERNATIONAL AIRPORT, MD US","39.17329","-76.68408","42.0","2015-05-03","0.00","0.0","0.0",,"81","46",,,,,,,,,,,,,,
"USW00093721","BALTIMORE WASHINGTON INTERNATIONAL AIRPORT, MD US","39.17329","-76.68408","42.0","2015-05-04","0.00","0.0","0.0",,"84","50",,,,,,,,,,,,,,
"USW00093721","BALTIMORE WASHINGTON INTERNATIONAL AIRPORT, MD US","39.17329","-76.68408","42.0","2015-05-05","0.01","0.0","0.0",,"85","61",,,,,,,,,,,,,,
"USW00093721","BALTIMORE WASHINGTON INTERNATIONAL AIRPORT, MD US","39.17329","-76.68408","42.0","2015-05-06","0.00","0.0","0.0",,"80","60","    1",,,,,,"    1",,,,,,,
"USW00093721","BALTIMORE WASHINGTON INTERNATIONAL AIRPORT, MD US","39.17329","-76.68408","42.0","2015-05-07","0.00","0.0","0.0",,"80","57",,,,,,,,,,,,,,
"USW00093721","BALTIMORE WASHINGTON INTERNATIONAL AIRPORT, MD US","39.17329","-76.68408","42.0","2015-05-08","0.00","0.0","0.0",,"83","56","    1",,,,,,,,,,,,,
"USW00093721","BALTIMORE WASHINGTON INTERNATIONAL AIRPORT, MD US","39.17329","-76.68408","42.0","2015-05-09","0.01","0.0","0.0",,"81","58","    1",,,,,,"    1",,,,,,,
"USW00093721","BALTIMORE WASHINGTON INTERNATIONAL AIRPORT, MD US","39.17329","-76.68408","42.0","2015-05-10","0.00","0.0","0.0",,"84","63","    1",,,,,,,,,,,,,
"USW00093721","BALTIMORE WASHINGTON INTERNATIONAL AIRPORT, MD US","39.17329","-76.68408","42.0","2015-05-11","0.00","0.0","0.0",,"82","64","    1",,,,,,,,,,,,,
"USW00093721","BALTIMORE WASHINGTON INTERNATIONAL AIRPORT, MD US","39.17329","-76.68408","42.0","2015-05-12","0.00","0.0","0.0",,"89","63","    1",,,,,,,,,,,,,
"USW00093721","BALTIMORE WASHINGTON INTERNATIONAL AIRPORT, MD US","39.17329","-76.68408","42.0","2015-05-13","0.00","0.0","0.0",,"69","54",,,,,,,,,,,,,,
"USW00093721","BALTIMORE WASHINGTON INTERNATIONAL AIRPORT, MD US","39.17329","-76.68408","42.0","2015-05-14","0.00","0.0","0.0",,"72","47",,,,,,,,,,,,,,
"USW00093721","BALTIMORE WASHINGTON INTERNATIONAL AIRPORT, MD US","39.17329","-76.68408","42.0","2015-05-15","0.00","0.0","0.0",,"76","53",,,,,,,,,,,,,,
"USW00093721","BALTIMORE WASHINGTON INTERNATIONAL AIRPORT, MD US","39.17329","-76.68408","42.0","2015-05-16","0.17","0.0","0.0",,"88","56","    1",,"    1",,,,,,,,,,,
"USW00093721","BALTIMORE WASHINGTON INTERNATIONAL AIRPORT, MD US","39.17329","-76.68408","42.0","2015-05-17","0.00","0.0","0.0",,"87","67","    1",,,,,,,,,,,,,
"USW00093721","BALTIMORE WASHINGTON INTERNATIONAL AIRPORT, MD US","39.17329","-76.68408","42.0","2015-05-18","1.54","0.0","0.0",,"88","66","    1",,"    1",,,,"    1",,,,,,,
"USW00093721","BALTIMORE WASHINGTON INTERNATIONAL AIRPORT, MD US","39.17329","-76.68408","42.0","2015-05-19","0.15","0.0","0.0",,"86","67","    1",,"    1",,,,,,,,,,,
"USW00093721","BALTIMORE WASHINGTON INTERNATIONAL AIRPORT, MD US","39.17329","-76.68408","42.0","2015-05-20","0.00","0.0","0.0",,"72","57",,,,,,,,,,,,,,
"USW00093721","BALTIMORE WASHINGTON INTERNATIONAL AIRPORT, MD US","39.17329","-76.68408","42.0","2015-05-21","0.20","0.0","0.0",,"58","49","    1",,,,,,,,,,,,,
"USW00093721","BALTIMORE WASHINGTON INTERNATIONAL AIRPORT, MD US","39.17329","-76.68408","42.0","2015-05-22","0.00","0.0","0.0",,"75","47",,,,,,,,,,,,,,
"USW00093721","BALTIMORE WASHINGTON INTERNATIONAL AIRPORT, MD US","39.17329","-76.68408","42.0","2015-05-23","0.00","0.0","0.0",,"72","46",,,,,,,,,,,,,,
"USW00093721","BALTIMORE WASHINGTON INTERNATIONAL AIRPORT, MD US","39.17329","-76.68408","42.0","2015-05-24","0.00","0.0","0.0",,"82","47",,,,,,,,,,,,,,
"USW00093721","BALTIMORE WASHINGTON INTERNATIONAL AIRPORT, MD US","39.17329","-76.68408","42.0","2015-05-25","0.00","0.0","0.0",,"84","58",,,,,,,,,,,,,,
"USW00093721","BALTIMORE WASHINGTON INTERNATIONAL AIRPORT, MD US","39.17329","-76.68408","42.0","2015-05-26","0.00","0.0","0.0",,"87","62",,,,,,,,,,,,,,
"USW00093721","BALTIMORE WASHINGTON INTERNATIONAL AIRPORT, MD US","39.17329","-76.68408","42.0","2015-05-27","0.00","0.0","0.0",,"88","69",,,,,,,,,,,,,,
"USW00093721","BALTIMORE WASHINGTON INTERNATIONAL AIRPORT, MD US","39.17329","-76.68408","42.0","2015-05-28","0.00","0.0","0.0",,"91","65","    1",,,,,,,,,,,,,
"USW00093721","BALTIMORE WASHINGTON INTERNATIONAL AIRPORT, MD US","39.17329","-76.68408","42.0","2015-05-29","0.00","0.0","0.0",,"84","70",,,,,,,,,,,,,,
"USW00093721","BALTIMORE WASHINGTON INTERNATIONAL AIRPORT, MD US","39.17329","-76.68408","42.0","2015-05-30","0.00","0.0","0.0",,"88","69",,,,,,,"    1",,,,,,,
"USW00093721","BALTIMORE WASHINGTON INTERNATIONAL AIRPORT, MD US","39.17329","-76.68408","42.0","2015-05-31","0.02","0.0","0.0",,"90","69","    1",,"    1",,,,"    1",,,,,,,
"USW00093721","BALTIMORE WASHINGTON INTERNATIONAL AIRPORT, MD US","39.17329","-76.68408","42.0","2015-06-01","2.50","0.0","0.0",,"86","67","    1",,"    1",,,,,,,,,,,
"USW00093721","BALTIMORE WASHINGTON INTERNATIONAL AIRPORT, MD US","39.17329","-76.68408","42.0","2015-06-02","0.55","0.0","0.0",,"67","56","    1",,,,,,,,,,,,,
"USW00093721","BALTIMORE WASHINGTON INTERNATIONAL AIRPORT, MD US","39.17329","-76.68408","42.0","2015-06-03","0.07","0.0","0.0",,"62","55","    1",,,,,,"    1",,,,,,,
"USW00093721","BALTIMORE WASHINGTON INTERNATIONAL AIRPORT, MD US","39.17329","-76.68408","42.0","2015-06-04","0.15","0.0","0.0",,"64","56","    1",,,,,,,,,,,,,
"USW00093721","BALTIMORE WASHINGTON INTERNATIONAL AIRPORT, MD US","39.17329","-76.68408","42.0","2015-06-05","0.14","0.0","0.0",,"74","55","    1",,,,,,,,,,,,,
"USW00093721","BALTIMORE WASHINGTON INTERNATIONAL AIRPORT, MD US","39.17329","-76.68408","42.0","2015-06-06","0.00","0.0","0.0",,"80","61","    1",,,,,,,,,,,,,
"USW00093721","BALTIMORE WASHINGTON INTERNATIONAL AIRPORT, MD US","39.17329","-76.68408","42.0","2015-06-07","0.00","0.0","0.0",,"75","64",,,,,,,,,,,,,,
"USW00093721","BALTIMORE WASHINGTON INTERNATIONAL AIRPORT, MD US","39.17329","-76.68408","42.0","2015-06-08","1.30","0.0","0.0",,"87","60","    1",,"    1",,,,,,,,,,,
"USW00093721","BALTIMORE WASHINGTON INTERNATIONAL AIRPORT, MD US","39.17329","-76.68408","42.0","2015-06-09","0.00","0.0","0.0",,"84","66",,,,,,,,,,,,,,
"USW00093721","BALTIMORE WASHINGTON INTERNATIONAL AIRPORT, MD US","39.17329","-76.68408","42.0","2015-06-10","0.00","0.0","0.0",,"84","61",,,,,,,,,,,,,,
"USW00093721","BALTIMORE WASHINGTON INTERNATIONAL AIRPORT, MD US","39.17329","-76.68408","42.0","2015-06-11","0.00","0.0","0.0",,"93","65","    1",,,,,,"    1",,,,,,,
"USW00093721","BALTIMORE WASHINGTON INTERNATIONAL AIRPORT, MD US","39.17329","-76.68408","42.0","2015-06-12","0.00","0.0","0.0",,"94","71","    1",,,,,,"    1",,,,,,,
"USW00093721","BALTIMORE WASHINGTON INTERNATIONAL AIRPORT, MD US","39.17329","-76.68408","42.0","2015-06-13","0.00","0.0","0.0",,"89","73",,,"    1",,,,,,,,,,,
"USW00093721","BALTIMORE WASHINGTON INTERNATIONAL AIRPORT, MD US","39.17329","-76.68408","42.0","2015-06-14","0.04","0.0","0.0",,"91","73","    1",,"    1",,,,"    1",,,,,,,
"USW00093721","BALTIMORE WASHINGTON INTERNATIONAL AIRPORT, MD US","39.17329","-76.68408","42.0","2015-06-15","0.10","0.0","0.0",,"89","74","    1",,"    1",,,,,,,,,,,
"USW00093721","BALTIMORE WASHINGTON INTERNATIONAL AIRPORT, MD US","39.17329","-76.68408","42.0","2015-06-16","0.00","0.0","0.0",,"93","72",,,,,,,,,,,,,,
"USW00093721","BALTIMORE WASHINGTON INTERNATIONAL AIRPORT, MD US","39.17329","-76.68408","42.0","2015-06-17","0.47","0.0","0.0",,"85","68","    1",,,,,,,,,,,,,
"USW00093721","BALTIMORE WASHINGTON INTERNATIONAL AIRPORT, MD US","39.17329","-76.68408","42.0","2015-06-18","0.88","0.0","0.0",,"85","69","    1",,"    1",,,,"    1",,,,,,,
"USW00093721","BALTIMORE WASHINGTON INTERNATIONAL AIRPORT, MD US","39.17329","-76.68408","42.0","2015-06-19","0.06","0.0","0.0",,"85","70","    1",,"    1",,,,,,,,,,,
"USW00093721","BALTIMORE WASHINGTON INTERNATIONAL AIRPORT, MD US","39.17329","-76.68408","42.0","2015-06-20","1.92","0.0","0.0",,"87","70","    1",,"    1",,,,"    1",,,,,,,
"USW00093721","BALTIMORE WASHINGTON INTERNATIONAL AIRPORT, MD US","39.17329","-76.68408","42.0","2015-06-21","0.09","0.0","0.0",,"90","72","    1",,,,,,,,,,,,,
"USW00093721","BALTIMORE WASHINGTON INTERNATIONAL AIRPORT, MD US","39.17329","-76.68408","42.0","2015-06-22","0.00","0.0","0.0",,"89","71",,,,,,,,,,,,,,
"USW00093721","BALTIMORE WASHINGTON INTERNATIONAL AIRPORT, MD US","39.17329","-76.68408","42.0","2015-06-23","1.30","0.0","0.0",,"94","71","    1",,"    1",,,,,,,,,,,
"USW00093721","BALTIMORE WASHINGTON INTERNATIONAL AIRPORT, MD US","39.17329","-76.68408","42.0","2015-06-24","0.00","0.0","0.0",,"83","65",,,,,,,,,,,,,,
"USW00093721","BALTIMORE WASHINGTON INTERNATIONAL AIRPORT, MD US","39.17329","-76.68408","42.0","2015-06-25","0.41","0.0","0.0",,"82","62","    1",,,,,,,,,,,,,
"USW00093721","BALTIMORE WASHINGTON INTERNATIONAL AIRPORT, MD US","39.17329","-76.68408","42.0","2015-06-26","0.00","0.0","0.0",,"78","66","    1",,,,,,"    1",,,,,,,
"USW00093721","BALTIMORE WASHINGTON INTERNATIONAL AIRPORT, MD US","39.17329","-76.68408","42.0","2015-06-27","3.11","0.0","0.0",,"70","64","    1",,,,,,,,,,,,,
"USW00093721","BALTIMORE WASHINGTON INTERNATIONAL AIRPORT, MD US","39.17329","-76.68408","42.0","2015-06-28","0.00","0.0","0.0",,"77","63","    1",,,,,,,,,,,,,
"USW00093721","BALTIMORE WASHINGTON INTERNATIONAL AIRPORT, MD US","39.17329","-76.68408","42.0","2015-06-29","0.00","0.0","0.0",,"82","59",,,,,,,"    1",,,,,,,
"USW00093721","BALTIMORE WASHINGTON INTERNATIONAL AIRPORT, MD US","39.17329","-76.68408","42.0","2015-06-30","0.00","0.0","0.0",,"87","63",,,"    1",,,,,,,,,,,
"USW00093721","BALTIMORE WASHINGTON INTERNATIONAL AIRPORT, MD US","39.17329","-76.68408","42.0","2015-07-01","0.62","0.0","0.0",,"85","66","    1",,"    1",,,,"    1",,,,,,,
"USW00093721","BALTIMORE WASHINGTON INTERNATIONAL AIRPORT, MD US","39.17329","-76.68408","42.0","2015-07-02","0.18","0.0","0.0",,"75","64","    1",,,,,,"    1",,,,,,,
"USW00093721","BALTIMORE WASHINGTON INTERNATIONAL AIRPORT, MD US","39.17329","-76.68408","42.0","2015-07-03","0.00","0.0","0.0",,"81","61","    1",,,,,,"    1",,,,,,,
"USW00093721","BALTIMORE WASHINGTON INTERNATIONAL AIRPORT, MD US","39.17329","-76.68408","42.0","2015-07-04","0.27","0.0","0.0",,"76","66","    1",,,,,,"    1",,,,,,,
"USW00093721","BALTIMORE WASHINGTON INTERNATIONAL AIRPORT, MD US","39.17329","-76.68408","42.0","2015-07-05","0.00","0.0","0.0",,"83","64","    1",,,,,,"    1",,,,,,,
"USW00093721","BALTIMORE WASHINGTON INTERNATIONAL AIRPORT, MD US","39.17329","-76.68408","42.0","2015-07-06","0.67","0.0","0.0",,"85","72","    1",,"    1",,,,,,,,,,,
"USW00093721","BALTIMORE WASHINGTON INTERNATIONAL AIRPORT, MD US","39.17329","-76.68408","42.0","2015-07-07","0.00","0.0","0.0",,"89","70","    1",,,,,,"    1",,,,,,,
"USW00093721","BALTIMORE WASHINGTON INTERNATIONAL AIRPORT, MD US","39.17329","-76.68408","42.0","2015-07-08","0.00","0.0","0.0",,"88","74","    1",,,,,,"    1",,,,,,,
"USW00093721","BALTIMORE WASHINGTON INTERNATIONAL AIRPORT, MD US","39.17329","-76.68408","42.0","2015-07-09","0.05","0.0","0.0",,"89","74",,,,,,,"    1",,,,,,,
"USW00093721","BALTIMORE WASHINGTON INTERNATIONAL AIRPORT, MD US","39.17329","-76.68408","42.0","2015-07-10","0.00","0.0","0.0",,"84","70",,,,,,,,,,,,,,
"USW00093721","BALTIMORE WASHINGTON INTERNATIONAL AIRPORT, MD US","39.17329","-76.68408","42.0","2015-07-11","0.02","0.0","0.0",,"87","65","    1",,,,,,,,,,,,,
"USW00093721","BALTIMORE WASHINGTON INTERNATIONAL AIRPORT, MD US","39.17329","-76.68408","42.0","2015-07-12","0.00","0.0","0.0",,"85","61",,,,,,,,,,,,,,
"USW00093721","BALTIMORE WASHINGTON INTERNATIONAL AIRPORT, MD US","39.17329","-76.68408","42.0","2015-07-13","0.05","0.0","0.0",,"83","66","    1",,,,,,"    1",,,,,,,
"USW00093721","BALTIMORE WASHINGTON INTERNATIONAL AIRPORT, MD US","39.17329","-76.68408","42.0","2015-07-14","0.00","0.0","0.0",,"88","73","    1",,,,,,,,,,,,,
"USW00093721","BALTIMORE WASHINGTON INTERNATIONAL AIRPORT, MD US","39.17329","-76.68408","42.0","2015-07-15","0.00","0.0","0.0",,"86","68",,,,,,,,,,,,,,
"USW00093721","BALTIMORE WASHINGTON INTERNATIONAL AIRPORT, MD US","39.17329","-76.68408","42.0","2015-07-16","0.00","0.0","0.0",,"82","62",,,,,,,,,,,,,,
"USW00093721","BALTIMORE WASHINGTON INTERNATIONAL AIRPORT, MD US","39.17329","-76.68408","42.0","2015-07-17","0.00","0.0","0.0",,"80","62","    1",,,,,,,,,,,,,
"USW00093721","BALTIMORE WASHINGTON INTERNATIONAL AIRPORT, MD US","39.17329","-76.68408","42.0","2015-07-18","0.08","0.0","0.0",,"89","73","    1",,"    1",,,,,,,,,,,
"USW00093721","BALTIMORE WASHINGTON INTERNATIONAL AIRPORT, MD US","39.17329","-76.68408","42.0","2015-07-19","0.00","0.0","0.0",,"97","74","    1",,,,,,,,,,,,,
"USW00093721","BALTIMORE WASHINGTON INTERNATIONAL AIRPORT, MD US","39.17329","-76.68408","42.0","2015-07-20","0.00","0.0","0.0",,"95","76",,,,,,,,,,,,,,
"USW00093721","BALTIMORE WASHINGTON INTERNATIONAL AIRPORT, MD US","39.17329","-76.68408","42.0","2015-07-21","0.00","0.0","0.0",,"91","72",,,,,,,,,,,,,,
"USW00093721","BALTIMORE WASHINGTON INTERNATIONAL AIRPORT, MD US","39.17329","-76.68408","42.0","2015-07-22","0.00","0.0","0.0",,"88","63",,,,,,,,,,,,,,
"USW00093721","BALTIMORE WASHINGTON INTERNATIONAL AIRPORT, MD US","39.17329","-76.68408","42.0","2015-07-23","0.00","0.0","0.0",,"85","62",,,,,,,"    1",,,,,,,
"USW00093721","BALTIMORE WASHINGTON INTERNATIONAL AIRPORT, MD US","39.17329","-76.68408","42.0","2015-07-24","0.00","0.0","0.0",,"88","58",,,,,,,"    1",,,,,,,
"USW00093721","BALTIMORE WASHINGTON INTERNATIONAL AIRPORT, MD US","39.17329","-76.68408","42.0","2015-07-25","0.00","0.0","0.0",,"87","63",,,,,,,,,,,,,,
"USW00093721","BALTIMORE WASHINGTON INTERNATIONAL AIRPORT, MD US","39.17329","-76.68408","42.0","2015-07-26","0.00","0.0","0.0",,"90","67",,,,,,,,,,,,,,
"USW00093721","BALTIMORE WASHINGTON INTERNATIONAL AIRPORT, MD US","39.17329","-76.68408","42.0","2015-07-27","0.15","0.0","0.0",,"86","71","    1",,"    1",,,,"    1",,,,,,,
"USW00093721","BALTIMORE WASHINGTON INTERNATIONAL AIRPORT, MD US","39.17329","-76.68408","42.0","2015-07-28","0.00","0.0","0.0",,"91","72","    1",,,,,,"    1",,,,,,,
"USW00093721","BALTIMORE WASHINGTON INTERNATIONAL AIRPORT, MD US","39.17329","-76.68408","42.0","2015-07-29","0.12","0.0","0.0",,"88","69","    1",,,,,,"    1",,,,,,,
"USW00093721","BALTIMORE WASHINGTON INTERNATIONAL AIRPORT, MD US","39.17329","-76.68408","42.0","2015-07-30","1.28","0.0","0.0",,"90","73","    1",,"    1",,,,,,,,,,,
"USW00093721","BALTIMORE WASHINGTON INTERNATIONAL AIRPORT, MD US","39.17329","-76.68408","42.0","2015-07-31","0.00","0.0","0.0",,"90","64",,,,,,,,,,,,,,
"USW00093721","BALTIMORE WASHINGTON INTERNATIONAL AIRPORT, MD US","39.17329","-76.68408","42.0","2015-08-01","0.00","0.0","0.0",,"89","67",,,,,,,,,,,,,,
"USW00093721","BALTIMORE WASHINGTON INTERNATIONAL AIRPORT, MD US","39.17329","-76.68408","42.0","2015-08-02","0.00","0.0","0.0",,"89","64",,,,,,,,,,,,,,
"USW00093721","BALTIMORE WASHINGTON INTERNATIONAL AIRPORT, MD US","39.17329","-76.68408","42.0","2015-08-03","0.00","0.0","0.0",,"91","64",,,,,,,,,,,,,,
"USW00093721","BALTIMORE WASHINGTON INTERNATIONAL AIRPORT, MD US","39.17329","-76.68408","42.0","2015-08-04","0.52","0.0","0.0",,"91","67","    1",,"    1",,"    1",,"    1",,,,,,,
"USW00093721","BALTIMORE WASHINGTON INTERNATIONAL AIRPORT, MD US","39.17329","-76.68408","42.0","2015-08-05","0.00","0.0","0.0",,"88","65","    1",,,,,,,,,,,,,
"USW00093721","BALTIMORE WASHINGTON INTERNATIONAL AIRPORT, MD US","39.17329","-76.68408","42.0","2015-08-06","0.02","0.0","0.0",,"80","66",,,,,,,,,,,,,,
"USW00093721","BALTIMORE WASHINGTON INTERNATIONAL AIRPORT, MD US","39.17329","-76.68408","42.0","2015-08-07","0.00","0.0","0.0",,"81","68",,,,,,,,,,,,,,
"USW00093721","BALTIMORE WASHINGTON INTERNATIONAL AIRPORT, MD US","39.17329","-76.68408","42.0","2015-08-08","0.00","0.0","0.0",,"83","63",,,,,,,,,,,,,,
"USW00093721","BALTIMORE WASHINGTON INTERNATIONAL AIRPORT, MD US","39.17329","-76.68408","42.0","2015-08-09","0.00","0.0","0.0",,"86","64",,,,,,,,,,,,,,
"USW00093721","BALTIMORE WASHINGTON INTERNATIONAL AIRPORT, MD US","39.17329","-76.68408","42.0","2015-08-10","0.21","0.0","0.0",,"77","68","    1",,,,,,,,,,,,,
"USW00093721","BALTIMORE WASHINGTON INTERNATIONAL AIRPORT, MD US","39.17329","-76.68408","42.0","2015-08-11","0.29","0.0","0.0",,"89","71","    1",,"    1",,,,,,,,,,,
"USW00093721","BALTIMORE WASHINGTON INTERNATIONAL AIRPORT, MD US","39.17329","-76.68408","42.0","2015-08-12","0.00","0.0","0.0",,"85","64",,,,,,,,,,,,,,
"USW00093721","BALTIMORE WASHINGTON INTERNATIONAL AIRPORT, MD US","39.17329","-76.68408","42.0","2015-08-13","0.00","0.0","0.0",,"83","61",,,,,,,,,,,,,,
"USW00093721","BALTIMORE WASHINGTON INTERNATIONAL AIRPORT, MD US","39.17329","-76.68408","42.0","2015-08-14","0.00","0.0","0.0",,"88","57",,,,,,,,,,,,,,
"USW00093721","BALTIMORE WASHINGTON INTERNATIONAL AIRPORT, MD US","39.17329","-76.68408","42.0","2015-08-15","0.00","0.0","0.0",,"89","61",,,,,,,,,,,,,,
"USW00093721","BALTIMORE WASHINGTON INTERNATIONAL AIRPORT, MD US","39.17329","-76.68408","42.0","2015-08-16","0.00","0.0","0.0",,"92","62",,,,,,,,,,,,,,
"USW00093721","BALTIMORE WASHINGTON INTERNATIONAL AIRPORT, MD US","39.17329","-76.68408","42.0","2015-08-17","0.41","0.0","0.0",,"95","68",,,"    1",,,,"    1",,,,,,,
"USW00093721","BALTIMORE WASHINGTON INTERNATIONAL AIRPORT, MD US","39.17329","-76.68408","42.0","2015-08-18","0.00","0.0","0.0",,"88","67","    1",,"    1",,,,"    1",,,,,,,
"USW00093721","BALTIMORE WASHINGTON INTERNATIONAL AIRPORT, MD US","39.17329","-76.68408","42.0","2015-08-19","0.00","0.0","0.0",,"89","73","    1",,,,,,"    1",,,,,,,
"USW00093721","BALTIMORE WASHINGTON INTERNATIONAL AIRPORT, MD US","39.17329","-76.68408","42.0","2015-08-20","0.49","0.0","0.0",,"86","71","    1",,"    1",,,,"    1",,,,,,,
"USW00093721","BALTIMORE WASHINGTON INTERNATIONAL AIRPORT, MD US","39.17329","-76.68408","42.0","2015-08-21","0.00","0.0","0.0",,"84","66",,,,,,,,,,,,,,
"USW00093721","BALTIMORE WASHINGTON INTERNATIONAL AIRPORT, MD US","39.17329","-76.68408","42.0","2015-08-22","0.00","0.0","0.0",,"83","59",,,,,,,,,,,,,,
"USW00093721","BALTIMORE WASHINGTON INTERNATIONAL AIRPORT, MD US","39.17329","-76.68408","42.0","2015-08-23","0.00","0.0","0.0",,"85","57",,,,,,,,,,,,,,
"USW00093721","BALTIMORE WASHINGTON INTERNATIONAL AIRPORT, MD US","39.17329","-76.68408","42.0","2015-08-24","0.52","0.0","0.0",,"89","67","    1",,"    1",,,,"    1",,,,,,,
"USW00093721","BALTIMORE WASHINGTON INTERNATIONAL AIRPORT, MD US","39.17329","-76.68408","42.0","2015-08-25","0.00","0.0","0.0",,"83","64","    1",,,,,,,,,,,,,
"USW00093721","BALTIMORE WASHINGTON INTERNATIONAL AIRPORT, MD US","39.17329","-76.68408","42.0","2015-08-26","0.00","0.0","0.0",,"79","60",,,,,,,,,,,,,,
"USW00093721","BALTIMORE WASHINGTON INTERNATIONAL AIRPORT, MD US","39.17329","-76.68408","42.0","2015-08-27","0.00","0.0","0.0",,"80","57",,,,,,,,,,,,,,
"USW00093721","BALTIMORE WASHINGTON INTERNATIONAL AIRPORT, MD US","39.17329","-76.68408","42.0","2015-08-28","0.00","0.0","0.0",,"83","56","    1",,,,,,,,,,,,,
"USW00093721","BALTIMORE WASHINGTON INTERNATIONAL AIRPORT, MD US","39.17329","-76.68408","42.0","2015-08-29","0.00","0.0","0.0",,"86","59","    1",,,,,,,,,,,,,
"USW00093721","BALTIMORE WASHINGTON INTERNATIONAL AIRPORT, MD US","39.17329","-76.68408","42.0","2015-08-30","0.00","0.0","0.0",,"86","64",,,,,,,,,,,,,,
"USW00093721","BALTIMORE WASHINGTON INTERNATIONAL AIRPORT, MD US","39.17329","-76.68408","42.0","2015-08-31","0.00","0.0","0.0",,"88","73",,,,,,,,,,,,,,
"USW00093721","BALTIMORE WASHINGTON INTERNATIONAL AIRPORT, MD US","39.17329","-76.68408","42.0","2015-09-01","0.00","0.0","0.0",,"94","68","    1",,,,,,"    1",,,,,,,
"USW00093721","BALTIMORE WASHINGTON INTERNATIONAL AIRPORT, MD US","39.17329","-76.68408","42.0","2015-09-02","0.00","0.0","0.0",,"92","69","    1",,"    1",,,,"    1",,,,,,,
"USW00093721","BALTIMORE WASHINGTON INTERNATIONAL AIRPORT, MD US","39.17329","-76.68408","42.0","2015-09-03","0.00","0.0","0.0",,"94","68","    1",,,,,,"    1",,,,,,,
"USW00093721","BALTIMORE WASHINGTON INTERNATIONAL AIRPORT, MD US","39.17329","-76.68408","42.0","2015-09-04","0.00","0.0","0.0",,"90","71","    1",,,,,,"    1",,,,,,,
"USW00093721","BALTIMORE WASHINGTON INTERNATIONAL AIRPORT, MD US","39.17329","-76.68408","42.0","2015-09-05","0.00","0.0","0.0",,"84","69",,,,,,,,,,,,,,
"USW00093721","BALTIMORE WASHINGTON INTERNATIONAL AIRPORT, MD US","39.17329","-76.68408","42.0","2015-09-06","0.00","0.0","0.0",,"84","61",,,,,,,,,,,,,,
"USW00093721","BALTIMORE WASHINGTON INTERNATIONAL AIRPORT, MD US","39.17329","-76.68408","42.0","2015-09-07","0.00","0.0","0.0",,"90","60",,,,,,,,,,,,,,
"USW00093721","BALTIMORE WASHINGTON INTERNATIONAL AIRPORT, MD US","39.17329","-76.68408","42.0","2015-09-08","0.00","0.0","0.0",,"93","68",,,,,,,"    1",,,,,,,
"USW00093721","BALTIMORE WASHINGTON INTERNATIONAL AIRPORT, MD US","39.17329","-76.68408","42.0","2015-09-09","0.00","0.0","0.0",,"94","72",,,,,,,,,,,,,,
"USW00093721","BALTIMORE WASHINGTON INTERNATIONAL AIRPORT, MD US","39.17329","-76.68408","42.0","2015-09-10","0.00","0.0","0.0",,"83","67","    1",,,,,,"    1",,,,,,,
"USW00093721","BALTIMORE WASHINGTON INTERNATIONAL AIRPORT, MD US","39.17329","-76.68408","42.0","2015-09-11","0.00","0.0","0.0",,"85","61",,,,,,,,,,,,,,
"USW00093721","BALTIMORE WASHINGTON INTERNATIONAL AIRPORT, MD US","39.17329","-76.68408","42.0","2015-09-12","0.47","0.0","0.0",,"74","58","    1",,,,,,"    1",,,,,,,
"USW00093721","BALTIMORE WASHINGTON INTERNATIONAL AIRPORT, MD US","39.17329","-76.68408","42.0","2015-09-13","0.00","0.0","0.0",,"73","54",,,,,,,,,,,,,,
"USW00093721","BALTIMORE WASHINGTON INTERNATIONAL AIRPORT, MD US","39.17329","-76.68408","42.0","2015-09-14","0.00","0.0","0.0",,"78","51",,,,,,,,,,,,,,
"USW00093721","BALTIMORE WASHINGTON INTERNATIONAL AIRPORT, MD US","39.17329","-76.68408","42.0","2015-09-15","0.00","0.0","0.0",,"83","51",,,,,,,,,,,,,,
"USW00093721","BALTIMORE WASHINGTON INTERNATIONAL AIRPORT, MD US","39.17329","-76.68408","42.0","2015-09-16","0.00","0.0","0.0",,"86","53",,,,,,,,,,,,,,
"USW00093721","BALTIMORE WASHINGTON INTERNATIONAL AIRPORT, MD US","39.17329","-76.68408","42.0","2015-09-17","0.00","0.0","0.0",,"86","55","    1",,,,,,,,,,,,,
"USW00093721","BALTIMORE WASHINGTON INTERNATIONAL AIRPORT, MD US","39.17329","-76.68408","42.0","2015-09-18","0.00","0.0","0.0",,"85","56","    1",,,,,,,,,,,,,
"USW00093721","BALTIMORE WASHINGTON INTERNATIONAL AIRPORT, MD US","39.17329","-76.68408","42.0","2015-09-19","0.00","0.0","0.0",,"85","59","    1","    1",,,,,"    1",,,,,,,
"USW00093721","BALTIMORE WASHINGTON INTERNATIONAL AIRPORT, MD US","39.17329","-76.68408","42.0","2015-09-20","0.00","0.0","0.0",,"79","64",,,,,,,,,,,,,,
"USW00093721","BALTIMORE WASHINGTON INTERNATIONAL AIRPORT, MD US","39.17329","-76.68408","42.0","2015-09-21","0.07","0.0","0.0",,"69","61",,,,,,,,,,,,,,
"USW00093721","BALTIMORE WASHINGTON INTERNATIONAL AIRPORT, MD US","39.17329","-76.68408","42.0","2015-09-22","0.00","0.0","0.0",,"72","59",,,,,,,,,,,,,,
"USW00093721","BALTIMORE WASHINGTON INTERNATIONAL AIRPORT, MD US","39.17329","-76.68408","42.0","2015-09-23","0.00","0.0","0.0",,"79","57",,,,,,,,,,,,,,
"USW00093721","BALTIMORE WASHINGTON INTERNATIONAL AIRPORT, MD US","39.17329","-76.68408","42.0","2015-09-24","0.00","0.0","0.0",,"80","52",,,,,,,,,,,,,,
"USW00093721","BALTIMORE WASHINGTON INTERNATIONAL AIRPORT, MD US","39.17329","-76.68408","42.0","2015-09-25","0.00","0.0","0.0",,"74","63",,,,,,,,,,,,,,
"USW00093721","BALTIMORE WASHINGTON INTERNATIONAL AIRPORT, MD US","39.17329","-76.68408","42.0","2015-09-26","0.00","0.0","0.0",,"73","62",,,,,,,,,,,,,,
"USW00093721","BALTIMORE WASHINGTON INTERNATIONAL AIRPORT, MD US","39.17329","-76.68408","42.0","2015-09-27","0.00","0.0","0.0",,"75","60",,,,,,,,,,,,,,
"USW00093721","BALTIMORE WASHINGTON INTERNATIONAL AIRPORT, MD US","39.17329","-76.68408","42.0","2015-09-28","0.01","0.0","0.0",,"80","64","    1",,,,,,"    1",,,,,,,
"USW00093721","BALTIMORE WASHINGTON INTERNATIONAL AIRPORT, MD US","39.17329","-76.68408","42.0","2015-09-29","2.58","0.0","0.0",,"79","68","    1",,,,,,"    1",,,,,,,
"USW00093721","BALTIMORE WASHINGTON INTERNATIONAL AIRPORT, MD US","39.17329","-76.68408","42.0","2015-09-30","0.12","0.0","0.0",,"76","61","    1",,,,,,,,,,,,,
"USW00093721","BALTIMORE WASHINGTON INTERNATIONAL AIRPORT, MD US","39.17329","-76.68408","42.0","2015-10-01","0.57","0.0","0.0",,"61","56","    1",,,,,,,,,,,,,
"USW00093721","BALTIMORE WASHINGTON INTERNATIONAL AIRPORT, MD US","39.17329","-76.68408","42.0","2015-10-02","0.96","0.0","0.0",,"56","48","    1",,,,,,,,,,,,,
"USW00093721","BALTIMORE WASHINGTON INTERNATIONAL AIRPORT, MD US","39.17329","-76.68408","42.0","2015-10-03","0.52","0.0","0.0",,"57","48","    1",,,,,,,,,,,,,
"USW00093721","BALTIMORE WASHINGTON INTERNATIONAL AIRPORT, MD US","39.17329","-76.68408","42.0","2015-10-04","0.00","0.0","0.0",,"58","53",,,,,,,,,,,,,,
"USW00093721","BALTIMORE WASHINGTON INTERNATIONAL AIRPORT, MD US","39.17329","-76.68408","42.0","2015-10-05","0.00","0.0","0.0",,"67","47",,,,,,,,,,,,,,
"USW00093721","BALTIMORE WASHINGTON INTERNATIONAL AIRPORT, MD US","39.17329","-76.68408","42.0","2015-10-06","0.00","0.0","0.0",,"76","44",,,,,,,,,,,,,,
"USW00093721","BALTIMORE WASHINGTON INTERNATIONAL AIRPORT, MD US","39.17329","-76.68408","42.0","2015-10-07","0.00","0.0","0.0",,"76","54",,,,,,,,,,,,,,
"USW00093721","BALTIMORE WASHINGTON INTERNATIONAL AIRPORT, MD US","39.17329","-76.68408","42.0","2015-10-08","0.00","0.0","0.0",,"77","51","    1",,,,,,"    1",,,,,,,
"USW00093721","BALTIMORE WASHINGTON INTERNATIONAL AIRPORT, MD US","39.17329","-76.68408","42.0","2015-10-09","0.64","0.0","0.0",,"79","60","    1",,"    1",,,,,,,,,,,
"USW00093721","BALTIMORE WASHINGTON INTERNATIONAL AIRPORT, MD US","39.17329","-76.68408","42.0","2015-10-10","0.00","0.0","0.0",,"64","44",,,,,,,,,,,,,,
"USW00093721","BALTIMORE WASHINGTON INTERNATIONAL AIRPORT, MD US","39.17329","-76.68408","42.0","2015-10-11","0.00","0.0","0.0",,"70","40",,,,,,,,,,,,,,
"USW00093721","BALTIMORE WASHINGTON INTERNATIONAL AIRPORT, MD US","39.17329","-76.68408","42.0","2015-10-12","0.00","0.0","0.0",,"75","44","    1",,,,,,,,,,,,,
"USW00093721","BALTIMORE WASHINGTON INTERNATIONAL AIRPORT, MD US","39.17329","-76.68408","42.0","2015-10-13","0.00","0.0","0.0",,"78","50","    1",,,,,,,,,,,,,
"USW00093721","BALTIMORE WASHINGTON INTERNATIONAL AIRPORT, MD US","39.17329","-76.68408","42.0","2015-10-14","0.00","0.0","0.0",,"68","48",,,,,,,,,,,,,,
"USW00093721","BALTIMORE WASHINGTON INTERNATIONAL AIRPORT, MD US","39.17329","-76.68408","42.0","2015-10-15","0.00","0.0","0.0",,"66","45","    1",,,,,,"    1",,,,,,,
"USW00093721","BALTIMORE WASHINGTON INTERNATIONAL AIRPORT, MD US","39.17329","-76.68408","42.0","2015-10-16","0.00","0.0","0.0",,"65","43",,,,,,,,,,,,,,
"USW00093721","BALTIMORE WASHINGTON INTERNATIONAL AIRPORT, MD US","39.17329","-76.68408","42.0","2015-10-17","0.00","0.0","0.0",,"57","38",,,,,,,,,,,,,,
"USW00093721","BALTIMORE WASHINGTON INTERNATIONAL AIRPORT, MD US","39.17329","-76.68408","42.0","2015-10-18","0.00","0.0","0.0",,"52","33",,,,,,,,,,,,,,
"USW00093721","BALTIMORE WASHINGTON INTERNATIONAL AIRPORT, MD US","39.17329","-76.68408","42.0","2015-10-19","0.00","0.0","0.0",,"56","29",,,,,,,,,,,,,,
"USW00093721","BALTIMORE WASHINGTON INTERNATIONAL AIRPORT, MD US","39.17329","-76.68408","42.0","2015-10-20","0.00","0.0","0.0",,"71","37",,,,,,,,,,,,,,
"USW00093721","BALTIMORE WASHINGTON INTERNATIONAL AIRPORT, MD US","39.17329","-76.68408","42.0","2015-10-21","0.00","0.0","0.0",,"74","41","    1",,,,,,,,,,,,,
"USW00093721","BALTIMORE WASHINGTON INTERNATIONAL AIRPORT, MD US","39.17329","-76.68408","42.0","2015-10-22","0.00","0.0","0.0",,"78","42","    1",,,,,,,,,,,,,
"USW00093721","BALTIMORE WASHINGTON INTERNATIONAL AIRPORT, MD US","39.17329","-76.68408","42.0","2015-10-23","0.00","0.0","0.0",,"67","42",,,,,,,,,,,,,,
"USW00093721","BALTIMORE WASHINGTON INTERNATIONAL AIRPORT, MD US","39.17329","-76.68408","42.0","2015-10-24","0.00","0.0","0.0",,"59","39",,,,,,,,,,,,,,
"USW00093721","BALTIMORE WASHINGTON INTERNATIONAL AIRPORT, MD US","39.17329","-76.68408","42.0","2015-10-25","0.01","0.0","0.0",,"72","51",,,,,,,,,,,,,,
"USW00093721","BALTIMORE WASHINGTON INTERNATIONAL AIRPORT, MD US","39.17329","-76.68408","42.0","2015-10-26","0.00","0.0","0.0",,"60","37",,,,,,,,,,,,,,
"USW00093721","BALTIMORE WASHINGTON INTERNATIONAL AIRPORT, MD US","39.17329","-76.68408","42.0","2015-10-27","0.00","0.0","0.0",,"59","35",,,,,,,,,,,,,,
"USW00093721","BALTIMORE WASHINGTON INTERNATIONAL AIRPORT, MD US","39.17329","-76.68408","42.0","2015-10-28","0.63","0.0","0.0",,"70","54","    1",,,,,,,,,,,,,
"USW00093721","BALTIMORE WASHINGTON INTERNATIONAL AIRPORT, MD US","39.17329","-76.68408","42.0","2015-10-29","0.07","0.0","0.0",,"70","47","    1",,"    1",,,,,,,,,,,
"USW00093721","BALTIMORE WASHINGTON INTERNATIONAL AIRPORT, MD US","39.17329","-76.68408","42.0","2015-10-30","0.00","0.0","0.0",,"59","38",,,,,,,,,,,,,,
"USW00093721","BALTIMORE WASHINGTON INTERNATIONAL AIRPORT, MD US","39.17329","-76.68408","42.0","2015-10-31","0.00","0.0","0.0",,"59","34",,,,,,,,,,,,,,
"USW00093721","BALTIMORE WASHINGTON INTERNATIONAL AIRPORT, MD US","39.17329","-76.68408","42.0","2015-11-01","0.02","0.0","0.0",,"67","52","    1",,,,,,,,,,,,,
"USW00093721","BALTIMORE WASHINGTON INTERNATIONAL AIRPORT, MD US","39.17329","-76.68408","42.0","2015-11-02","0.00","0.0","0.0",,"64","45",,,,,,,,,,,,,,
"USW00093721","BALTIMORE WASHINGTON INTERNATIONAL AIRPORT, MD US","39.17329","-76.68408","42.0","2015-11-03","0.00","0.0","0.0",,"73","38","    1",,,,,,,,,,,,,
"USW00093721","BALTIMORE WASHINGTON INTERNATIONAL AIRPORT, MD US","39.17329","-76.68408","42.0","2015-11-04","0.00","0.0","0.0",,"74","41","    1",,,,,,,,,,,,,
"USW00093721","BALTIMORE WASHINGTON INTERNATIONAL AIRPORT, MD US","39.17329","-76.68408","42.0","2015-11-05","0.13","0.0","0.0",,"67","56","    1","    1",,,,,,,,,,,,
"USW00093721","BALTIMORE WASHINGTON INTERNATIONAL AIRPORT, MD US","39.17329","-76.68408","42.0","2015-11-06","0.02","0.0","0.0",,"80","63","    1",,,,,,"    1",,,,,,,
"USW00093721","BALTIMORE WASHINGTON INTERNATIONAL AIRPORT, MD US","39.17329","-76.68408","42.0","2015-11-07","0.11","0.0","0.0",,"68","52","    1",,,,,,,,,,,,,
"USW00093721","BALTIMORE WASHINGTON INTERNATIONAL AIRPORT, MD US","39.17329","-76.68408","42.0","2015-11-08","0.00","0.0","0.0",,"58","37",,,,,,,"    1",,,,,,,
"USW00093721","BALTIMORE WASHINGTON INTERNATIONAL AIRPORT, MD US","39.17329","-76.68408","42.0","2015-11-09","0.53","0.0","0.0",,"53","32","    1",,,,,,,,,,,,,
"USW00093721","BALTIMORE WASHINGTON INTERNATIONAL AIRPORT, MD US","39.17329","-76.68408","42.0","2015-11-10","0.53","0.0","0.0",,"61","50","    1",,,,,,,,,,,,,
"USW00093721","BALTIMORE WASHINGTON INTERNATIONAL AIRPORT, MD US","39.17329","-76.68408","42.0","2015-11-11","0.00","0.0","0.0",,"64","47",,,,,,,,,,,,,,
"USW00093721","BALTIMORE WASHINGTON INTERNATIONAL AIRPORT, MD US","39.17329","-76.68408","42.0","2015-11-12","0.07","0.0","0.0",,"64","45","    1",,,,,,"    1",,,,,,,
"USW00093721","BALTIMORE WASHINGTON INTERNATIONAL AIRPORT, MD US","39.17329","-76.68408","42.0","2015-11-13","0.00","0.0","0.0",,"59","46",,,,,,,,,,,,,,
"USW00093721","BALTIMORE WASHINGTON INTERNATIONAL AIRPORT, MD US","39.17329","-76.68408","42.0","2015-11-14","0.00","0.0","0.0",,"54","34",,,,,,,,,,,,,,
"USW00093721","BALTIMORE WASHINGTON INTERNATIONAL AIRPORT, MD US","39.17329","-76.68408","42.0","2015-11-15","0.00","0.0","0.0",,"64","31",,,,,,,,,,,,,,
"USW00093721","BALTIMORE WASHINGTON INTERNATIONAL AIRPORT, MD US","39.17329","-76.68408","42.0","2015-11-16","0.00","0.0","0.0",,"70","42",,,,,,,"    1",,,,,,,
"USW00093721","BALTIMORE WASHINGTON INTERNATIONAL AIRPORT, MD US","39.17329","-76.68408","42.0","2015-11-17","0.00","0.0","0.0",,"58","40",,,,,,,,,,,,,,
"USW00093721","BALTIMORE WASHINGTON INTERNATIONAL AIRPORT, MD US","39.17329","-76.68408","42.0","2015-11-18","0.00","0.0","0.0",,"63","45",,,,,,,,,,,,,,
"USW00093721","BALTIMORE WASHINGTON INTERNATIONAL AIRPORT, MD US","39.17329","-76.68408","42.0","2015-11-19","0.62","0.0","0.0",,"63","54","    1",,,,,,,,,,,,,
"USW00093721","BALTIMORE WASHINGTON INTERNATIONAL AIRPORT, MD US","39.17329","-76.68408","42.0","2015-11-20","0.00","0.0","0.0",,"57","33",,,,,,,,,,,,,,
"USW00093721","BALTIMORE WASHINGTON INTERNATIONAL AIRPORT, MD US","39.17329","-76.68408","42.0","2015-11-21","0.00","0.0","0.0",,"52","30",,,,,,,,,,,,,,
"USW00093721","BALTIMORE WASHINGTON INTERNATIONAL AIRPORT, MD US","39.17329","-76.68408","42.0","2015-11-22","0.00","0.0","0.0",,"49","35",,,,,,,,,,,,,,
"USW00093721","BALTIMORE WASHINGTON INTERNATIONAL AIRPORT, MD US","39.17329","-76.68408","42.0","2015-11-23","0.00","0.0","0.0",,"41","28",,,,,,,,,,,,,,
"USW00093721","BALTIMORE WASHINGTON INTERNATIONAL AIRPORT, MD US","39.17329","-76.68408","42.0","2015-11-24","0.00","0.0","0.0",,"54","30",,,,,,,,,,,,,,
"USW00093721","BALTIMORE WASHINGTON INTERNATIONAL AIRPORT, MD US","39.17329","-76.68408","42.0","2015-11-25","0.00","0.0","0.0",,"55","30",,,,,,,"    1",,,,,,,
"USW00093721","BALTIMORE WASHINGTON INTERNATIONAL AIRPORT, MD US","39.17329","-76.68408","42.0","2015-11-26","0.00","0.0","0.0",,"63","31","    1",,,,,,"    1",,,,,,,
"USW00093721","BALTIMORE WASHINGTON INTERNATIONAL AIRPORT, MD US","39.17329","-76.68408","42.0","2015-11-27","0.00","0.0","0.0",,"68","36","    1",,,,,,"    1",,,,,,,
"USW00093721","BALTIMORE WASHINGTON INTERNATIONAL AIRPORT, MD US","39.17329","-76.68408","42.0","2015-11-28","0.00","0.0","0.0",,"66","46","    1",,,,,,"    1",,,,,,,
"USW00093721","BALTIMORE WASHINGTON INTERNATIONAL AIRPORT, MD US","39.17329","-76.68408","42.0","2015-11-29","0.32","0.0","0.0",,"54","42","    1",,,,,,,,,,,,,
"USW00093721","BALTIMORE WASHINGTON INTERNATIONAL AIRPORT, MD US","39.17329","-76.68408","42.0","2015-11-30","0.07","0.0","0.0",,"44","38","    1",,,,,,,,,,,,,
"USW00093721","BALTIMORE WASHINGTON INTERNATIONAL AIRPORT, MD US","39.17329","-76.68408","42.0","2015-12-01","0.81","0.0","0.0",,"51","44","    1",,,,,,,,,,,,,
"USW00093721","BALTIMORE WASHINGTON INTERNATIONAL AIRPORT, MD US","39.17329","-76.68408","42.0","2015-12-02","0.20","0.0","0.0",,"57","47","    1","    1",,,,,,,,,,,,
"USW00093721","BALTIMORE WASHINGTON INTERNATIONAL AIRPORT, MD US","39.17329","-76.68408","42.0","2015-12-03","0.00","0.0","0.0",,"52","37",,,,,,,,,,,,,,
"USW00093721","BALTIMORE WASHINGTON INTERNATIONAL AIRPORT, MD US","39.17329","-76.68408","42.0","2015-12-04","0.00","0.0","0.0",,"51","31",,,,,,,,,,,,,,
"USW00093721","BALTIMORE WASHINGTON INTERNATIONAL AIRPORT, MD US","39.17329","-76.68408","42.0","2015-12-05","0.00","0.0","0.0",,"52","27","    1",,,,,,,,,,,,,
"USW00093721","BALTIMORE WASHINGTON INTERNATIONAL AIRPORT, MD US","39.17329","-76.68408","42.0","2015-12-06","0.00","0.0","0.0",,"55","24","    1",,,,,,"    1",,,,,,,
"USW00093721","BALTIMORE WASHINGTON INTERNATIONAL AIRPORT, MD US","39.17329","-76.68408","42.0","2015-12-07","0.00","0.0","0.0",,"58","28","    1",,,,,,"    1",,,,,,,
"USW00093721","BALTIMORE WASHINGTON INTERNATIONAL AIRPORT, MD US","39.17329","-76.68408","42.0","2015-12-08","0.00","0.0","0.0",,"52","29","    1",,,,,,"    1",,,,,,,
"USW00093721","BALTIMORE WASHINGTON INTERNATIONAL AIRPORT, MD US","39.17329","-76.68408","42.0","2015-12-09","0.00","0.0","0.0",,"53","31","    1",,,,,,"    1",,,,,,,
"USW00093721","BALTIMORE WASHINGTON INTERNATIONAL AIRPORT, MD US","39.17329","-76.68408","42.0","2015-12-10","0.00","0.0","0.0",,"61","36","    1",,,,,,"    1",,,,,,,
"USW00093721","BALTIMORE WASHINGTON INTERNATIONAL AIRPORT, MD US","39.17329","-76.68408","42.0","2015-12-11","0.00","0.0","0.0",,"64","36","    1",,,,,,"    1",,,,,,,
"USW00093721","BALTIMORE WASHINGTON INTERNATIONAL AIRPORT, MD US","39.17329","-76.68408","42.0","2015-12-12","0.00","0.0","0.0",,"71","40","    1",,,,,,"    1",,,,,,,
"USW00093721","BALTIMORE WASHINGTON INTERNATIONAL AIRPORT, MD US","39.17329","-76.68408","42.0","2015-12-13","0.00","0.0","0.0",,"72","49","    1",,,,,,"    1",,,,,,,
"USW00093721","BALTIMORE WASHINGTON INTERNATIONAL AIRPORT, MD US","39.17329","-76.68408","42.0","2015-12-14","0.13","0.0","0.0",,"71","52","    1",,,,,,,,,,,,,
"USW00093721","BALTIMORE WASHINGTON INTERNATIONAL AIRPORT, MD US","39.17329","-76.68408","42.0","2015-12-15","0.01","0.0","0.0",,"67","39","    1",,,,,,,,,,,,,
"USW00093721","BALTIMORE WASHINGTON INTERNATIONAL AIRPORT, MD US","39.17329","-76.68408","42.0","2015-12-16","0.00","0.0","0.0",,"55","35",,,,,,,,,,,,,,
"USW00093721","BALTIMORE WASHINGTON INTERNATIONAL AIRPORT, MD US","39.17329","-76.68408","42.0","2015-12-17","0.51","0.0","0.0",,"52","37","    1",,,,,,,,,,,,,
"USW00093721","BALTIMORE WASHINGTON INTERNATIONAL AIRPORT, MD US","39.17329","-76.68408","42.0","2015-12-18","0.00","0.0","0.0",,"51","34","    1",,,,,,,,,,,,,
"USW00093721","BALTIMORE WASHINGTON INTERNATIONAL AIRPORT, MD US","39.17329","-76.68408","42.0","2015-12-19","0.00","0.0","0.0",,"42","26",,,,,,,"    1",,,,,,,
"USW00093721","BALTIMORE WASHINGTON INTERNATIONAL AIRPORT, MD US","39.17329","-76.68408","42.0","2015-12-20","0.00","0.0","0.0",,"47","21",,,,,,,,,,,,,,
"USW00093721","BALTIMORE WASHINGTON INTERNATIONAL AIRPORT, MD US","39.17329","-76.68408","42.0","2015-12-21","0.00","0.0","0.0",,"58","32",,,,,,,,,,,,,,
"USW00093721","BALTIMORE WASHINGTON INTERNATIONAL AIRPORT, MD US","39.17329","-76.68408","42.0","2015-12-22","0.11","0.0","0.0",,"59","50","    1",,,,,,,,,,,,,
"USW00093721","BALTIMORE WASHINGTON INTERNATIONAL AIRPORT, MD US","39.17329","-76.68408","42.0","2015-12-23","2.01","0.0","0.0",,"68","55","    1","    1",,,,,,,,,,,,
"USW00093721","BALTIMORE WASHINGTON INTERNATIONAL AIRPORT, MD US","39.17329","-76.68408","42.0","2015-12-24","0.05","0.0","0.0",,"71","61","    1",,,,,,,,,,,,,
"USW00093721","BALTIMORE WASHINGTON INTERNATIONAL AIRPORT, MD US","39.17329","-76.68408","42.0","2015-12-25","1.08","0.0","0.0",,"71","58","    1",,,,,,,,,,,,,
"USW00093721","BALTIMORE WASHINGTON INTERNATIONAL AIRPORT, MD US","39.17329","-76.68408","42.0","2015-12-26","0.06","0.0","0.0",,"60","50","    1",,,,,,,,,,,,,
"USW00093721","BALTIMORE WASHINGTON INTERNATIONAL AIRPORT, MD US","39.17329","-76.68408","42.0","2015-12-27","0.01","0.0","0.0",,"69","49","    1","    1",,,,,,,,,,,,
"USW00093721","BALTIMORE WASHINGTON INTERNATIONAL AIRPORT, MD US","39.17329","-76.68408","42.0","2015-12-28","0.18","0.0","0.0",,"53","40","    1",,,,,,"    1",,,,,,,
"USW00093721","BALTIMORE WASHINGTON INTERNATIONAL AIRPORT, MD US","39.17329","-76.68408","42.0","2015-12-29","0.65","0.0","0.0",,"55","43","    1",,,,,,,,,,,,,
"USW00093721","BALTIMORE WASHINGTON INTERNATIONAL AIRPORT, MD US","39.17329","-76.68408","42.0","2015-12-30","0.04","0.0","0.0",,"52","47","    1","    1",,,,,"    1",,,,,,,
"USW00093721","BALTIMORE WASHINGTON INTERNATIONAL AIRPORT, MD US","39.17329","-76.68408","42.0","2015-12-31","0.00","0.0","0.0",,"57","42","    1",,,,,,,,,,,,,
"USW00093721","BALTIMORE WASHINGTON INTERNATIONAL AIRPORT, MD US","39.17329","-76.68408","42.0","2016-01-01","0.00","0.0","0.0",,"45","28",,,,,,,,,,,,,,
"USW00093721","BALTIMORE WASHINGTON INTERNATIONAL AIRPORT, MD US","39.17329","-76.68408","42.0","2016-01-02","0.00","0.0","0.0",,"47","26",,,,,,,,,,,,,,
"USW00093721","BALTIMORE WASHINGTON INTERNATIONAL AIRPORT, MD US","39.17329","-76.68408","42.0","2016-01-03","0.00","0.0","0.0",,"52","26",,,,,,,,,,,,,,
"USW00093721","BALTIMORE WASHINGTON INTERNATIONAL AIRPORT, MD US","39.17329","-76.68408","42.0","2016-01-04","0.00","0.0","0.0",,"37","16",,,,,,,,,,,,,,
"USW00093721","BALTIMORE WASHINGTON INTERNATIONAL AIRPORT, MD US","39.17329","-76.68408","42.0","2016-01-05","0.00","0.0","0.0",,"33","13",,,,,,,,,,,,,,
"USW00093721","BALTIMORE WASHINGTON INTERNATIONAL AIRPORT, MD US","39.17329","-76.68408","42.0","2016-01-06","0.00","0.0","0.0",,"41","12",,,,,,,,,,,,,,
"USW00093721","BALTIMORE WASHINGTON INTERNATIONAL AIRPORT, MD US","39.17329","-76.68408","42.0","2016-01-07","0.00","0.0","0.0",,"42","27","    1",,,,,,"    1",,,,,,,
"USW00093721","BALTIMORE WASHINGTON INTERNATIONAL AIRPORT, MD US","39.17329","-76.68408","42.0","2016-01-08","0.01","0.0","0.0",,"43","38","    1",,,,,,"    1",,,,,,,
"USW00093721","BALTIMORE WASHINGTON INTERNATIONAL AIRPORT, MD US","39.17329","-76.68408","42.0","2016-01-09","0.29","0.0","0.0",,"51","41","    1",,,,,,"    1",,,,,,,
"USW00093721","BALTIMORE WASHINGTON INTERNATIONAL AIRPORT, MD US","39.17329","-76.68408","42.0","2016-01-10","0.75","0.0","0.0",,"63","36","    1",,,,,,,,,,,,,
"USW00093721","BALTIMORE WASHINGTON INTERNATIONAL AIRPORT, MD US","39.17329","-76.68408","42.0","2016-01-11","0.00","0.0","0.0",,"37","23",,,,,,,,,,,,,,
"USW00093721","BALTIMORE WASHINGTON INTERNATIONAL AIRPORT, MD US","39.17329","-76.68408","42.0","2016-01-12","0.00","0.0","0.0",,"46","22",,,,,,,,,,,,,,
"USW00093721","BALTIMORE WASHINGTON INTERNATIONAL AIRPORT, MD US","39.17329","-76.68408","42.0","2016-01-13","0.00","0.0","0.0",,"28","19",,,,,,,,,,,,,,
"USW00093721","BALTIMORE WASHINGTON INTERNATIONAL AIRPORT, MD US","39.17329","-76.68408","42.0","2016-01-14","0.00","0.0","0.0",,"51","21",,,,,,,,,,,,,,
"USW00093721","BALTIMORE WASHINGTON INTERNATIONAL AIRPORT, MD US","39.17329","-76.68408","42.0","2016-01-15","0.24","0.0","0.0",,"50","27","    1",,,,,,,,,,,,,
"USW00093721","BALTIMORE WASHINGTON INTERNATIONAL AIRPORT, MD US","39.17329","-76.68408","42.0","2016-01-16","0.03","0.0","0.0",,"55","34","    1",,,,,,,,,,,,,
"USW00093721","BALTIMORE WASHINGTON INTERNATIONAL AIRPORT, MD US","39.17329","-76.68408","42.0","2016-01-17","0.02","0.1","0.0",,"37","28","    1",,,,,,,,,,,,,
"USW00093721","BALTIMORE WASHINGTON INTERNATIONAL AIRPORT, MD US","39.17329","-76.68408","42.0","2016-01-18","0.00","0.0","0.0",,"31","14",,,,,,,,,,,,,,
"USW00093721","BALTIMORE WASHINGTON INTERNATIONAL AIRPORT, MD US","39.17329","-76.68408","42.0","2016-01-19","0.00","0.0","0.0",,"27","13",,,,,,,,,,,,,,
"USW00093721","BALTIMORE WASHINGTON INTERNATIONAL AIRPORT, MD US","39.17329","-76.68408","42.0","2016-01-20","0.02","0.7","0.0",,"30","15","    1",,,,,,,,,,,,,
"USW00093721","BALTIMORE WASHINGTON INTERNATIONAL AIRPORT, MD US","39.17329","-76.68408","42.0","2016-01-21","0.00","0.0","1.2",,"34","18","    1",,,,,,"    1",,,,,,,
"USW00093721","BALTIMORE WASHINGTON INTERNATIONAL AIRPORT, MD US","39.17329","-76.68408","42.0","2016-01-22","0.33","3.7","0.0",,"28","19","    1","    1",,,,,,"    1",,,,,,
"USW00093721","BALTIMORE WASHINGTON INTERNATIONAL AIRPORT, MD US","39.17329","-76.68408","42.0","2016-01-23","1.80","25.5","11.8",,"28","22","    1","    1","    1","    1",,,,"    1",,,,,,
"USW00093721","BALTIMORE WASHINGTON INTERNATIONAL AIRPORT, MD US","39.17329","-76.68408","42.0","2016-01-24","0.00","0.0","26.0",,"34","14",,,,,,,,,,,,,,
"USW00093721","BALTIMORE WASHINGTON INTERNATIONAL AIRPORT, MD US","39.17329","-76.68408","42.0","2016-01-25","0.00","0.0","24.0",,"38","8",,,,,,,,,,,,,,
"USW00093721","BALTIMORE WASHINGTON INTERNATIONAL AIRPORT, MD US","39.17329","-76.68408","42.0","2016-01-26","0.00","0.0","22.0",,"52","19","    1",,,,,,"    1",,,,,,,
"USW00093721","BALTIMORE WASHINGTON INTERNATIONAL AIRPORT, MD US","39.17329","-76.68408","42.0","2016-01-27","0.00","0.0","13.0",,"44","24",,,,,,,,,,,,,,
"USW00093721","BALTIMORE WASHINGTON INTERNATIONAL AIRPORT, MD US","39.17329","-76.68408","42.0","2016-01-28","0.00","0.0","9.8",,"42","17","    1",,,,,,"    1",,,,,,,
"USW00093721","BALTIMORE WASHINGTON INTERNATIONAL AIRPORT, MD US","39.17329","-76.68408","42.0","2016-01-29","0.01","0.0","7.9",,"41","25",,,,,,,"    1",,,,,,,
"USW00093721","BALTIMORE WASHINGTON INTERNATIONAL AIRPORT, MD US","39.17329","-76.68408","42.0","2016-01-30","0.00","0.0","7.9",,"43","18",,,,,,,,,,,,,,
"USW00093721","BALTIMORE WASHINGTON INTERNATIONAL AIRPORT, MD US","39.17329","-76.68408","42.0","2016-01-31","0.00","0.0","7.1",,"61","25",,,,,,,,,,,,,,
"USW00093721","BALTIMORE WASHINGTON INTERNATIONAL AIRPORT, MD US","39.17329","-76.68408","42.0","2016-02-01","0.17","0.0","3.9",,"55","39","    1",,,,,,,,,,,,,
"USW00093721","BALTIMORE WASHINGTON INTERNATIONAL AIRPORT, MD US","39.17329","-76.68408","42.0","2016-02-02","0.00","0.0","0.0",,"47","31",,,,,,,,,,,,,,
"USW00093721","BALTIMORE WASHINGTON INTERNATIONAL AIRPORT, MD US","39.17329","-76.68408","42.0","2016-02-03","0.57","0.0","0.0",,"56","38","    1",,,,,,,,,,,,,
"USW00093721","BALTIMORE WASHINGTON INTERNATIONAL AIRPORT, MD US","39.17329","-76.68408","42.0","2016-02-04","0.02","0.0","0.0",,"58","41","    1",,,,,,,,,,,,,
"USW00093721","BALTIMORE WASHINGTON INTERNATIONAL AIRPORT, MD US","39.17329","-76.68408","42.0","2016-02-05","0.12","0.0","0.0",,"44","27","    1",,,,,,"    1",,,,,,,
"USW00093721","BALTIMORE WASHINGTON INTERNATIONAL AIRPORT, MD US","39.17329","-76.68408","42.0","2016-02-06","0.00","0.0","0.0",,"44","22",,,,,,,,,,,,,,
"USW00093721","BALTIMORE WASHINGTON INTERNATIONAL AIRPORT, MD US","39.17329","-76.68408","42.0","2016-02-07","0.00","0.0","0.0",,"44","22",,,,,,,,,,,,,,
"USW00093721","BALTIMORE WASHINGTON INTERNATIONAL AIRPORT, MD US","39.17329","-76.68408","42.0","2016-02-08","0.04","0.0","0.0",,"46","32","    1",,,,,,,,,,,,,
"USW00093721","BALTIMORE WASHINGTON INTERNATIONAL AIRPORT, MD US","39.17329","-76.68408","42.0","2016-02-09","0.35","0.4","0.0",,"38","31","    1","    1",,,,,,,,,,,,
"USW00093721","BALTIMORE WASHINGTON INTERNATIONAL AIRPORT, MD US","39.17329","-76.68408","42.0","2016-02-10","0.00","0.0","0.0",,"37","23","    1",,,,,,"    1",,,,,,,
"USW00093721","BALTIMORE WASHINGTON INTERNATIONAL AIRPORT, MD US","39.17329","-76.68408","42.0","2016-02-11","0.00","0.0","0.0",,"28","19",,,,,,,,,,,,,,
"USW00093721","BALTIMORE WASHINGTON INTERNATIONAL AIRPORT, MD US","39.17329","-76.68408","42.0","2016-02-12","0.00","0.0","0.0",,"29","13",,,,,,,"    1",,,,,,,
"USW00093721","BALTIMORE WASHINGTON INTERNATIONAL AIRPORT, MD US","39.17329","-76.68408","42.0","2016-02-13","0.00","0.0","0.0",,"24","13","    1",,,,,,,,,,,,,
"USW00093721","BALTIMORE WASHINGTON INTERNATIONAL AIRPORT, MD US","39.17329","-76.68408","42.0","2016-02-14","0.00","0.0","0.0",,"24","8",,,,,,,,,,,,,,
"USW00093721","BALTIMORE WASHINGTON INTERNATIONAL AIRPORT, MD US","39.17329","-76.68408","42.0","2016-02-15","0.38","2.2","1.2",,"30","19","    1",,,,,"    1","    1",,,,,,,
"USW00093721","BALTIMORE WASHINGTON INTERNATIONAL AIRPORT, MD US","39.17329","-76.68408","42.0","2016-02-16","0.77","0.0","2.0",,"52","30","    1","    1",,,,"    1",,,,,,,,
"USW00093721","BALTIMORE WASHINGTON INTERNATIONAL AIRPORT, MD US","39.17329","-76.68408","42.0","2016-02-17","0.00","0.0","0.0",,"45","29","    1",,,,,,,,,,,,,
"USW00093721","BALTIMORE WASHINGTON INTERNATIONAL AIRPORT, MD US","39.17329","-76.68408","42.0","2016-02-18","0.00","0.0","0.0",,"38","22",,,,,,,,,,,,,,
"USW00093721","BALTIMORE WASHINGTON INTERNATIONAL AIRPORT, MD US","39.17329","-76.68408","42.0","2016-02-19","0.00","0.0","0.0",,"39","18",,,,,,,,,,,,,,
"USW00093721","BALTIMORE WASHINGTON INTERNATIONAL AIRPORT, MD US","39.17329","-76.68408","42.0","2016-02-20","0.00","0.0","0.0",,"67","39",,,,,,,,,,,,,,
"USW00093721","BALTIMORE WASHINGTON INTERNATIONAL AIRPORT, MD US","39.17329","-76.68408","42.0","2016-02-21","0.06","0.0","0.0",,"58","43","    1",,,,,,"    1",,,,,,,
"USW00093721","BALTIMORE WASHINGTON INTERNATIONAL AIRPORT, MD US","39.17329","-76.68408","42.0","2016-02-22","0.00","0.0","0.0",,"51","37",,,,,,,,,,,,,,
"USW00093721","BALTIMORE WASHINGTON INTERNATIONAL AIRPORT, MD US","39.17329","-76.68408","42.0","2016-02-23","0.60","0.0","0.0",,"43","38","    1",,,,,,,,,,,,,
"USW00093721","BALTIMORE WASHINGTON INTERNATIONAL AIRPORT, MD US","39.17329","-76.68408","42.0","2016-02-24","2.61","0.0","0.0",,"62","40","    1","    1","    1",,,,,,,,,,,
"USW00093721","BALTIMORE WASHINGTON INTERNATIONAL AIRPORT, MD US","39.17329","-76.68408","42.0","2016-02-25","0.01","0.0","0.0",,"61","38",,,,,,,,,,,,,,
"USW00093721","BALTIMORE WASHINGTON INTERNATIONAL AIRPORT, MD US","39.17329","-76.68408","42.0","2016-02-26","0.00","0.0","0.0",,"40","26",,,,,,,,,,,,,,
"USW00093721","BALTIMORE WASHINGTON INTERNATIONAL AIRPORT, MD US","39.17329","-76.68408","42.0","2016-02-27","0.00","0.0","0.0",,"45","24",,,,,,,,,,,,,,
"USW00093721","BALTIMORE WASHINGTON INTERNATIONAL AIRPORT, MD US","39.17329","-76.68408","42.0","2016-02-28","0.00","0.0","0.0",,"65","28",,,,,,,,,,,,,,
"USW00093721","BALTIMORE WASHINGTON INTERNATIONAL AIRPORT, MD US","39.17329","-76.68408","42.0","2016-02-29","0.00","0.0","0.0",,"64","43",,,,,,,,,,,,,,
"USW00093721","BALTIMORE WASHINGTON INTERNATIONAL AIRPORT, MD US","39.17329","-76.68408","42.0","2016-03-01","0.00","0.0","0.0",,"63","33",,,,,,,,,,,,,,
"USW00093721","BALTIMORE WASHINGTON INTERNATIONAL AIRPORT, MD US","39.17329","-76.68408","42.0","2016-03-02","0.28","0.0","0.0",,"63","27","    1",,,,,,,,,,,,,
"USW00093721","BALTIMORE WASHINGTON INTERNATIONAL AIRPORT, MD US","39.17329","-76.68408","42.0","2016-03-03","0.09","1.6","0.0",,"43","22","    1",,,,,,"    1",,,,,,,
"USW00093721","BALTIMORE WASHINGTON INTERNATIONAL AIRPORT, MD US","39.17329","-76.68408","42.0","2016-03-04","0.07","0.9","2.0",,"40","31","    1",,,,,,,,,,,,,
"USW00093721","BALTIMORE WASHINGTON INTERNATIONAL AIRPORT, MD US","39.17329","-76.68408","42.0","2016-03-05","0.00","0.0","0.0",,"42","27",,,,,,,,,,,,,,
"USW00093721","BALTIMORE WASHINGTON INTERNATIONAL AIRPORT, MD US","39.17329","-76.68408","42.0","2016-03-06","0.00","0.0","0.0",,"47","29","    1",,,,,,"    1",,,,,,,
"USW00093721","BALTIMORE WASHINGTON INTERNATIONAL AIRPORT, MD US","39.17329","-76.68408","42.0","2016-03-07","0.00","0.0","0.0",,"65","28","    1",,,,,,"    1",,,,,,,
"USW00093721","BALTIMORE WASHINGTON INTERNATIONAL AIRPORT, MD US","39.17329","-76.68408","42.0","2016-03-08","0.00","0.0","0.0",,"77","47",,,,,,,,,,,,,,
"USW00093721","BALTIMORE WASHINGTON INTERNATIONAL AIRPORT, MD US","39.17329","-76.68408","42.0","2016-03-09","0.00","0.0","0.0",,"82","40",,,,,,,,,,,,,,
"USW00093721","BALTIMORE WASHINGTON INTERNATIONAL AIRPORT, MD US","39.17329","-76.68408","42.0","2016-03-10","0.00","0.0","0.0",,"80","57",,,,,,,,,,,,,,
"USW00093721","BALTIMORE WASHINGTON INTERNATIONAL AIRPORT, MD US","39.17329","-76.68408","42.0","2016-03-11","0.00","0.0","0.0",,"73","50",,,,,,,,,,,,,,
"USW00093721","BALTIMORE WASHINGTON INTERNATIONAL AIRPORT, MD US","39.17329","-76.68408","42.0","2016-03-12","0.00","0.0","0.0",,"54","42",,,,,,,,,,,,,,
"USW00093721","BALTIMORE WASHINGTON INTERNATIONAL AIRPORT, MD US","39.17329","-76.68408","42.0","2016-03-13","0.55","0.0","0.0",,"56","47","    1",,,,,,,,,,,,,
"USW00093721","BALTIMORE WASHINGTON INTERNATIONAL AIRPORT, MD US","39.17329","-76.68408","42.0","2016-03-14","0.56","0.0","0.0",,"51","45","    1",,,,,,,,,,,,,
"USW00093721","BALTIMORE WASHINGTON INTERNATIONAL AIRPORT, MD US","39.17329","-76.68408","42.0","2016-03-15","0.01","0.0","0.0",,"61","44","    1",,,,,,"    1",,,,,,,
"USW00093721","BALTIMORE WASHINGTON INTERNATIONAL AIRPORT, MD US","39.17329","-76.68408","42.0","2016-03-16","0.00","0.0","0.0",,"69","42","    1",,,,,,"    1",,,,,,,
"USW00093721","BALTIMORE WASHINGTON INTERNATIONAL AIRPORT, MD US","39.17329","-76.68408","42.0","2016-03-17","0.00","0.0","0.0",,"68","39",,,,,,,,,,,,,,
"USW00093721","BALTIMORE WASHINGTON INTERNATIONAL AIRPORT, MD US","39.17329","-76.68408","42.0","2016-03-18","0.00","0.0","0.0",,"64","42",,,,,,,,,,,,,,
"USW00093721","BALTIMORE WASHINGTON INTERNATIONAL AIRPORT, MD US","39.17329","-76.68408","42.0","2016-03-19","0.22","0.0","0.0",,"51","35","    1",,,,,,,,,,,,,
"USW00093721","BALTIMORE WASHINGTON INTERNATIONAL AIRPORT, MD US","39.17329","-76.68408","42.0","2016-03-20","0.00","0.0","0.0",,"42","35","    1",,,"    1",,,,,,,,,,
"USW00093721","BALTIMORE WASHINGTON INTERNATIONAL AIRPORT, MD US","39.17329","-76.68408","42.0","2016-03-21","0.00","0.0","0.0",,"52","31",,,,,,,,,,,,,,
"USW00093721","BALTIMORE WASHINGTON INTERNATIONAL AIRPORT, MD US","39.17329","-76.68408","42.0","2016-03-22","0.00","0.0","0.0",,"61","28",,,,,,,,,,,,,,
"USW00093721","BALTIMORE WASHINGTON INTERNATIONAL AIRPORT, MD US","39.17329","-76.68408","42.0","2016-03-23","0.00","0.0","0.0",,"75","45",,,,,,,,,,,,,,
"USW00093721","BALTIMORE WASHINGTON INTERNATIONAL AIRPORT, MD US","39.17329","-76.68408","42.0","2016-03-24","0.00","0.0","0.0",,"77","43",,,,,,,,,,,,,,
"USW00093721","BALTIMORE WASHINGTON INTERNATIONAL AIRPORT, MD US","39.17329","-76.68408","42.0","2016-03-25","0.01","0.0","0.0",,"72","47",,,,,,,"    1",,,,,,,
"USW00093721","BALTIMORE WASHINGTON INTERNATIONAL AIRPORT, MD US","39.17329","-76.68408","42.0","2016-03-26","0.00","0.0","0.0",,"56","38",,,,,,,,,,,,,,
"USW00093721","BALTIMORE WASHINGTON INTERNATIONAL AIRPORT, MD US","39.17329","-76.68408","42.0","2016-03-27","0.03","0.0","0.0",,"55","46","    1",,,,,,"    1",,,,,,,
"USW00093721","BALTIMORE WASHINGTON INTERNATIONAL AIRPORT, MD US","39.17329","-76.68408","42.0","2016-03-28","0.28","0.0","0.0",,"68","46","    1",,,,,,,,,,,,,
"USW00093721","BALTIMORE WASHINGTON INTERNATIONAL AIRPORT, MD US","39.17329","-76.68408","42.0","2016-03-29","0.00","0.0","0.0",,"58","38",,,,,,,,,,,,,,
"USW00093721","BALTIMORE WASHINGTON INTERNATIONAL AIRPORT, MD US","39.17329","-76.68408","42.0","2016-03-30","0.00","0.0","0.0",,"58","30",,,,,,,,,,,,,,
"USW00093721","BALTIMORE WASHINGTON INTERNATIONAL AIRPORT, MD US","39.17329","-76.68408","42.0","2016-03-31","0.00","0.0","0.0",,"75","50",,,,,,,"    1",,,,,,,
"USW00093721","BALTIMORE WASHINGTON INTERNATIONAL AIRPORT, MD US","39.17329","-76.68408","42.0","2016-04-01","0.02","0.0","0.0",,"83","62","    1",,"    1",,,,,,,,,,,
"USW00093721","BALTIMORE WASHINGTON INTERNATIONAL AIRPORT, MD US","39.17329","-76.68408","42.0","2016-04-02","0.12","0.0","0.0",,"65","42","    1",,"    1",,,,,,,,,,,
"USW00093721","BALTIMORE WASHINGTON INTERNATIONAL AIRPORT, MD US","39.17329","-76.68408","42.0","2016-04-03","0.00","0.0","0.0",,"50","35",,,,,,,,,,,,,,
"USW00093721","BALTIMORE WASHINGTON INTERNATIONAL AIRPORT, MD US","39.17329","-76.68408","42.0","2016-04-04","0.13","0.0","0.0",,"71","33","    1",,,,,,,,,,,,,
"USW00093721","BALTIMORE WASHINGTON INTERNATIONAL AIRPORT, MD US","39.17329","-76.68408","42.0","2016-04-05","0.00","0.0","0.0",,"45","28",,,,,,,,,,,,,,
"USW00093721","BALTIMORE WASHINGTON INTERNATIONAL AIRPORT, MD US","39.17329","-76.68408","42.0","2016-04-06","0.00","0.0","0.0",,"53","24",,,,,,,,,,,,,,
"USW00093721","BALTIMORE WASHINGTON INTERNATIONAL AIRPORT, MD US","39.17329","-76.68408","42.0","2016-04-07","0.45","0.0","0.0",,"63","45","    1",,,,"    1",,,,,,,,,
"USW00093721","BALTIMORE WASHINGTON INTERNATIONAL AIRPORT, MD US","39.17329","-76.68408","42.0","2016-04-08","0.00","0.0","0.0",,"52","35",,,,,,,,,,,,,,
"USW00093721","BALTIMORE WASHINGTON INTERNATIONAL AIRPORT, MD US","39.17329","-76.68408","42.0","2016-04-09","0.21","0.0","0.0",,"49","32","    1",,,"    1",,,"    1",,,,,,,
"USW00093721","BALTIMORE WASHINGTON INTERNATIONAL AIRPORT, MD US","39.17329","-76.68408","42.0","2016-04-10","0.00","0.0","0.0",,"51","26",,,,,,,,,,,,,,
"USW00093721","BALTIMORE WASHINGTON INTERNATIONAL AIRPORT, MD US","39.17329","-76.68408","42.0","2016-04-11","0.00","0.0","0.0",,"74","45",,,,,,,,,,,,,,
"USW00093721","BALTIMORE WASHINGTON INTERNATIONAL AIRPORT, MD US","39.17329","-76.68408","42.0","2016-04-12","0.05","0.0","0.0",,"68","47","    1",,,,,,,,,,,,,
"USW00093721","BALTIMORE WASHINGTON INTERNATIONAL AIRPORT, MD US","39.17329","-76.68408","42.0","2016-04-13","0.00","0.0","0.0",,"57","39",,,,,,,,,,,,,,
"USW00093721","BALTIMORE WASHINGTON INTERNATIONAL AIRPORT, MD US","39.17329","-76.68408","42.0","2016-04-14","0.00","0.0","0.0",,"61","33",,,,,,,,,,,,,,
"USW00093721","BALTIMORE WASHINGTON INTERNATIONAL AIRPORT, MD US","39.17329","-76.68408","42.0","2016-04-15","0.00","0.0","0.0",,"62","34",,,,,,,,,,,,,,
"USW00093721","BALTIMORE WASHINGTON INTERNATIONAL AIRPORT, MD US","39.17329","-76.68408","42.0","2016-04-16","0.00","0.0","0.0",,"67","35",,,,,,,,,,,,,,
"USW00093721","BALTIMORE WASHINGTON INTERNATIONAL AIRPORT, MD US","39.17329","-76.68408","42.0","2016-04-17","0.00","0.0","0.0",,"76","38",,,,,,,,,,,,,,
"USW00093721","BALTIMORE WASHINGTON INTERNATIONAL AIRPORT, MD US","39.17329","-76.68408","42.0","2016-04-18","0.00","0.0","0.0",,"83","42",,,,,,,"    1",,,,,,,
"USW00093721","BALTIMORE WASHINGTON INTERNATIONAL AIRPORT, MD US","39.17329","-76.68408","42.0","2016-04-19","0.00","0.0","0.0",,"83","55",,,,,,,"    1",,,,,,,
"USW00093721","BALTIMORE WASHINGTON INTERNATIONAL AIRPORT, MD US","39.17329","-76.68408","42.0","2016-04-20","0.00","0.0","0.0",,"71","40",,,,,,,"    1",,,,,,,
"USW00093721","BALTIMORE WASHINGTON INTERNATIONAL AIRPORT, MD US","39.17329","-76.68408","42.0","2016-04-21","0.00","0.0","0.0",,"76","43",,,,,,,"    1",,,,,,,
"USW00093721","BALTIMORE WASHINGTON INTERNATIONAL AIRPORT, MD US","39.17329","-76.68408","42.0","2016-04-22","0.00","0.0","0.0",,"74","61",,,,,,,,,,,,,,
"USW00093721","BALTIMORE WASHINGTON INTERNATIONAL AIRPORT, MD US","39.17329","-76.68408","42.0","2016-04-23","0.09","0.0","0.0",,"70","53","    1",,,,,,,,,,,,,
"USW00093721","BALTIMORE WASHINGTON INTERNATIONAL AIRPORT, MD US","39.17329","-76.68408","42.0","2016-04-24","0.00","0.0","0.0",,"70","43",,,,,,,,,,,,,,
"USW00093721","BALTIMORE WASHINGTON INTERNATIONAL AIRPORT, MD US","39.17329","-76.68408","42.0","2016-04-25","0.00","0.0","0.0",,"79","44",,,,,,,,,,,,,,
"USW00093721","BALTIMORE WASHINGTON INTERNATIONAL AIRPORT, MD US","39.17329","-76.68408","42.0","2016-04-26","0.00","0.0","0.0",,"86","59",,,,,,,,,,,,,,
"USW00093721","BALTIMORE WASHINGTON INTERNATIONAL AIRPORT, MD US","39.17329","-76.68408","42.0","2016-04-27","0.01","0.0","0.0",,"68","50","    1",,,,,,,,,,,,,
"USW00093721","BALTIMORE WASHINGTON INTERNATIONAL AIRPORT, MD US","39.17329","-76.68408","42.0","2016-04-28","0.14","0.0","0.0",,"55","46","    1",,,,,,"    1",,,,,,,
"USW00093721","BALTIMORE WASHINGTON INTERNATIONAL AIRPORT, MD US","39.17329","-76.68408","42.0","2016-04-29","0.07","0.0","0.0",,"53","46","    1",,,,,,"    1",,,,,,,
"USW00093721","BALTIMORE WASHINGTON INTERNATIONAL AIRPORT, MD US","39.17329","-76.68408","42.0","2016-04-30","0.02","0.0","0.0",,"58","49","    1",,,,,,"    1",,,,,,,
"USW00093721","BALTIMORE WASHINGTON INTERNATIONAL AIRPORT, MD US","39.17329","-76.68408","42.0","2016-05-01","0.47","0.0","0.0",,"55","49","    1",,,,,,,,,,,,,
"USW00093721","BALTIMORE WASHINGTON INTERNATIONAL AIRPORT, MD US","39.17329","-76.68408","42.0","2016-05-02","0.57","0.0","0.0",,"72","53","    1","    1","    1",,,,"    1",,,,,,,
"USW00093721","BALTIMORE WASHINGTON INTERNATIONAL AIRPORT, MD US","39.17329","-76.68408","42.0","2016-05-03","0.07","0.0","0.0",,"67","56","    1",,,,,,"    1",,,,,,,
"USW00093721","BALTIMORE WASHINGTON INTERNATIONAL AIRPORT, MD US","39.17329","-76.68408","42.0","2016-05-04","0.07","0.0","0.0",,"56","50","    1",,,,,,"    1",,,,,,,
"USW00093721","BALTIMORE WASHINGTON INTERNATIONAL AIRPORT, MD US","39.17329","-76.68408","42.0","2016-05-05","0.03","0.0","0.0",,"56","49","    1",,,,,,,,,,,,,
"USW00093721","BALTIMORE WASHINGTON INTERNATIONAL AIRPORT, MD US","39.17329","-76.68408","42.0","2016-05-06","1.11","0.0","0.0",,"53","50","    1",,,,,,,,,,,,,
"USW00093721","BALTIMORE WASHINGTON INTERNATIONAL AIRPORT, MD US","39.17329","-76.68408","42.0","2016-05-07","0.09","0.0","0.0",,"65","48","    1",,,,,,,,,,,,,
"USW00093721","BALTIMORE WASHINGTON INTERNATIONAL AIRPORT, MD US","39.17329","-76.68408","42.0","2016-05-08","0.01","0.0","0.0",,"70","46",,,,,,,,,,,,,,
"USW00093721","BALTIMORE WASHINGTON INTERNATIONAL AIRPORT, MD US","39.17329","-76.68408","42.0","2016-05-09","0.00","0.0","0.0",,"66","41",,,,,,,,,,,,,,
"USW00093721","BALTIMORE WASHINGTON INTERNATIONAL AIRPORT, MD US","39.17329","-76.68408","42.0","2016-05-10","0.13","0.0","0.0",,"59","52","    1",,"    1",,,,,,,,,,,
"USW00093721","BALTIMORE WASHINGTON INTERNATIONAL AIRPORT, MD US","39.17329","-76.68408","42.0","2016-05-11","0.89","0.0","0.0",,"57","51","    1",,"    1",,,,"    1",,,,,,,
"USW00093721","BALTIMORE WASHINGTON INTERNATIONAL AIRPORT, MD US","39.17329","-76.68408","42.0","2016-05-12","0.00","0.0","0.0",,"66","56","    1",,,,,,,,,,,,,
"USW00093721","BALTIMORE WASHINGTON INTERNATIONAL AIRPORT, MD US","39.17329","-76.68408","42.0","2016-05-13","0.07","0.0","0.0",,"76","53","    1",,,,,,"    1",,,,,,,
"USW00093721","BALTIMORE WASHINGTON INTERNATIONAL AIRPORT, MD US","39.17329","-76.68408","42.0","2016-05-14","0.12","0.0","0.0",,"76","49","    1",,,,,,,,,,,,,
"USW00093721","BALTIMORE WASHINGTON INTERNATIONAL AIRPORT, MD US","39.17329","-76.68408","42.0","2016-05-15","0.00","0.0","0.0",,"60","42",,,,,,,,,,,,,,
"USW00093721","BALTIMORE WASHINGTON INTERNATIONAL AIRPORT, MD US","39.17329","-76.68408","42.0","2016-05-16","0.00","0.0","0.0",,"66","37",,,,,,,,,,,,,,
"USW00093721","BALTIMORE WASHINGTON INTERNATIONAL AIRPORT, MD US","39.17329","-76.68408","42.0","2016-05-17","0.23","0.0","0.0",,"56","51","    1",,,,,,,,,,,,,
"USW00093721","BALTIMORE WASHINGTON INTERNATIONAL AIRPORT, MD US","39.17329","-76.68408","42.0","2016-05-18","0.00","0.0","0.0",,"65","51","    1",,,,,,,,,,,,,
"USW00093721","BALTIMORE WASHINGTON INTERNATIONAL AIRPORT, MD US","39.17329","-76.68408","42.0","2016-05-19","0.00","0.0","0.0",,"73","52",,,,,,,,,,,,,,
"USW00093721","BALTIMORE WASHINGTON INTERNATIONAL AIRPORT, MD US","39.17329","-76.68408","42.0","2016-05-20","0.00","0.0","0.0",,"75","45","    1",,,,,,,,,,,,,
"USW00093721","BALTIMORE WASHINGTON INTERNATIONAL AIRPORT, MD US","39.17329","-76.68408","42.0","2016-05-21","0.44","0.0","0.0",,"62","53","    1",,,,,,,,,,,,,
"USW00093721","BALTIMORE WASHINGTON INTERNATIONAL AIRPORT, MD US","39.17329","-76.68408","42.0","2016-05-22","0.18","0.0","0.0",,"60","52","    1",,,,,,,,,,,,,
"USW00093721","BALTIMORE WASHINGTON INTERNATIONAL AIRPORT, MD US","39.17329","-76.68408","42.0","2016-05-23","0.43","0.0","0.0",,"75","55","    1",,"    1",,,,,,,,,,,
"USW00093721","BALTIMORE WASHINGTON INTERNATIONAL AIRPORT, MD US","39.17329","-76.68408","42.0","2016-05-24","0.01","0.0","0.0",,"82","56","    1",,,,,,,,,,,,,
"USW00093721","BALTIMORE WASHINGTON INTERNATIONAL AIRPORT, MD US","39.17329","-76.68408","42.0","2016-05-25","0.00","0.0","0.0",,"86","60",,,,,,,,,,,,,,
"USW00093721","BALTIMORE WASHINGTON INTERNATIONAL AIRPORT, MD US","39.17329","-76.68408","42.0","2016-05-26","0.00","0.0","0.0",,"90","57","    1",,,,,,"    1",,,,,,,
"USW00093721","BALTIMORE WASHINGTON INTERNATIONAL AIRPORT, MD US","39.17329","-76.68408","42.0","2016-05-27","0.00","0.0","0.0",,"90","68",,,,,,,"    1",,,,,,,
"USW00093721","BALTIMORE WASHINGTON INTERNATIONAL AIRPORT, MD US","39.17329","-76.68408","42.0","2016-05-28","0.00","0.0","0.0",,"88","66",,,,,,,,,,,,,,
"USW00093721","BALTIMORE WASHINGTON INTERNATIONAL AIRPORT, MD US","39.17329","-76.68408","42.0","2016-05-29","0.32","0.0","0.0",,"85","60","    1",,,,,,"    1",,,,,,,
"USW00093721","BALTIMORE WASHINGTON INTERNATIONAL AIRPORT, MD US","39.17329","-76.68408","42.0","2016-05-30","0.00","0.0","0.0",,"82","65","    1",,,,,,,,,,,,,
"USW00093721","BALTIMORE WASHINGTON INTERNATIONAL AIRPORT, MD US","39.17329","-76.68408","42.0","2016-05-31","0.00","0.0","0.0",,"85","66",,,,,,,,,,,,,,
"USW00093721","BALTIMORE WASHINGTON INTERNATIONAL AIRPORT, MD US","39.17329","-76.68408","42.0","2016-06-01","0.00","0.0","0.0",,"87","61","    1",,,,,,"    1",,,,,,,
"USW00093721","BALTIMORE WASHINGTON INTERNATIONAL AIRPORT, MD US","39.17329","-76.68408","42.0","2016-06-02","0.00","0.0","0.0",,"79","66",,,,,,,,,,,,,,
"USW00093721","BALTIMORE WASHINGTON INTERNATIONAL AIRPORT, MD US","39.17329","-76.68408","42.0","2016-06-03","0.02","0.0","0.0",,"75","68","    1",,,,,,"    1",,,,,,,
"USW00093721","BALTIMORE WASHINGTON INTERNATIONAL AIRPORT, MD US","39.17329","-76.68408","42.0","2016-06-04","0.00","0.0","0.0",,"83","69","    1",,,,,,,,,,,,,
"USW00093721","BALTIMORE WASHINGTON INTERNATIONAL AIRPORT, MD US","39.17329","-76.68408","42.0","2016-06-05","0.33","0.0","0.0",,"85","65","    1",,,,,,,,,,,,,
"USW00093721","BALTIMORE WASHINGTON INTERNATIONAL AIRPORT, MD US","39.17329","-76.68408","42.0","2016-06-06","0.00","0.0","0.0",,"86","66",,,,,,,"    1",,,,,,,
"USW00093721","BALTIMORE WASHINGTON INTERNATIONAL AIRPORT, MD US","39.17329","-76.68408","42.0","2016-06-07","0.04","0.0","0.0",,"87","62",,,,,,,,,,,,,,
"USW00093721","BALTIMORE WASHINGTON INTERNATIONAL AIRPORT, MD US","39.17329","-76.68408","42.0","2016-06-08","0.00","0.0","0.0",,"73","51",,,,,,,,,,,,,,
"USW00093721","BALTIMORE WASHINGTON INTERNATIONAL AIRPORT, MD US","39.17329","-76.68408","42.0","2016-06-09","0.00","0.0","0.0",,"81","46",,,,,,,,,,,,,,
"USW00093721","BALTIMORE WASHINGTON INTERNATIONAL AIRPORT, MD US","39.17329","-76.68408","42.0","2016-06-10","0.00","0.0","0.0",,"82","54",,,,,,,,,,,,,,
"USW00093721","BALTIMORE WASHINGTON INTERNATIONAL AIRPORT, MD US","39.17329","-76.68408","42.0","2016-06-11","0.00","0.0","0.0",,"96","57",,,,,,,,,,,,,,
"USW00093721","BALTIMORE WASHINGTON INTERNATIONAL AIRPORT, MD US","39.17329","-76.68408","42.0","2016-06-12","0.00","0.0","0.0",,"93","66",,,,,,,,,,,,,,
"USW00093721","BALTIMORE WASHINGTON INTERNATIONAL AIRPORT, MD US","39.17329","-76.68408","42.0","2016-06-13","0.00","0.0","0.0",,"80","58",,,,,,,,,,,,,,
"USW00093721","BALTIMORE WASHINGTON INTERNATIONAL AIRPORT, MD US","39.17329","-76.68408","42.0","2016-06-14","0.00","0.0","0.0",,"81","59",,,,,,,,,,,,,,
"USW00093721","BALTIMORE WASHINGTON INTERNATIONAL AIRPORT, MD US","39.17329","-76.68408","42.0","2016-06-15","0.18","0.0","0.0",,"80","57","    1",,,,,,"    1",,,,,,,
"USW00093721","BALTIMORE WASHINGTON INTERNATIONAL AIRPORT, MD US","39.17329","-76.68408","42.0","2016-06-16","0.63","0.0","0.0",,"79","65","    1",,"    1",,,,"    1",,,,,,,
"USW00093721","BALTIMORE WASHINGTON INTERNATIONAL AIRPORT, MD US","39.17329","-76.68408","42.0","2016-06-17","0.00","0.0","0.0",,"81","63","    1",,,,,,,,,,,,,
"USW00093721","BALTIMORE WASHINGTON INTERNATIONAL AIRPORT, MD US","39.17329","-76.68408","42.0","2016-06-18","0.00","0.0","0.0",,"85","60",,,,,,,,,,,,,,
"USW00093721","BALTIMORE WASHINGTON INTERNATIONAL AIRPORT, MD US","39.17329","-76.68408","42.0","2016-06-19","0.00","0.0","0.0",,"90","60",,,,,,,,,,,,,,
"USW00093721","BALTIMORE WASHINGTON INTERNATIONAL AIRPORT, MD US","39.17329","-76.68408","42.0","2016-06-20","0.00","0.0","0.0",,"91","63",,,,,,,,,,,,,,
"USW00093721","BALTIMORE WASHINGTON INTERNATIONAL AIRPORT, MD US","39.17329","-76.68408","42.0","2016-06-21","1.03","0.0","0.0",,"91","68","    1",,"    1",,"    1",,"    1",,,,,,,
"USW00093721","BALTIMORE WASHINGTON INTERNATIONAL AIRPORT, MD US","39.17329","-76.68408","42.0","2016-06-22","0.00","0.0","0.0",,"83","66","    1",,,,,,,,,,,,,
"USW00093721","BALTIMORE WASHINGTON INTERNATIONAL AIRPORT, MD US","39.17329","-76.68408","42.0","2016-06-23","0.40","0.0","0.0",,"82","66","    1",,"    1",,,,,,,,,,,
"USW00093721","BALTIMORE WASHINGTON INTERNATIONAL AIRPORT, MD US","39.17329","-76.68408","42.0","2016-06-24","0.01","0.0","0.0",,"81","70","    1",,,,,,"    1",,,,,,,
"USW00093721","BALTIMORE WASHINGTON INTERNATIONAL AIRPORT, MD US","39.17329","-76.68408","42.0","2016-06-25","0.00","0.0","0.0",,"82","69",,,,,,,,,,,,,,
"USW00093721","BALTIMORE WASHINGTON INTERNATIONAL AIRPORT, MD US","39.17329","-76.68408","42.0","2016-06-26","0.00","0.0","0.0",,"84","59",,,,,,,,,,,,,,
"USW00093721","BALTIMORE WASHINGTON INTERNATIONAL AIRPORT, MD US","39.17329","-76.68408","42.0","2016-06-27","0.00","0.0","0.0",,"87","62",,,,,,,,,,,,,,
"USW00093721","BALTIMORE WASHINGTON INTERNATIONAL AIRPORT, MD US","39.17329","-76.68408","42.0","2016-06-28","0.56","0.0","0.0",,"84","68","    1",,"    1",,,,"    1",,,,,,,
"USW00093721","BALTIMORE WASHINGTON INTERNATIONAL AIRPORT, MD US","39.17329","-76.68408","42.0","2016-06-29","0.00","0.0","0.0",,"81","63",,,,,,,,,,,,,,
"USW00093721","BALTIMORE WASHINGTON INTERNATIONAL AIRPORT, MD US","39.17329","-76.68408","42.0","2016-06-30","0.00","0.0","0.0",,"84","58",,,,,,,,,,,,,,
"USW00093721","BALTIMORE WASHINGTON INTERNATIONAL AIRPORT, MD US","39.17329","-76.68408","42.0","2016-07-01","0.69","0.0","0.0",,"86","65","    1",,"    1",,,,,,,,,,,
"USW00093721","BALTIMORE WASHINGTON INTERNATIONAL AIRPORT, MD US","39.17329","-76.68408","42.0","2016-07-02","0.00","0.0","0.0",,"79","64",,,,,,,,,,,,,,
"USW00093721","BALTIMORE WASHINGTON INTERNATIONAL AIRPORT, MD US","39.17329","-76.68408","42.0","2016-07-03","0.00","0.0","0.0",,"73","63",,,,,,,,,,,,,,
"USW00093721","BALTIMORE WASHINGTON INTERNATIONAL AIRPORT, MD US","39.17329","-76.68408","42.0","2016-07-04","0.68","0.0","0.0",,"73","65","    1",,"    1",,,,,,,,,,,
"USW00093721","BALTIMORE WASHINGTON INTERNATIONAL AIRPORT, MD US","39.17329","-76.68408","42.0","2016-07-05","0.61","0.0","0.0",,"89","72","    1",,"    1",,,,,,,,,,,
"USW00093721","BALTIMORE WASHINGTON INTERNATIONAL AIRPORT, MD US","39.17329","-76.68408","42.0","2016-07-06","0.00","0.0","0.0",,"92","71","    1",,,,,,,,,,,,,
"USW00093721","BALTIMORE WASHINGTON INTERNATIONAL AIRPORT, MD US","39.17329","-76.68408","42.0","2016-07-07","0.00","0.0","0.0",,"91","72","    1",,,,,,,,,,,,,
"USW00093721","BALTIMORE WASHINGTON INTERNATIONAL AIRPORT, MD US","39.17329","-76.68408","42.0","2016-07-08","0.25","0.0","0.0",,"91","73","    1",,,,,,,,,,,,,
"USW00093721","BALTIMORE WASHINGTON INTERNATIONAL AIRPORT, MD US","39.17329","-76.68408","42.0","2016-07-09","0.00","0.0","0.0",,"90","73","    1",,,,,,,,,,,,,
"USW00093721","BALTIMORE WASHINGTON INTERNATIONAL AIRPORT, MD US","39.17329","-76.68408","42.0","2016-07-10","0.00","0.0","0.0",,"84","67",,,,,,,,,,,,,,
"USW00093721","BALTIMORE WASHINGTON INTERNATIONAL AIRPORT, MD US","39.17329","-76.68408","42.0","2016-07-11","0.00","0.0","0.0",,"86","63",,,,,,,,,,,,,,
"USW00093721","BALTIMORE WASHINGTON INTERNATIONAL AIRPORT, MD US","39.17329","-76.68408","42.0","2016-07-12","0.00","0.0","0.0",,"87","64",,,,,,,,,,,,,,
"USW00093721","BALTIMORE WASHINGTON INTERNATIONAL AIRPORT, MD US","39.17329","-76.68408","42.0","2016-07-13","0.47","0.0","0.0",,"86","73","    1",,"    1",,,,"    1",,,,,,,
"USW00093721","BALTIMORE WASHINGTON INTERNATIONAL AIRPORT, MD US","39.17329","-76.68408","42.0","2016-07-14","0.00","0.0","0.0",,"96","75","    1",,,,,,"    1",,,,,,,
"USW00093721","BALTIMORE WASHINGTON INTERNATIONAL AIRPORT, MD US","39.17329","-76.68408","42.0","2016-07-15","0.00","0.0","0.0",,"90","73",,,,,,,,,,,,,,
"USW00093721","BALTIMORE WASHINGTON INTERNATIONAL AIRPORT, MD US","39.17329","-76.68408","42.0","2016-07-16","0.32","0.0","0.0",,"92","68","    1",,"    1",,,,"    1",,,,,,,
"USW00093721","BALTIMORE WASHINGTON INTERNATIONAL AIRPORT, MD US","39.17329","-76.68408","42.0","2016-07-17","0.00","0.0","0.0",,"90","65","    1",,,,,,,,,,,,,
"USW00093721","BALTIMORE WASHINGTON INTERNATIONAL AIRPORT, MD US","39.17329","-76.68408","42.0","2016-07-18","0.12","0.0","0.0",,"94","71","    1",,"    1",,,,,,,,,,,
"USW00093721","BALTIMORE WASHINGTON INTERNATIONAL AIRPORT, MD US","39.17329","-76.68408","42.0","2016-07-19","0.00","0.0","0.0",,"90","70",,,,,,,,,,,,,,
"USW00093721","BALTIMORE WASHINGTON INTERNATIONAL AIRPORT, MD US","39.17329","-76.68408","42.0","2016-07-20","0.00","0.0","0.0",,"86","66",,,,,,,,,,,,,,
"USW00093721","BALTIMORE WASHINGTON INTERNATIONAL AIRPORT, MD US","39.17329","-76.68408","42.0","2016-07-21","0.00","0.0","0.0",,"90","63","    1",,,,,,"    1",,,,,,,
"USW00093721","BALTIMORE WASHINGTON INTERNATIONAL AIRPORT, MD US","39.17329","-76.68408","42.0","2016-07-22","0.00","0.0","0.0",,"94","69","    1",,,,,,"    1",,,,,,,
"USW00093721","BALTIMORE WASHINGTON INTERNATIONAL AIRPORT, MD US","39.17329","-76.68408","42.0","2016-07-23","0.08","0.0","0.0",,"98","73",,,,,,,,,,,,,,
"USW00093721","BALTIMORE WASHINGTON INTERNATIONAL AIRPORT, MD US","39.17329","-76.68408","42.0","2016-07-24","0.00","0.0","0.0",,"94","70","    1",,"    1",,,,,,,,,,,
"USW00093721","BALTIMORE WASHINGTON INTERNATIONAL AIRPORT, MD US","39.17329","-76.68408","42.0","2016-07-25","0.00","0.0","0.0",,"100","76","    1",,,,,,"    1",,,,,,,
"USW00093721","BALTIMORE WASHINGTON INTERNATIONAL AIRPORT, MD US","39.17329","-76.68408","42.0","2016-07-26","0.00","0.0","0.0",,"96","73",,,,,,,,,,,,,,
"USW00093721","BALTIMORE WASHINGTON INTERNATIONAL AIRPORT, MD US","39.17329","-76.68408","42.0","2016-07-27","0.00","0.0","0.0",,"95","78",,,,,,,,,,,,,,
"USW00093721","BALTIMORE WASHINGTON INTERNATIONAL AIRPORT, MD US","39.17329","-76.68408","42.0","2016-07-28","0.65","0.0","0.0",,"95","74","    1",,"    1",,,,"    1",,,,,,,
"USW00093721","BALTIMORE WASHINGTON INTERNATIONAL AIRPORT, MD US","39.17329","-76.68408","42.0","2016-07-29","0.41","0.0","0.0",,"92","72","    1",,,,,,,,,,,,,
"USW00093721","BALTIMORE WASHINGTON INTERNATIONAL AIRPORT, MD US","39.17329","-76.68408","42.0","2016-07-30","1.80","0.0","0.0",,"88","71","    1",,"    1",,,,"    1",,,,,,,
"USW00093721","BALTIMORE WASHINGTON INTERNATIONAL AIRPORT, MD US","39.17329","-76.68408","42.0","2016-07-31","0.01","0.0","0.0",,"91","72","    1",,"    1",,,,,,,,,,,
"USW00093721","BALTIMORE WASHINGTON INTERNATIONAL AIRPORT, MD US","39.17329","-76.68408","42.0","2016-08-01","0.06","0.0","0.0",,"89","71","    1",,,,,,"    1",,,,,,,
"USW00093721","BALTIMORE WASHINGTON INTERNATIONAL AIRPORT, MD US","39.17329","-76.68408","42.0","2016-08-02","0.00","0.0","0.0",,"87","73","    1",,,,,,,,,,,,,
"USW00093721","BALTIMORE WASHINGTON INTERNATIONAL AIRPORT, MD US","39.17329","-76.68408","42.0","2016-08-03","0.00","0.0","0.0",,"82","69",,,,,,,,,,,,,,
"USW00093721","BALTIMORE WASHINGTON INTERNATIONAL AIRPORT, MD US","39.17329","-76.68408","42.0","2016-08-04","0.00","0.0","0.0",,"83","64",,,,,,,,,,,,,,
"USW00093721","BALTIMORE WASHINGTON INTERNATIONAL AIRPORT, MD US","39.17329","-76.68408","42.0","2016-08-05","0.00","0.0","0.0",,"83","67",,,,,,,,,,,,,,
"USW00093721","BALTIMORE WASHINGTON INTERNATIONAL AIRPORT, MD US","39.17329","-76.68408","42.0","2016-08-06","0.00","0.0","0.0",,"90","73",,,,,,,,,,,,,,
"USW00093721","BALTIMORE WASHINGTON INTERNATIONAL AIRPORT, MD US","39.17329","-76.68408","42.0","2016-08-07","0.00","0.0","0.0",,"89","67",,,,,,,,,,,,,,
"USW00093721","BALTIMORE WASHINGTON INTERNATIONAL AIRPORT, MD US","39.17329","-76.68408","42.0","2016-08-08","0.00","0.0","0.0",,"89","65",,,,,,,,,,,,,,
"USW00093721","BALTIMORE WASHINGTON INTERNATIONAL AIRPORT, MD US","39.17329","-76.68408","42.0","2016-08-09","0.00","0.0","0.0",,"81","62","    1",,,,,,"    1",,,,,,,
"USW00093721","BALTIMORE WASHINGTON INTERNATIONAL AIRPORT, MD US","39.17329","-76.68408","42.0","2016-08-10","0.00","0.0","0.0",,"93","75",,,,,,,,,,,,,,
"USW00093721","BALTIMORE WASHINGTON INTERNATIONAL AIRPORT, MD US","39.17329","-76.68408","42.0","2016-08-11","0.00","0.0","0.0",,"96","77",,,,,,,,,,,,,,
"USW00093721","BALTIMORE WASHINGTON INTERNATIONAL AIRPORT, MD US","39.17329","-76.68408","42.0","2016-08-12","0.32","0.0","0.0",,"96","79","    1",,"    1",,,,,,,,,,,
"USW00093721","BALTIMORE WASHINGTON INTERNATIONAL AIRPORT, MD US","39.17329","-76.68408","42.0","2016-08-13","0.00","0.0","0.0",,"98","77",,,,,,,,,,,,,,
"USW00093721","BALTIMORE WASHINGTON INTERNATIONAL AIRPORT, MD US","39.17329","-76.68408","42.0","2016-08-14","0.20","0.0","0.0",,"98","73","    1",,"    1",,,,,,,,,,,
"USW00093721","BALTIMORE WASHINGTON INTERNATIONAL AIRPORT, MD US","39.17329","-76.68408","42.0","2016-08-15","1.64","0.0","0.0",,"93","72","    1",,"    1",,,,"    1",,,,,,,
"USW00093721","BALTIMORE WASHINGTON INTERNATIONAL AIRPORT, MD US","39.17329","-76.68408","42.0","2016-08-16","0.00","0.0","0.0",,"94","72","    1",,,,,,,,,,,,,
"USW00093721","BALTIMORE WASHINGTON INTERNATIONAL AIRPORT, MD US","39.17329","-76.68408","42.0","2016-08-17","1.36","0.0","0.0",,"91","72","    1",,"    1",,,,,,,,,,,
"USW00093721","BALTIMORE WASHINGTON INTERNATIONAL AIRPORT, MD US","39.17329","-76.68408","42.0","2016-08-18","0.00","0.0","0.0",,"89","73",,,,,,,,,,,,,,
"USW00093721","BALTIMORE WASHINGTON INTERNATIONAL AIRPORT, MD US","39.17329","-76.68408","42.0","2016-08-19","0.00","0.0","0.0",,"88","69",,,,,,,,,,,,,,
"USW00093721","BALTIMORE WASHINGTON INTERNATIONAL AIRPORT, MD US","39.17329","-76.68408","42.0","2016-08-20","0.00","0.0","0.0",,"88","68",,,,,,,,,,,,,,
"USW00093721","BALTIMORE WASHINGTON INTERNATIONAL AIRPORT, MD US","39.17329","-76.68408","42.0","2016-08-21","0.38","0.0","0.0",,"84","67","    1",,"    1",,,,"    1",,,,,,,
"USW00093721","BALTIMORE WASHINGTON INTERNATIONAL AIRPORT, MD US","39.17329","-76.68408","42.0","2016-08-22","0.00","0.0","0.0",,"82","63",,,,,,,,,,,,,,
"USW00093721","BALTIMORE WASHINGTON INTERNATIONAL AIRPORT, MD US","39.17329","-76.68408","42.0","2016-08-23","0.00","0.0","0.0",,"82","59",,,,,,,,,,,,,,
"USW00093721","BALTIMORE WASHINGTON INTERNATIONAL AIRPORT, MD US","39.17329","-76.68408","42.0","2016-08-24","0.00","0.0","0.0",,"85","60",,,,,,,,,,,,,,
"USW00093721","BALTIMORE WASHINGTON INTERNATIONAL AIRPORT, MD US","39.17329","-76.68408","42.0","2016-08-25","0.00","0.0","0.0",,"88","66",,,,,,,,,,,,,,
"USW00093721","BALTIMORE WASHINGTON INTERNATIONAL AIRPORT, MD US","39.17329","-76.68408","42.0","2016-08-26","0.00","0.0","0.0",,"93","74",,,,,,,,,,,,,,
"USW00093721","BALTIMORE WASHINGTON INTERNATIONAL AIRPORT, MD US","39.17329","-76.68408","42.0","2016-08-27","0.00","0.0","0.0",,"90","69",,,,,,,,,,,,,,
"USW00093721","BALTIMORE WASHINGTON INTERNATIONAL AIRPORT, MD US","39.17329","-76.68408","42.0","2016-08-28","0.00","0.0","0.0",,"88","68","    1",,,,,,,,,,,,,
"USW00093721","BALTIMORE WASHINGTON INTERNATIONAL AIRPORT, MD US","39.17329","-76.68408","42.0","2016-08-29","0.00","0.0","0.0",,"93","68",,,,,,,,,,,,,,
"USW00093721","BALTIMORE WASHINGTON INTERNATIONAL AIRPORT, MD US","39.17329","-76.68408","42.0","2016-08-30","0.00","0.0","0.0",,"90","67",,,,,,,,,,,,,,
"USW00093721","BALTIMORE WASHINGTON INTERNATIONAL AIRPORT, MD US","39.17329","-76.68408","42.0","2016-08-31","0.00","0.0","0.0",,"91","65",,,,,,,,,,,,,,
"USW00093721","BALTIMORE WASHINGTON INTERNATIONAL AIRPORT, MD US","39.17329","-76.68408","42.0","2016-09-01","0.09","0.0","0.0",,"81","70","    1",,,,,,,,,,,,,
"USW00093721","BALTIMORE WASHINGTON INTERNATIONAL AIRPORT, MD US","39.17329","-76.68408","42.0","2016-09-02","0.00","0.0","0.0",,"80","64",,,,,,,,,,,,,,
"USW00093721","BALTIMORE WASHINGTON INTERNATIONAL AIRPORT, MD US","39.17329","-76.68408","42.0","2016-09-03","0.00","0.0","0.0",,"80","68",,,,,,,,,,,,,,
"USW00093721","BALTIMORE WASHINGTON INTERNATIONAL AIRPORT, MD US","39.17329","-76.68408","42.0","2016-09-04","0.00","0.0","0.0",,"82","59",,,,,,,,,,,,,,
"USW00093721","BALTIMORE WASHINGTON INTERNATIONAL AIRPORT, MD US","39.17329","-76.68408","42.0","2016-09-05","0.00","0.0","0.0",,"86","56",,,,,,,,,,,,,,
"USW00093721","BALTIMORE WASHINGTON INTERNATIONAL AIRPORT, MD US","39.17329","-76.68408","42.0","2016-09-06","0.00","0.0","0.0",,"92","65",,,,,,,,,,,,,,
"USW00093721","BALTIMORE WASHINGTON INTERNATIONAL AIRPORT, MD US","39.17329","-76.68408","42.0","2016-09-07","0.00","0.0","0.0",,"92","65",,,,,,,,,,,,,,
"USW00093721","BALTIMORE WASHINGTON INTERNATIONAL AIRPORT, MD US","39.17329","-76.68408","42.0","2016-09-08","0.00","0.0","0.0",,"96","74","    1",,,,,,,,,,,,,
"USW00093721","BALTIMORE WASHINGTON INTERNATIONAL AIRPORT, MD US","39.17329","-76.68408","42.0","2016-09-09","0.00","0.0","0.0",,"95","77",,,,,,,,,,,,,,
"USW00093721","BALTIMORE WASHINGTON INTERNATIONAL AIRPORT, MD US","39.17329","-76.68408","42.0","2016-09-10","0.00","0.0","0.0",,"96","72",,,"    1",,,,,,,,,,,
"USW00093721","BALTIMORE WASHINGTON INTERNATIONAL AIRPORT, MD US","39.17329","-76.68408","42.0","2016-09-11","0.00","0.0","0.0",,"86","62",,,,,,,,,,,,,,
"USW00093721","BALTIMORE WASHINGTON INTERNATIONAL AIRPORT, MD US","39.17329","-76.68408","42.0","2016-09-12","0.00","0.0","0.0",,"82","63",,,,,,,,,,,,,,
"USW00093721","BALTIMORE WASHINGTON INTERNATIONAL AIRPORT, MD US","39.17329","-76.68408","42.0","2016-09-13","0.00","0.0","0.0",,"89","60",,,,,,,,,,,,,,
"USW00093721","BALTIMORE WASHINGTON INTERNATIONAL AIRPORT, MD US","39.17329","-76.68408","42.0","2016-09-14","0.00","0.0","0.0",,"93","62",,,,,,,"    1",,,,,,,
"USW00093721","BALTIMORE WASHINGTON INTERNATIONAL AIRPORT, MD US","39.17329","-76.68408","42.0","2016-09-15","0.00","0.0","0.0",,"76","65",,,,,,,,,,,,,,
"USW00093721","BALTIMORE WASHINGTON INTERNATIONAL AIRPORT, MD US","39.17329","-76.68408","42.0","2016-09-16","0.00","0.0","0.0",,"76","60",,,,,,,,,,,,,,
"USW00093721","BALTIMORE WASHINGTON INTERNATIONAL AIRPORT, MD US","39.17329","-76.68408","42.0","2016-09-17","0.00","0.0","0.0",,"82","66",,,,,,,,,,,,,,
"USW00093721","BALTIMORE WASHINGTON INTERNATIONAL AIRPORT, MD US","39.17329","-76.68408","42.0","2016-09-18","0.00","0.0","0.0",,"87","67","    1",,,,,,,,,,,,,
"USW00093721","BALTIMORE WASHINGTON INTERNATIONAL AIRPORT, MD US","39.17329","-76.68408","42.0","2016-09-19","0.64","0.0","0.0",,"76","70","    1",,,,,,,,,,,,,
"USW00093721","BALTIMORE WASHINGTON INTERNATIONAL AIRPORT, MD US","39.17329","-76.68408","42.0","2016-09-20","0.00","0.0","0.0",,"79","68","    1",,,,,,"    1",,,,,,,
"USW00093721","BALTIMORE WASHINGTON INTERNATIONAL AIRPORT, MD US","39.17329","-76.68408","42.0","2016-09-21","0.00","0.0","0.0",,"83","66","    1",,,,,,,,,,,,,
"USW00093721","BALTIMORE WASHINGTON INTERNATIONAL AIRPORT, MD US","39.17329","-76.68408","42.0","2016-09-22","0.00","0.0","0.0",,"84","60",,,,,,,,,,,,,,
"USW00093721","BALTIMORE WASHINGTON INTERNATIONAL AIRPORT, MD US","39.17329","-76.68408","42.0","2016-09-23","0.00","0.0","0.0",,"90","59",,,,,,,,,,,,,,
"USW00093721","BALTIMORE WASHINGTON INTERNATIONAL AIRPORT, MD US","39.17329","-76.68408","42.0","2016-09-24","0.00","0.0","0.0",,"73","56",,,,,,,"    1",,,,,,,
"USW00093721","BALTIMORE WASHINGTON INTERNATIONAL AIRPORT, MD US","39.17329","-76.68408","42.0","2016-09-25","0.00","0.0","0.0",,"72","51",,,,,,,,,,,,,,
"USW00093721","BALTIMORE WASHINGTON INTERNATIONAL AIRPORT, MD US","39.17329","-76.68408","42.0","2016-09-26","0.01","0.0","0.0",,"68","51","    1",,,,,,,,,,,,,
"USW00093721","BALTIMORE WASHINGTON INTERNATIONAL AIRPORT, MD US","39.17329","-76.68408","42.0","2016-09-27","0.17","0.0","0.0",,"76","57","    1",,,,,,,,,,,,,
"USW00093721","BALTIMORE WASHINGTON INTERNATIONAL AIRPORT, MD US","39.17329","-76.68408","42.0","2016-09-28","0.82","0.0","0.0",,"69","55","    1","    1","    1",,,,"    1",,,,,,,
"USW00093721","BALTIMORE WASHINGTON INTERNATIONAL AIRPORT, MD US","39.17329","-76.68408","42.0","2016-09-29","2.11","0.0","0.0",,"67","62","    1",,"    1",,,,,,,,,,,
"USW00093721","BALTIMORE WASHINGTON INTERNATIONAL AIRPORT, MD US","39.17329","-76.68408","42.0","2016-09-30","0.52","0.0","0.0",,"64","58","    1",,,,,,,,,,,,,
"USW00093721","BALTIMORE WASHINGTON INTERNATIONAL AIRPORT, MD US","39.17329","-76.68408","42.0","2016-10-01","0.40","0.0","0.0",,"63","60","    1",,,,,,,,,,,,,
"USW00093721","BALTIMORE WASHINGTON INTERNATIONAL AIRPORT, MD US","39.17329","-76.68408","42.0","2016-10-02","0.01","0.0","0.0",,"73","63","    1","    1",,,,,,,,,,,,
"USW00093721","BALTIMORE WASHINGTON INTERNATIONAL AIRPORT, MD US","39.17329","-76.68408","42.0","2016-10-03","0.00","0.0","0.0",,"76","55","    1","    1",,,,,,,,,,,,
"USW00093721","BALTIMORE WASHINGTON INTERNATIONAL AIRPORT, MD US","39.17329","-76.68408","42.0","2016-10-04","0.00","0.0","0.0",,"73","53",,,,,,,,,,,,,,
"USW00093721","BALTIMORE WASHINGTON INTERNATIONAL AIRPORT, MD US","39.17329","-76.68408","42.0","2016-10-05","0.00","0.0","0.0",,"69","54",,,,,,,,,,,,,,
"USW00093721","BALTIMORE WASHINGTON INTERNATIONAL AIRPORT, MD US","39.17329","-76.68408","42.0","2016-10-06","0.00","0.0","0.0",,"71","55","    1",,,,,,,,,,,,,
"USW00093721","BALTIMORE WASHINGTON INTERNATIONAL AIRPORT, MD US","39.17329","-76.68408","42.0","2016-10-07","0.00","0.0","0.0",,"72","59","    1",,,,,,,,,,,,,
"USW00093721","BALTIMORE WASHINGTON INTERNATIONAL AIRPORT, MD US","39.17329","-76.68408","42.0","2016-10-08","0.18","0.0","0.0",,"66","62","    1",,,,,,,,,,,,,
"USW00093721","BALTIMORE WASHINGTON INTERNATIONAL AIRPORT, MD US","39.17329","-76.68408","42.0","2016-10-09","0.01","0.0","0.0",,"68","55",,,,,,,,,,,,,,
"USW00093721","BALTIMORE WASHINGTON INTERNATIONAL AIRPORT, MD US","39.17329","-76.68408","42.0","2016-10-10","0.00","0.0","0.0",,"65","42",,,,,,,,,,,,,,
"USW00093721","BALTIMORE WASHINGTON INTERNATIONAL AIRPORT, MD US","39.17329","-76.68408","42.0","2016-10-11","0.00","0.0","0.0",,"66","38",,,,,,,,,,,,,,
"USW00093721","BALTIMORE WASHINGTON INTERNATIONAL AIRPORT, MD US","39.17329","-76.68408","42.0","2016-10-12","0.00","0.0","0.0",,"69","41","    1",,,,,,"    1",,,,,,,
"USW00093721","BALTIMORE WASHINGTON INTERNATIONAL AIRPORT, MD US","39.17329","-76.68408","42.0","2016-10-13","0.00","0.0","0.0",,"71","46","    1","    1",,,,,"    1",,,,,,,
"USW00093721","BALTIMORE WASHINGTON INTERNATIONAL AIRPORT, MD US","39.17329","-76.68408","42.0","2016-10-14","0.00","0.0","0.0",,"65","40",,,,,,,,,,,,,,
"USW00093721","BALTIMORE WASHINGTON INTERNATIONAL AIRPORT, MD US","39.17329","-76.68408","42.0","2016-10-15","0.00","0.0","0.0",,"66","39",,,,,,,,,,,,,,
"USW00093721","BALTIMORE WASHINGTON INTERNATIONAL AIRPORT, MD US","39.17329","-76.68408","42.0","2016-10-16","0.00","0.0","0.0",,"75","44","    1",,,,,,,,,,,,,
"USW00093721","BALTIMORE WASHINGTON INTERNATIONAL AIRPORT, MD US","39.17329","-76.68408","42.0","2016-10-17","0.00","0.0","0.0",,"83","53","    1",,,,,,,,,,,,,
"USW00093721","BALTIMORE WASHINGTON INTERNATIONAL AIRPORT, MD US","39.17329","-76.68408","42.0","2016-10-18","0.00","0.0","0.0",,"84","56","    1",,,,,,,,,,,,,
"USW00093721","BALTIMORE WASHINGTON INTERNATIONAL AIRPORT, MD US","39.17329","-76.68408","42.0","2016-10-19","0.00","0.0","0.0",,"87","64",,,,,,,,,,,,,,
"USW00093721","BALTIMORE WASHINGTON INTERNATIONAL AIRPORT, MD US","39.17329","-76.68408","42.0","2016-10-20","0.00","0.0","0.0",,"81","65",,,,,,,,,,,,,,
"USW00093721","BALTIMORE WASHINGTON INTERNATIONAL AIRPORT, MD US","39.17329","-76.68408","42.0","2016-10-21","0.11","0.0","0.0",,"79","57","    1",,,,,,,,,,,,,
"USW00093721","BALTIMORE WASHINGTON INTERNATIONAL AIRPORT, MD US","39.17329","-76.68408","42.0","2016-10-22","0.00","0.0","0.0",,"59","46",,,,,,,,,,,,,,
"USW00093721","BALTIMORE WASHINGTON INTERNATIONAL AIRPORT, MD US","39.17329","-76.68408","42.0","2016-10-23","0.00","0.0","0.0",,"68","44",,,,,,,,,,,,,,
"USW00093721","BALTIMORE WASHINGTON INTERNATIONAL AIRPORT, MD US","39.17329","-76.68408","42.0","2016-10-24","0.00","0.0","0.0",,"68","44",,,,,,,,,,,,,,
"USW00093721","BALTIMORE WASHINGTON INTERNATIONAL AIRPORT, MD US","39.17329","-76.68408","42.0","2016-10-25","0.00","0.0","0.0",,"61","36",,,,,,,,,,,,,,
"USW00093721","BALTIMORE WASHINGTON INTERNATIONAL AIRPORT, MD US","39.17329","-76.68408","42.0","2016-10-26","0.00","0.0","0.0",,"59","32",,,,,,,"    1",,,,,,,
"USW00093721","BALTIMORE WASHINGTON INTERNATIONAL AIRPORT, MD US","39.17329","-76.68408","42.0","2016-10-27","0.07","0.0","0.0",,"61","48","    1",,,,,,,,,,,,,
"USW00093721","BALTIMORE WASHINGTON INTERNATIONAL AIRPORT, MD US","39.17329","-76.68408","42.0","2016-10-28","0.00","0.0","0.0",,"61","39",,,,,,,,,,,,,,
"USW00093721","BALTIMORE WASHINGTON INTERNATIONAL AIRPORT, MD US","39.17329","-76.68408","42.0","2016-10-29","0.00","0.0","0.0",,"73","36",,,,,,,,,,,,,,
"USW00093721","BALTIMORE WASHINGTON INTERNATIONAL AIRPORT, MD US","39.17329","-76.68408","42.0","2016-10-30","0.00","0.0","0.0",,"83","58",,,,,,,,,,,,,,
"USW00093721","BALTIMORE WASHINGTON INTERNATIONAL AIRPORT, MD US","39.17329","-76.68408","42.0","2016-10-31","0.00","0.0","0.0",,"60","39",,,,,,,,,,,,,,
"USW00093721","BALTIMORE WASHINGTON INTERNATIONAL AIRPORT, MD US","39.17329","-76.68408","42.0","2016-11-01","0.00","0.0","0.0",,"60","36",,,,,,,,,,,,,,
"USW00093721","BALTIMORE WASHINGTON INTERNATIONAL AIRPORT, MD US","39.17329","-76.68408","42.0","2016-11-02","0.00","0.0","0.0",,"74","48",,,,,,,,,,,,,,
"USW00093721","BALTIMORE WASHINGTON INTERNATIONAL AIRPORT, MD US","39.17329","-76.68408","42.0","2016-11-03","0.00","0.0","0.0",,"78","52","    1",,,,,,,,,,,,,
"USW00093721","BALTIMORE WASHINGTON INTERNATIONAL AIRPORT, MD US","39.17329","-76.68408","42.0","2016-11-04","0.00","0.0","0.0",,"63","38",,,,,,,,,,,,,,
"USW00093721","BALTIMORE WASHINGTON INTERNATIONAL AIRPORT, MD US","39.17329","-76.68408","42.0","2016-11-05","0.00","0.0","0.0",,"67","34",,,,,,,,,,,,,,
"USW00093721","BALTIMORE WASHINGTON INTERNATIONAL AIRPORT, MD US","39.17329","-76.68408","42.0","2016-11-06","0.00","0.0","0.0",,"67","46",,,,,,,,,,,,,,
"USW00093721","BALTIMORE WASHINGTON INTERNATIONAL AIRPORT, MD US","39.17329","-76.68408","42.0","2016-11-07","0.00","0.0","0.0",,"60","36",,,,,,,,,,,,,,
"USW00093721","BALTIMORE WASHINGTON INTERNATIONAL AIRPORT, MD US","39.17329","-76.68408","42.0","2016-11-08","0.00","0.0","0.0",,"71","30",,,,,,,,,,,,,,
"USW00093721","BALTIMORE WASHINGTON INTERNATIONAL AIRPORT, MD US","39.17329","-76.68408","42.0","2016-11-09","0.20","0.0","0.0",,"60","50","    1",,,,,,,,,,,,,
"USW00093721","BALTIMORE WASHINGTON INTERNATIONAL AIRPORT, MD US","39.17329","-76.68408","42.0","2016-11-10","0.00","0.0","0.0",,"60","38",,,,,,,,,,,,,,
"USW00093721","BALTIMORE WASHINGTON INTERNATIONAL AIRPORT, MD US","39.17329","-76.68408","42.0","2016-11-11","0.00","0.0","0.0",,"66","38",,,,,,,,,,,,,,
"USW00093721","BALTIMORE WASHINGTON INTERNATIONAL AIRPORT, MD US","39.17329","-76.68408","42.0","2016-11-12","0.00","0.0","0.0",,"51","30",,,,,,,,,,,,,,
"USW00093721","BALTIMORE WASHINGTON INTERNATIONAL AIRPORT, MD US","39.17329","-76.68408","42.0","2016-11-13","0.00","0.0","0.0",,"63","30",,,,,,,,,,,,,,
"USW00093721","BALTIMORE WASHINGTON INTERNATIONAL AIRPORT, MD US","39.17329","-76.68408","42.0","2016-11-14","0.02","0.0","0.0",,"59","28",,,,,,,,,,,,,,
"USW00093721","BALTIMORE WASHINGTON INTERNATIONAL AIRPORT, MD US","39.17329","-76.68408","42.0","2016-11-15","0.00","0.0","0.0",,"65","40",,,,,,,,,,,,,,
"USW00093721","BALTIMORE WASHINGTON INTERNATIONAL AIRPORT, MD US","39.17329","-76.68408","42.0","2016-11-16","0.00","0.0","0.0",,"65","34",,,,,,,,,,,,,,
"USW00093721","BALTIMORE WASHINGTON INTERNATIONAL AIRPORT, MD US","39.17329","-76.68408","42.0","2016-11-17","0.00","0.0","0.0",,"62","35",,,,,,,"    1",,,,,,,
"USW00093721","BALTIMORE WASHINGTON INTERNATIONAL AIRPORT, MD US","39.17329","-76.68408","42.0","2016-11-18","0.00","0.0","0.0",,"73","33",,,,,,,,,,,,,,
"USW00093721","BALTIMORE WASHINGTON INTERNATIONAL AIRPORT, MD US","39.17329","-76.68408","42.0","2016-11-19","0.00","0.0","0.0",,"73","34","    1",,,,,,,,,,,,,
"USW00093721","BALTIMORE WASHINGTON INTERNATIONAL AIRPORT, MD US","39.17329","-76.68408","42.0","2016-11-20","0.00","0.0","0.0",,"46","36",,,,,,,,,,,,,,
"USW00093721","BALTIMORE WASHINGTON INTERNATIONAL AIRPORT, MD US","39.17329","-76.68408","42.0","2016-11-21","0.00","0.0","0.0",,"44","32",,,,,,,,,,,,,,
"USW00093721","BALTIMORE WASHINGTON INTERNATIONAL AIRPORT, MD US","39.17329","-76.68408","42.0","2016-11-22","0.00","0.0","0.0",,"48","30",,,,,,,,,,,,,,
"USW00093721","BALTIMORE WASHINGTON INTERNATIONAL AIRPORT, MD US","39.17329","-76.68408","42.0","2016-11-23","0.00","0.0","0.0",,"53","23",,,,,,,,,,,,,,
"USW00093721","BALTIMORE WASHINGTON INTERNATIONAL AIRPORT, MD US","39.17329","-76.68408","42.0","2016-11-24","0.00","0.0","0.0",,"57","35",,,,,,,,,,,,,,
"USW00093721","BALTIMORE WASHINGTON INTERNATIONAL AIRPORT, MD US","39.17329","-76.68408","42.0","2016-11-25","0.00","0.0","0.0",,"55","35","    1",,,,,,"    1",,,,,,,
"USW00093721","BALTIMORE WASHINGTON INTERNATIONAL AIRPORT, MD US","39.17329","-76.68408","42.0","2016-11-26","0.00","0.0","0.0",,"52","37",,,,,,,"    1",,,,,,,
"USW00093721","BALTIMORE WASHINGTON INTERNATIONAL AIRPORT, MD US","39.17329","-76.68408","42.0","2016-11-27","0.00","0.0","0.0",,"52","30",,,,,,,,,,,,,,
"USW00093721","BALTIMORE WASHINGTON INTERNATIONAL AIRPORT, MD US","39.17329","-76.68408","42.0","2016-11-28","0.00","0.0","0.0",,"54","25",,,,,,,,,,,,,,
"USW00093721","BALTIMORE WASHINGTON INTERNATIONAL AIRPORT, MD US","39.17329","-76.68408","42.0","2016-11-29","0.32","0.0","0.0",,"58","47","    1","    1",,,,,,,,,,,,
"USW00093721","BALTIMORE WASHINGTON INTERNATIONAL AIRPORT, MD US","39.17329","-76.68408","42.0","2016-11-30","0.97","0.0","0.0",,"63","55","    1","    1",,,,,,,,,,,,
"USW00093721","BALTIMORE WASHINGTON INTERNATIONAL AIRPORT, MD US","39.17329","-76.68408","42.0","2016-12-01","0.09","0.0","0.0",,"61","44","    1",,,,,,,,,,,,,
"USW00093721","BALTIMORE WASHINGTON INTERNATIONAL AIRPORT, MD US","39.17329","-76.68408","42.0","2016-12-02","0.00","0.0","0.0",,"51","39",,,,,,,,,,,,,,
"USW00093721","BALTIMORE WASHINGTON INTERNATIONAL AIRPORT, MD US","39.17329","-76.68408","42.0","2016-12-03","0.00","0.0","0.0",,"50","40",,,,,,,,,,,,,,
"USW00093721","BALTIMORE WASHINGTON INTERNATIONAL AIRPORT, MD US","39.17329","-76.68408","42.0","2016-12-04","0.06","0.0","0.0",,"47","36","    1",,,,,,,,,,,,,
"USW00093721","BALTIMORE WASHINGTON INTERNATIONAL AIRPORT, MD US","39.17329","-76.68408","42.0","2016-12-05","0.24","0.0","0.0",,"54","38","    1",,,,,,,,,,,,,
"USW00093721","BALTIMORE WASHINGTON INTERNATIONAL AIRPORT, MD US","39.17329","-76.68408","42.0","2016-12-06","0.83","0.0","0.0",,"44","38","    1",,,"    1",,,,,,,,,,
"USW00093721","BALTIMORE WASHINGTON INTERNATIONAL AIRPORT, MD US","39.17329","-76.68408","42.0","2016-12-07","0.01","0.0","0.0",,"51","31","    1",,,,,,,,,,,,,
"USW00093721","BALTIMORE WASHINGTON INTERNATIONAL AIRPORT, MD US","39.17329","-76.68408","42.0","2016-12-08","0.00","0.0","0.0",,"47","30",,,,,,,,,,,,,,
"USW00093721","BALTIMORE WASHINGTON INTERNATIONAL AIRPORT, MD US","39.17329","-76.68408","42.0","2016-12-09","0.00","0.0","0.0",,"39","27",,,,,,,,,,,,,,
"USW00093721","BALTIMORE WASHINGTON INTERNATIONAL AIRPORT, MD US","39.17329","-76.68408","42.0","2016-12-10","0.00","0.0","0.0",,"36","24",,,,,,,,,,,,,,
"USW00093721","BALTIMORE WASHINGTON INTERNATIONAL AIRPORT, MD US","39.17329","-76.68408","42.0","2016-12-11","0.00","0.0","0.0",,"41","24",,,,,,,,,,,,,,
"USW00093721","BALTIMORE WASHINGTON INTERNATIONAL AIRPORT, MD US","39.17329","-76.68408","42.0","2016-12-12","0.17","0.0","0.0",,"53","34","    1",,,,,,,,,,,,,
"USW00093721","BALTIMORE WASHINGTON INTERNATIONAL AIRPORT, MD US","39.17329","-76.68408","42.0","2016-12-13","0.00","0.0","0.0",,"44","33",,,,,,,,,,,,,,
"USW00093721","BALTIMORE WASHINGTON INTERNATIONAL AIRPORT, MD US","39.17329","-76.68408","42.0","2016-12-14","0.00","0.0","0.0",,"45","29",,,,,,,,,,,,,,
"USW00093721","BALTIMORE WASHINGTON INTERNATIONAL AIRPORT, MD US","39.17329","-76.68408","42.0","2016-12-15","0.00","0.0","0.0",,"37","14",,,,,,,,,,,,,,
"USW00093721","BALTIMORE WASHINGTON INTERNATIONAL AIRPORT, MD US","39.17329","-76.68408","42.0","2016-12-16","0.00","0.0","0.0",,"27","13",,,,,,,,,,,,,,
"USW00093721","BALTIMORE WASHINGTON INTERNATIONAL AIRPORT, MD US","39.17329","-76.68408","42.0","2016-12-17","0.58","0.0","0.0",,"35","27","    1",,,"    1",,"    1",,,,,,,,
"USW00093721","BALTIMORE WASHINGTON INTERNATIONAL AIRPORT, MD US","39.17329","-76.68408","42.0","2016-12-18","0.02","0.0","0.0",,"63","33","    1",,,,,,,,,,,,,
"USW00093721","BALTIMORE WASHINGTON INTERNATIONAL AIRPORT, MD US","39.17329","-76.68408","42.0","2016-12-19","0.00","0.0","0.0",,"35","28",,,,,,,,,,,,,,
"USW00093721","BALTIMORE WASHINGTON INTERNATIONAL AIRPORT, MD US","39.17329","-76.68408","42.0","2016-12-20","0.00","0.0","0.0",,"36","19",,,,,,,,,,,,,,
"USW00093721","BALTIMORE WASHINGTON INTERNATIONAL AIRPORT, MD US","39.17329","-76.68408","42.0","2016-12-21","0.00","0.0","0.0",,"48","21",,,,,,,,,,,,,,
"USW00093721","BALTIMORE WASHINGTON INTERNATIONAL AIRPORT, MD US","39.17329","-76.68408","42.0","2016-12-22","0.00","0.0","0.0",,"57","26",,,,,,,,,,,,,,
"USW00093721","BALTIMORE WASHINGTON INTERNATIONAL AIRPORT, MD US","39.17329","-76.68408","42.0","2016-12-23","0.00","0.0","0.0",,"46","26",,,,,,,,,,,,,,
"USW00093721","BALTIMORE WASHINGTON INTERNATIONAL AIRPORT, MD US","39.17329","-76.68408","42.0","2016-12-24","0.46","0.0","0.0",,"48","37","    1",,,,,,,,,,,,,
"USW00093721","BALTIMORE WASHINGTON INTERNATIONAL AIRPORT, MD US","39.17329","-76.68408","42.0","2016-12-25","0.00","0.0","0.0",,"50","27","    1",,,,,,,,,,,,,
"USW00093721","BALTIMORE WASHINGTON INTERNATIONAL AIRPORT, MD US","39.17329","-76.68408","42.0","2016-12-26","0.00","0.0","0.0",,"51","27","    1",,,,,,,,,,,,,
"USW00093721","BALTIMORE WASHINGTON INTERNATIONAL AIRPORT, MD US","39.17329","-76.68408","42.0","2016-12-27","0.02","0.0","0.0",,"66","47",,,,,,,,,,,,,,
"USW00093721","BALTIMORE WASHINGTON INTERNATIONAL AIRPORT, MD US","39.17329","-76.68408","42.0","2016-12-28","0.00","0.0","0.0",,"48","33",,,,,,,,,,,,,,
"USW00093721","BALTIMORE WASHINGTON INTERNATIONAL AIRPORT, MD US","39.17329","-76.68408","42.0","2016-12-29","0.29","0.0","0.0",,"48","31","    1",,,,,,,,,,,,,
"USW00093721","BALTIMORE WASHINGTON INTERNATIONAL AIRPORT, MD US","39.17329","-76.68408","42.0","2016-12-30","0.00","0.0","0.0",,"42","28",,,,,,,,,,,,,,
"USW00093721","BALTIMORE WASHINGTON INTERNATIONAL AIRPORT, MD US","39.17329","-76.68408","42.0","2016-12-31","0.00","0.0","0.0",,"48","25",,,,,,,,,,,,,,
"USW00093721","BALTIMORE WASHINGTON INTERNATIONAL AIRPORT, MD US","39.17329","-76.68408","42.0","2017-01-01","0.00","0.0","0.0",,"54","34",,,,,,,,,,,,,,
"USW00093721","BALTIMORE WASHINGTON INTERNATIONAL AIRPORT, MD US","39.17329","-76.68408","42.0","2017-01-02","0.43","0.0","0.0",,"43","38","    1",,,,,,,,,,,,,
"USW00093721","BALTIMORE WASHINGTON INTERNATIONAL AIRPORT, MD US","39.17329","-76.68408","42.0","2017-01-03","0.81","0.0","0.0",,"46","41","    1",,,,,,,,,,,,,
"USW00093721","BALTIMORE WASHINGTON INTERNATIONAL AIRPORT, MD US","39.17329","-76.68408","42.0","2017-01-04","0.01","0.0","0.0",,"55","32","    1","    1",,,,,,,,,,,,
"USW00093721","BALTIMORE WASHINGTON INTERNATIONAL AIRPORT, MD US","39.17329","-76.68408","42.0","2017-01-05","0.00","0.1","0.0",,"35","26","    1",,,,,,,,,,,,,
"USW00093721","BALTIMORE WASHINGTON INTERNATIONAL AIRPORT, MD US","39.17329","-76.68408","42.0","2017-01-06","0.01","0.1","0.0",,"33","24","    1",,,,,,,,,,,,,
"USW00093721","BALTIMORE WASHINGTON INTERNATIONAL AIRPORT, MD US","39.17329","-76.68408","42.0","2017-01-07","0.03","0.5","0.0",,"25","17","    1",,,,,,,,,,,,,
"USW00093721","BALTIMORE WASHINGTON INTERNATIONAL AIRPORT, MD US","39.17329","-76.68408","42.0","2017-01-08","0.00","0.0","0.0",,"23","13",,,,,,,,,,,,,,
"USW00093721","BALTIMORE WASHINGTON INTERNATIONAL AIRPORT, MD US","39.17329","-76.68408","42.0","2017-01-09","0.00","0.0","0.0",,"26","10",,,,,,,,,,,,,,
"USW00093721","BALTIMORE WASHINGTON INTERNATIONAL AIRPORT, MD US","39.17329","-76.68408","42.0","2017-01-10","0.04","0.0","0.0",,"40","16",,,,,,,,,,,,,,
"USW00093721","BALTIMORE WASHINGTON INTERNATIONAL AIRPORT, MD US","39.17329","-76.68408","42.0","2017-01-11","0.21","0.0","0.0",,"56","35","    1",,,,,,,,,,,,,
"USW00093721","BALTIMORE WASHINGTON INTERNATIONAL AIRPORT, MD US","39.17329","-76.68408","42.0","2017-01-12","0.03","0.0","0.0",,"70","49",,,,,,,,,,,,,,
"USW00093721","BALTIMORE WASHINGTON INTERNATIONAL AIRPORT, MD US","39.17329","-76.68408","42.0","2017-01-13","0.00","0.0","0.0",,"62","41",,,,,,,,,,,,,,
"USW00093721","BALTIMORE WASHINGTON INTERNATIONAL AIRPORT, MD US","39.17329","-76.68408","42.0","2017-01-14","0.26","0.0","0.0",,"41","31","    1",,,"    1",,,,,,,,,,
"USW00093721","BALTIMORE WASHINGTON INTERNATIONAL AIRPORT, MD US","39.17329","-76.68408","42.0","2017-01-15","0.00","0.0","0.0",,"43","33","    1",,,,,,,,,,,,,
"USW00093721","BALTIMORE WASHINGTON INTERNATIONAL AIRPORT, MD US","39.17329","-76.68408","42.0","2017-01-16","0.00","0.0","0.0",,"42","32",,,,,,,,,,,,,,
"USW00093721","BALTIMORE WASHINGTON INTERNATIONAL AIRPORT, MD US","39.17329","-76.68408","42.0","2017-01-17","0.16","0.0","0.0",,"45","38","    1","    1",,,,,,,,,,,,
"USW00093721","BALTIMORE WASHINGTON INTERNATIONAL AIRPORT, MD US","39.17329","-76.68408","42.0","2017-01-18","0.00","0.0","0.0",,"57","40","    1","    1",,,,,,,,,,,,
"USW00093721","BALTIMORE WASHINGTON INTERNATIONAL AIRPORT, MD US","39.17329","-76.68408","42.0","2017-01-19","0.00","0.0","0.0",,"51","33",,,,,,,,,,,,,,
"USW00093721","BALTIMORE WASHINGTON INTERNATIONAL AIRPORT, MD US","39.17329","-76.68408","42.0","2017-01-20","0.02","0.0","0.0",,"45","32","    1",,,,,,,,,,,,,
"USW00093721","BALTIMORE WASHINGTON INTERNATIONAL AIRPORT, MD US","39.17329","-76.68408","42.0","2017-01-21","0.00","0.0","0.0",,"48","44","    1","    1",,,,,,,,,,,,
"USW00093721","BALTIMORE WASHINGTON INTERNATIONAL AIRPORT, MD US","39.17329","-76.68408","42.0","2017-01-22","0.07","0.0","0.0",,"51","45","    1","    1",,,,,,,,,,,,
"USW00093721","BALTIMORE WASHINGTON INTERNATIONAL AIRPORT, MD US","39.17329","-76.68408","42.0","2017-01-23","0.60","0.0","0.0",,"48","38","    1",,,,,,,,,,,,,
"USW00093721","BALTIMORE WASHINGTON INTERNATIONAL AIRPORT, MD US","39.17329","-76.68408","42.0","2017-01-24","0.01","0.0","0.0",,"49","37","    1",,,,,,,,,,,,,
"USW00093721","BALTIMORE WASHINGTON INTERNATIONAL AIRPORT, MD US","39.17329","-76.68408","42.0","2017-01-25","0.00","0.0","0.0",,"60","37",,,,,,,,,,,,,,
"USW00093721","BALTIMORE WASHINGTON INTERNATIONAL AIRPORT, MD US","39.17329","-76.68408","42.0","2017-01-26","0.00","0.0","0.0",,"57","37","    1",,,,,,,,,,,,,
"USW00093721","BALTIMORE WASHINGTON INTERNATIONAL AIRPORT, MD US","39.17329","-76.68408","42.0","2017-01-27","0.00","0.0","0.0",,"43","35",,,,,,,,,,,,,,
"USW00093721","BALTIMORE WASHINGTON INTERNATIONAL AIRPORT, MD US","39.17329","-76.68408","42.0","2017-01-28","0.00","0.0","0.0",,"46","29",,,,,,,,,,,,,,
"USW00093721","BALTIMORE WASHINGTON INTERNATIONAL AIRPORT, MD US","39.17329","-76.68408","42.0","2017-01-29","0.00","0.0","0.0",,"44","26",,,,,,,,,,,,,,
"USW00093721","BALTIMORE WASHINGTON INTERNATIONAL AIRPORT, MD US","39.17329","-76.68408","42.0","2017-01-30","0.00","0.0","0.0",,"38","25","    1",,,,,,,,,,,,,
"USW00093721","BALTIMORE WASHINGTON INTERNATIONAL AIRPORT, MD US","39.17329","-76.68408","42.0","2017-01-31","0.00","0.0","0.0",,"52","24",,,,,,,,,,,,,,
"USW00093721","BALTIMORE WASHINGTON INTERNATIONAL AIRPORT, MD US","39.17329","-76.68408","42.0","2017-02-01","0.00","0.0","0.0",,"49","29",,,,,,,,,,,,,,
"USW00093721","BALTIMORE WASHINGTON INTERNATIONAL AIRPORT, MD US","39.17329","-76.68408","42.0","2017-02-02","0.00","0.0","0.0",,"50","33",,,,,,,,,,,,,,
"USW00093721","BALTIMORE WASHINGTON INTERNATIONAL AIRPORT, MD US","39.17329","-76.68408","42.0","2017-02-03","0.00","0.0","0.0",,"37","27",,,,,,,,,,,,,,
"USW00093721","BALTIMORE WASHINGTON INTERNATIONAL AIRPORT, MD US","39.17329","-76.68408","42.0","2017-02-04","0.00","0.0","0.0",,"38","17",,,,,,,,,,,,,,
"USW00093721","BALTIMORE WASHINGTON INTERNATIONAL AIRPORT, MD US","39.17329","-76.68408","42.0","2017-02-05","0.00","0.0","0.0",,"51","28",,,,,,,,,,,,,,
"USW00093721","BALTIMORE WASHINGTON INTERNATIONAL AIRPORT, MD US","39.17329","-76.68408","42.0","2017-02-06","0.00","0.0","0.0",,"61","25",,,,,,,,,,,,,,
"USW00093721","BALTIMORE WASHINGTON INTERNATIONAL AIRPORT, MD US","39.17329","-76.68408","42.0","2017-02-07","0.00","0.0","0.0",,"72","37",,,,,,,,,,,,,,
"USW00093721","BALTIMORE WASHINGTON INTERNATIONAL AIRPORT, MD US","39.17329","-76.68408","42.0","2017-02-08","0.00","0.0","0.0",,"72","51",,,,,,,,,,,,,,
"USW00093721","BALTIMORE WASHINGTON INTERNATIONAL AIRPORT, MD US","39.17329","-76.68408","42.0","2017-02-09","0.24","0.0","0.0",,"51","24","    1",,,"    1",,,,,,,,,,
"USW00093721","BALTIMORE WASHINGTON INTERNATIONAL AIRPORT, MD US","39.17329","-76.68408","42.0","2017-02-10","0.00","0.0","0.0",,"36","20",,,,,,,,,,,,,,
"USW00093721","BALTIMORE WASHINGTON INTERNATIONAL AIRPORT, MD US","39.17329","-76.68408","42.0","2017-02-11","0.00","0.0","0.0",,"53","29",,,,,,,,,,,,,,
"USW00093721","BALTIMORE WASHINGTON INTERNATIONAL AIRPORT, MD US","39.17329","-76.68408","42.0","2017-02-12","0.22","0.0","0.0",,"50","41","    1",,,,,,,,,,,,,
"USW00093721","BALTIMORE WASHINGTON INTERNATIONAL AIRPORT, MD US","39.17329","-76.68408","42.0","2017-02-13","0.00","0.0","0.0",,"44","27",,,,,,,,,,,,,,
"USW00093721","BALTIMORE WASHINGTON INTERNATIONAL AIRPORT, MD US","39.17329","-76.68408","42.0","2017-02-14","0.00","0.0","0.0",,"46","25",,,,,,,,,,,,,,
"USW00093721","BALTIMORE WASHINGTON INTERNATIONAL AIRPORT, MD US","39.17329","-76.68408","42.0","2017-02-15","0.00","0.0","0.0",,"54","28",,,,,,,,,,,,,,
"USW00093721","BALTIMORE WASHINGTON INTERNATIONAL AIRPORT, MD US","39.17329","-76.68408","42.0","2017-02-16","0.00","0.0","0.0",,"40","25",,,,,,,,,,,,,,
"USW00093721","BALTIMORE WASHINGTON INTERNATIONAL AIRPORT, MD US","39.17329","-76.68408","42.0","2017-02-17","0.00","0.0","0.0",,"51","20",,,,,,,,,,,,,,
"USW00093721","BALTIMORE WASHINGTON INTERNATIONAL AIRPORT, MD US","39.17329","-76.68408","42.0","2017-02-18","0.00","0.0","0.0",,"71","27",,,,,,,,,,,,,,
"USW00093721","BALTIMORE WASHINGTON INTERNATIONAL AIRPORT, MD US","39.17329","-76.68408","42.0","2017-02-19","0.00","0.0","0.0",,"71","49",,,,,,,,,,,,,,
"USW00093721","BALTIMORE WASHINGTON INTERNATIONAL AIRPORT, MD US","39.17329","-76.68408","42.0","2017-02-20","0.00","0.0","0.0",,"64","37",,,,,,,,,,,,,,
"USW00093721","BALTIMORE WASHINGTON INTERNATIONAL AIRPORT, MD US","39.17329","-76.68408","42.0","2017-02-21","0.00","0.0","0.0",,"54","35",,,,,,,,,,,,,,
"USW00093721","BALTIMORE WASHINGTON INTERNATIONAL AIRPORT, MD US","39.17329","-76.68408","42.0","2017-02-22","0.00","0.0","0.0",,"62","43",,,,,,,,,,,,,,
"USW00093721","BALTIMORE WASHINGTON INTERNATIONAL AIRPORT, MD US","39.17329","-76.68408","42.0","2017-02-23","0.00","0.0","0.0",,"77","45","    1","    1",,,,,,,,,,,,
"USW00093721","BALTIMORE WASHINGTON INTERNATIONAL AIRPORT, MD US","39.17329","-76.68408","42.0","2017-02-24","0.00","0.0","0.0",,"74","46",,,,,,,,,,,,,,
"USW00093721","BALTIMORE WASHINGTON INTERNATIONAL AIRPORT, MD US","39.17329","-76.68408","42.0","2017-02-25","0.75","0.0","0.0",,"75","43","    1",,"    1",,"    1",,,,,,,,,
"USW00093721","BALTIMORE WASHINGTON INTERNATIONAL AIRPORT, MD US","39.17329","-76.68408","42.0","2017-02-26","0.00","0.0","0.0",,"46","28",,,,,,,,,,,,,,
"USW00093721","BALTIMORE WASHINGTON INTERNATIONAL AIRPORT, MD US","39.17329","-76.68408","42.0","2017-02-27","0.00","0.0","0.0",,"56","24",,,,,,,,,,,,,,
"USW00093721","BALTIMORE WASHINGTON INTERNATIONAL AIRPORT, MD US","39.17329","-76.68408","42.0","2017-02-28","0.25","0.0","0.0",,"65","40","    1",,,,,,,,,,,,,
"USW00093721","BALTIMORE WASHINGTON INTERNATIONAL AIRPORT, MD US","39.17329","-76.68408","42.0","2017-03-01","0.02","0.0","0.0",,"75","55","    1",,,,,,,,,,,,,
"USW00093721","BALTIMORE WASHINGTON INTERNATIONAL AIRPORT, MD US","39.17329","-76.68408","42.0","2017-03-02","0.01","0.0","0.0",,"62","35",,,,,,,,,,,,,,
"USW00093721","BALTIMORE WASHINGTON INTERNATIONAL AIRPORT, MD US","39.17329","-76.68408","42.0","2017-03-03","0.00","0.0","0.0",,"42","28",,,,,,,,,,,,,,
"USW00093721","BALTIMORE WASHINGTON INTERNATIONAL AIRPORT, MD US","39.17329","-76.68408","42.0","2017-03-04","0.00","0.0","0.0",,"41","20",,,,,,,,,,,,,,
"USW00093721","BALTIMORE WASHINGTON INTERNATIONAL AIRPORT, MD US","39.17329","-76.68408","42.0","2017-03-05","0.00","0.0","0.0",,"41","18",,,,,,,,,,,,,,
"USW00093721","BALTIMORE WASHINGTON INTERNATIONAL AIRPORT, MD US","39.17329","-76.68408","42.0","2017-03-06","0.00","0.0","0.0",,"54","24",,,,,,,,,,,,,,
"USW00093721","BALTIMORE WASHINGTON INTERNATIONAL AIRPORT, MD US","39.17329","-76.68408","42.0","2017-03-07","0.06","0.0","0.0",,"70","44","    1",,,,,,,,,,,,,
"USW00093721","BALTIMORE WASHINGTON INTERNATIONAL AIRPORT, MD US","39.17329","-76.68408","42.0","2017-03-08","0.00","0.0","0.0",,"66","48",,,,,,,,,,,,,,
"USW00093721","BALTIMORE WASHINGTON INTERNATIONAL AIRPORT, MD US","39.17329","-76.68408","42.0","2017-03-09","0.00","0.0","0.0",,"71","46",,,,,,,,,,,,,,
"USW00093721","BALTIMORE WASHINGTON INTERNATIONAL AIRPORT, MD US","39.17329","-76.68408","42.0","2017-03-10","0.13","0.0","0.0",,"54","28","    1",,,,,,,,,,,,,
"USW00093721","BALTIMORE WASHINGTON INTERNATIONAL AIRPORT, MD US","39.17329","-76.68408","42.0","2017-03-11","0.00","0.0","0.0",,"37","20",,,,,,,,,,,,,,
"USW00093721","BALTIMORE WASHINGTON INTERNATIONAL AIRPORT, MD US","39.17329","-76.68408","42.0","2017-03-12","0.00","0.0","0.0",,"39","23",,,,,,,,,,,,,,
"USW00093721","BALTIMORE WASHINGTON INTERNATIONAL AIRPORT, MD US","39.17329","-76.68408","42.0","2017-03-13","0.28","1.6","0.0",,"40","21","    1","    1",,"    1",,"    1",,,,,,,,
"USW00093721","BALTIMORE WASHINGTON INTERNATIONAL AIRPORT, MD US","39.17329","-76.68408","42.0","2017-03-14","1.12","0.6","2.0",,"36","23","    1",,,"    1",,"    1",,,,,,,,
"USW00093721","BALTIMORE WASHINGTON INTERNATIONAL AIRPORT, MD US","39.17329","-76.68408","42.0","2017-03-15","0.00","0.0","2.0",,"31","20",,,,,,,,,,,,,,
"USW00093721","BALTIMORE WASHINGTON INTERNATIONAL AIRPORT, MD US","39.17329","-76.68408","42.0","2017-03-16","0.00","0.0","2.0",,"39","23",,,,,,,,,,,,,,
"USW00093721","BALTIMORE WASHINGTON INTERNATIONAL AIRPORT, MD US","39.17329","-76.68408","42.0","2017-03-17","0.00","0.0","1.2",,"50","24",,,,,,,,,,,,,,
"USW00093721","BALTIMORE WASHINGTON INTERNATIONAL AIRPORT, MD US","39.17329","-76.68408","42.0","2017-03-18","0.14","0.0","0.0",,"55","38","    1",,,,,,,,,,,,,
"USW00093721","BALTIMORE WASHINGTON INTERNATIONAL AIRPORT, MD US","39.17329","-76.68408","42.0","2017-03-19","0.27","0.1","0.0",,"51","33","    1",,,,,,,,,,,,,
"USW00093721","BALTIMORE WASHINGTON INTERNATIONAL AIRPORT, MD US","39.17329","-76.68408","42.0","2017-03-20","0.00","0.0","0.0",,"52","33",,,,,,,,,,,,,,
"USW00093721","BALTIMORE WASHINGTON INTERNATIONAL AIRPORT, MD US","39.17329","-76.68408","42.0","2017-03-21","0.00","0.0","0.0",,"62","44",,,,,,,,,,,,,,
"USW00093721","BALTIMORE WASHINGTON INTERNATIONAL AIRPORT, MD US","39.17329","-76.68408","42.0","2017-03-22","0.00","0.0","0.0",,"53","31",,,,,,,,,,,,,,
"USW00093721","BALTIMORE WASHINGTON INTERNATIONAL AIRPORT, MD US","39.17329","-76.68408","42.0","2017-03-23","0.00","0.0","0.0",,"48","25",,,,,,,,,,,,,,
"USW00093721","BALTIMORE WASHINGTON INTERNATIONAL AIRPORT, MD US","39.17329","-76.68408","42.0","2017-03-24","0.00","0.0","0.0",,"61","30",,,,,,,,,,,,,,
"USW00093721","BALTIMORE WASHINGTON INTERNATIONAL AIRPORT, MD US","39.17329","-76.68408","42.0","2017-03-25","0.00","0.0","0.0",,"80","50",,,,,,,,,,,,,,
"USW00093721","BALTIMORE WASHINGTON INTERNATIONAL AIRPORT, MD US","39.17329","-76.68408","42.0","2017-03-26","0.00","0.0","0.0",,"51","44","    1",,,,,,,,,,,,,
"USW00093721","BALTIMORE WASHINGTON INTERNATIONAL AIRPORT, MD US","39.17329","-76.68408","42.0","2017-03-27","0.04","0.0","0.0",,"70","44","    1","    1",,,,,"    1",,,,,,,
"USW00093721","BALTIMORE WASHINGTON INTERNATIONAL AIRPORT, MD US","39.17329","-76.68408","42.0","2017-03-28","0.30","0.0","0.0",,"70","52","    1",,"    1",,,,,,,,,,,
"USW00093721","BALTIMORE WASHINGTON INTERNATIONAL AIRPORT, MD US","39.17329","-76.68408","42.0","2017-03-29","0.00","0.0","0.0",,"64","48",,,,,,,,,,,,,,
"USW00093721","BALTIMORE WASHINGTON INTERNATIONAL AIRPORT, MD US","39.17329","-76.68408","42.0","2017-03-30","0.05","0.0","0.0",,"50","42","    1",,,,,,,,,,,,,
"USW00093721","BALTIMORE WASHINGTON INTERNATIONAL AIRPORT, MD US","39.17329","-76.68408","42.0","2017-03-31","1.40","0.0","0.0",,"52","42","    1",,,,,,,,,,,,,
"USW00093721","BALTIMORE WASHINGTON INTERNATIONAL AIRPORT, MD US","39.17329","-76.68408","42.0","2017-04-01","0.00","0.0","0.0",,"58","44",,,,,,,,,,,,,,
"USW00093721","BALTIMORE WASHINGTON INTERNATIONAL AIRPORT, MD US","39.17329","-76.68408","42.0","2017-04-02","0.00","0.0","0.0",,"65","39",,,,,,,,,,,,,,
"USW00093721","BALTIMORE WASHINGTON INTERNATIONAL AIRPORT, MD US","39.17329","-76.68408","42.0","2017-04-03","0.12","0.0","0.0",,"69","40","    1",,,,,,,,,,,,,
"USW00093721","BALTIMORE WASHINGTON INTERNATIONAL AIRPORT, MD US","39.17329","-76.68408","42.0","2017-04-04","0.01","0.0","0.0",,"79","58",,,,,,,,,,,,,,
"USW00093721","BALTIMORE WASHINGTON INTERNATIONAL AIRPORT, MD US","39.17329","-76.68408","42.0","2017-04-05","0.00","0.0","0.0",,"71","53",,,,,,,,,,,,,,
"USW00093721","BALTIMORE WASHINGTON INTERNATIONAL AIRPORT, MD US","39.17329","-76.68408","42.0","2017-04-06","1.45","0.0","0.0",,"59","49","    1",,"    1",,,,,,,,,,,
"USW00093721","BALTIMORE WASHINGTON INTERNATIONAL AIRPORT, MD US","39.17329","-76.68408","42.0","2017-04-07","0.00","0.0","0.0",,"49","40",,,,,,,,,,,,,,
"USW00093721","BALTIMORE WASHINGTON INTERNATIONAL AIRPORT, MD US","39.17329","-76.68408","42.0","2017-04-08","0.00","0.0","0.0",,"62","35",,,,,,,,,,,,,,
"USW00093721","BALTIMORE WASHINGTON INTERNATIONAL AIRPORT, MD US","39.17329","-76.68408","42.0","2017-04-09","0.00","0.0","0.0",,"72","34",,,,,,,,,,,,,,
"USW00093721","BALTIMORE WASHINGTON INTERNATIONAL AIRPORT, MD US","39.17329","-76.68408","42.0","2017-04-10","0.00","0.0","0.0",,"83","40",,,,,,,,,,,,,,
"USW00093721","BALTIMORE WASHINGTON INTERNATIONAL AIRPORT, MD US","39.17329","-76.68408","42.0","2017-04-11","0.00","0.0","0.0",,"87","56",,,,,,,,,,,,,,
"USW00093721","BALTIMORE WASHINGTON INTERNATIONAL AIRPORT, MD US","39.17329","-76.68408","42.0","2017-04-12","0.00","0.0","0.0",,"76","55",,,,,,,,,,,,,,
"USW00093721","BALTIMORE WASHINGTON INTERNATIONAL AIRPORT, MD US","39.17329","-76.68408","42.0","2017-04-13","0.00","0.0","0.0",,"69","50",,,,,,,,,,,,,,
"USW00093721","BALTIMORE WASHINGTON INTERNATIONAL AIRPORT, MD US","39.17329","-76.68408","42.0","2017-04-14","0.00","0.0","0.0",,"67","47",,,,,,,,,,,,,,
"USW00093721","BALTIMORE WASHINGTON INTERNATIONAL AIRPORT, MD US","39.17329","-76.68408","42.0","2017-04-15","0.36","0.0","0.0",,"75","52","    1",,"    1",,,,,,,,,,,
"USW00093721","BALTIMORE WASHINGTON INTERNATIONAL AIRPORT, MD US","39.17329","-76.68408","42.0","2017-04-16","0.00","0.0","0.0",,"87","58","    1",,,,,,,,,,,,,
"USW00093721","BALTIMORE WASHINGTON INTERNATIONAL AIRPORT, MD US","39.17329","-76.68408","42.0","2017-04-17","0.21","0.0","0.0",,"72","52","    1",,,,,,,,,,,,,
"USW00093721","BALTIMORE WASHINGTON INTERNATIONAL AIRPORT, MD US","39.17329","-76.68408","42.0","2017-04-18","0.00","0.0","0.0",,"69","49",,,,,,,,,,,,,,
"USW00093721","BALTIMORE WASHINGTON INTERNATIONAL AIRPORT, MD US","39.17329","-76.68408","42.0","2017-04-19","0.00","0.0","0.0",,"62","48",,,,,,,"    1",,,,,,,
"USW00093721","BALTIMORE WASHINGTON INTERNATIONAL AIRPORT, MD US","39.17329","-76.68408","42.0","2017-04-20","0.43","0.0","0.0",,"79","56","    1",,"    1",,,,,,,,,,,
"USW00093721","BALTIMORE WASHINGTON INTERNATIONAL AIRPORT, MD US","39.17329","-76.68408","42.0","2017-04-21","0.00","0.0","0.0",,"70","59","    1","    1",,,,,"    1",,,,,,,
"USW00093721","BALTIMORE WASHINGTON INTERNATIONAL AIRPORT, MD US","39.17329","-76.68408","42.0","2017-04-22","0.27","0.0","0.0",,"60","47","    1",,,,,,,,,,,,,
"USW00093721","BALTIMORE WASHINGTON INTERNATIONAL AIRPORT, MD US","39.17329","-76.68408","42.0","2017-04-23","0.00","0.0","0.0",,"60","46",,,,,,,,,,,,,,
"USW00093721","BALTIMORE WASHINGTON INTERNATIONAL AIRPORT, MD US","39.17329","-76.68408","42.0","2017-04-24","0.12","0.0","0.0",,"59","51",,,,,,,,,,,,,,
"USW00093721","BALTIMORE WASHINGTON INTERNATIONAL AIRPORT, MD US","39.17329","-76.68408","42.0","2017-04-25","0.55","0.0","0.0",,"58","52","    1",,,,,,,,,,,,,
"USW00093721","BALTIMORE WASHINGTON INTERNATIONAL AIRPORT, MD US","39.17329","-76.68408","42.0","2017-04-26","0.00","0.0","0.0",,"66","55","    1",,,,,,,,,,,,,
"USW00093721","BALTIMORE WASHINGTON INTERNATIONAL AIRPORT, MD US","39.17329","-76.68408","42.0","2017-04-27","0.00","0.0","0.0",,"80","53","    1","    1",,,,,"    1",,,,,,,
"USW00093721","BALTIMORE WASHINGTON INTERNATIONAL AIRPORT, MD US","39.17329","-76.68408","42.0","2017-04-28","0.00","0.0","0.0",,"84","60","    1",,,,,,,,,,,,,
"USW00093721","BALTIMORE WASHINGTON INTERNATIONAL AIRPORT, MD US","39.17329","-76.68408","42.0","2017-04-29","0.00","0.0","0.0",,"89","67","    1",,,,,,,,,,,,,
"USW00093721","BALTIMORE WASHINGTON INTERNATIONAL AIRPORT, MD US","39.17329","-76.68408","42.0","2017-04-30","0.00","0.0","0.0",,"79","59","    1",,,,,,,,,,,,,
"USW00093721","BALTIMORE WASHINGTON INTERNATIONAL AIRPORT, MD US","39.17329","-76.68408","42.0","2017-05-01","0.01","0.0","0.0",,"82","58","    1","    1",,,,,"    1",,,,,,,
"USW00093721","BALTIMORE WASHINGTON INTERNATIONAL AIRPORT, MD US","39.17329","-76.68408","42.0","2017-05-02","0.00","0.0","0.0",,"76","53",,,,,,,,,,,,,,
"USW00093721","BALTIMORE WASHINGTON INTERNATIONAL AIRPORT, MD US","39.17329","-76.68408","42.0","2017-05-03","0.00","0.0","0.0",,"65","47",,,,,,,,,,,,,,
"USW00093721","BALTIMORE WASHINGTON INTERNATIONAL AIRPORT, MD US","39.17329","-76.68408","42.0","2017-05-04","0.15","0.0","0.0",,"66","44","    1",,,,,,,,,,,,,
"USW00093721","BALTIMORE WASHINGTON INTERNATIONAL AIRPORT, MD US","39.17329","-76.68408","42.0","2017-05-05","1.39","0.0","0.0",,"71","55","    1",,"    1",,,,,,,,,,,
"USW00093721","BALTIMORE WASHINGTON INTERNATIONAL AIRPORT, MD US","39.17329","-76.68408","42.0","2017-05-06","0.03","0.0","0.0",,"66","47","    1",,,,,,,,,,,,,
"USW00093721","BALTIMORE WASHINGTON INTERNATIONAL AIRPORT, MD US","39.17329","-76.68408","42.0","2017-05-07","0.00","0.0","0.0",,"63","45",,,,,,,,,,,,,,
"USW00093721","BALTIMORE WASHINGTON INTERNATIONAL AIRPORT, MD US","39.17329","-76.68408","42.0","2017-05-08","0.00","0.0","0.0",,"62","37",,,,,,,,,,,,,,
"USW00093721","BALTIMORE WASHINGTON INTERNATIONAL AIRPORT, MD US","39.17329","-76.68408","42.0","2017-05-09","0.00","0.0","0.0",,"65","36",,,,,,,,,,,,,,
"USW00093721","BALTIMORE WASHINGTON INTERNATIONAL AIRPORT, MD US","39.17329","-76.68408","42.0","2017-05-10","0.00","0.0","0.0",,"74","41",,,,,,,,,,,,,,
"USW00093721","BALTIMORE WASHINGTON INTERNATIONAL AIRPORT, MD US","39.17329","-76.68408","42.0","2017-05-11","0.56","0.0","0.0",,"60","51","    1",,,,,,,,,,,,,
"USW00093721","BALTIMORE WASHINGTON INTERNATIONAL AIRPORT, MD US","39.17329","-76.68408","42.0","2017-05-12","0.20","0.0","0.0",,"58","49","    1",,,,,,,,,,,,,
"USW00093721","BALTIMORE WASHINGTON INTERNATIONAL AIRPORT, MD US","39.17329","-76.68408","42.0","2017-05-13","0.59","0.0","0.0",,"58","47","    1",,,,,,"    1",,,,,,,
"USW00093721","BALTIMORE WASHINGTON INTERNATIONAL AIRPORT, MD US","39.17329","-76.68408","42.0","2017-05-14","0.00","0.0","0.0",,"78","43","    1",,,,,,,,,,,,,
"USW00093721","BALTIMORE WASHINGTON INTERNATIONAL AIRPORT, MD US","39.17329","-76.68408","42.0","2017-05-15","0.00","0.0","0.0",,"74","49",,,,,,,,,,,,,,
"USW00093721","BALTIMORE WASHINGTON INTERNATIONAL AIRPORT, MD US","39.17329","-76.68408","42.0","2017-05-16","0.00","0.0","0.0",,"82","45",,,,,,,,,,,,,,
"USW00093721","BALTIMORE WASHINGTON INTERNATIONAL AIRPORT, MD US","39.17329","-76.68408","42.0","2017-05-17","0.00","0.0","0.0",,"93","55",,,,,,,,,,,,,,
"USW00093721","BALTIMORE WASHINGTON INTERNATIONAL AIRPORT, MD US","39.17329","-76.68408","42.0","2017-05-18","0.00","0.0","0.0",,"92","70",,,,,,,,,,,,,,
"USW00093721","BALTIMORE WASHINGTON INTERNATIONAL AIRPORT, MD US","39.17329","-76.68408","42.0","2017-05-19","0.36","0.0","0.0",,"92","67","    1",,"    1",,,,,,,,,,,
"USW00093721","BALTIMORE WASHINGTON INTERNATIONAL AIRPORT, MD US","39.17329","-76.68408","42.0","2017-05-20","0.00","0.0","0.0",,"70","59","    1",,,,,,,,,,,,,
"USW00093721","BALTIMORE WASHINGTON INTERNATIONAL AIRPORT, MD US","39.17329","-76.68408","42.0","2017-05-21","0.00","0.0","0.0",,"68","57",,,,,,,,,,,,,,
"USW00093721","BALTIMORE WASHINGTON INTERNATIONAL AIRPORT, MD US","39.17329","-76.68408","42.0","2017-05-22","0.19","0.0","0.0",,"69","56","    1",,,,,,,,,,,,,
"USW00093721","BALTIMORE WASHINGTON INTERNATIONAL AIRPORT, MD US","39.17329","-76.68408","42.0","2017-05-23","0.04","0.0","0.0",,"65","55","    1","    1",,,,,,,,,,,,
"USW00093721","BALTIMORE WASHINGTON INTERNATIONAL AIRPORT, MD US","39.17329","-76.68408","42.0","2017-05-24","0.39","0.0","0.0",,"65","56","    1",,,,,,,,,,,,,
"USW00093721","BALTIMORE WASHINGTON INTERNATIONAL AIRPORT, MD US","39.17329","-76.68408","42.0","2017-05-25","1.04","0.0","0.0",,"74","56","    1",,"    1",,,,,,,,,,,
"USW00093721","BALTIMORE WASHINGTON INTERNATIONAL AIRPORT, MD US","39.17329","-76.68408","42.0","2017-05-26","0.00","0.0","0.0",,"75","56",,,,,,,,,,,,,,
"USW00093721","BALTIMORE WASHINGTON INTERNATIONAL AIRPORT, MD US","39.17329","-76.68408","42.0","2017-05-27","0.02","0.0","0.0",,"74","55",,,,,,,,,,,,,,
"USW00093721","BALTIMORE WASHINGTON INTERNATIONAL AIRPORT, MD US","39.17329","-76.68408","42.0","2017-05-28","0.19","0.0","0.0",,"75","56","    1",,,,,,,,,,,,,
"USW00093721","BALTIMORE WASHINGTON INTERNATIONAL AIRPORT, MD US","39.17329","-76.68408","42.0","2017-05-29","0.00","0.0","0.0",,"76","62","    1",,,,,,,,,,,,,
"USW00093721","BALTIMORE WASHINGTON INTERNATIONAL AIRPORT, MD US","39.17329","-76.68408","42.0","2017-05-30","0.10","0.0","0.0",,"66","59","    1",,,,,,,,,,,,,
"USW00093721","BALTIMORE WASHINGTON INTERNATIONAL AIRPORT, MD US","39.17329","-76.68408","42.0","2017-05-31","0.38","0.0","0.0",,"83","62","    1","    1","    1",,"    1",,"    1",,,,,,,
"USW00093721","BALTIMORE WASHINGTON INTERNATIONAL AIRPORT, MD US","39.17329","-76.68408","42.0","2017-06-01","0.00","0.0","0.0",,"81","57",,,,,,,,,,,,,,
"USW00093721","BALTIMORE WASHINGTON INTERNATIONAL AIRPORT, MD US","39.17329","-76.68408","42.0","2017-06-02","0.00","0.0","0.0",,"80","53",,,,,,,,,,,,,,
"USW00093721","BALTIMORE WASHINGTON INTERNATIONAL AIRPORT, MD US","39.17329","-76.68408","42.0","2017-06-03","0.00","0.0","0.0",,"80","52",,,,,,,,,,,,,,
"USW00093721","BALTIMORE WASHINGTON INTERNATIONAL AIRPORT, MD US","39.17329","-76.68408","42.0","2017-06-04","0.00","0.0","0.0",,"86","53",,,,,,,,,,,,,,
"USW00093721","BALTIMORE WASHINGTON INTERNATIONAL AIRPORT, MD US","39.17329","-76.68408","42.0","2017-06-05","0.14","0.0","0.0",,"75","63","    1",,,,,,,,,,,,,
"USW00093721","BALTIMORE WASHINGTON INTERNATIONAL AIRPORT, MD US","39.17329","-76.68408","42.0","2017-06-06","0.00","0.0","0.0",,"78","62","    1",,,,,,,,,,,,,
"USW00093721","BALTIMORE WASHINGTON INTERNATIONAL AIRPORT, MD US","39.17329","-76.68408","42.0","2017-06-07","0.00","0.0","0.0",,"64","51","    1",,,,,,,,,,,,,
"USW00093721","BALTIMORE WASHINGTON INTERNATIONAL AIRPORT, MD US","39.17329","-76.68408","42.0","2017-06-08","0.00","0.0","0.0",,"73","48",,,,,,,,,,,,,,
"USW00093721","BALTIMORE WASHINGTON INTERNATIONAL AIRPORT, MD US","39.17329","-76.68408","42.0","2017-06-09","0.00","0.0","0.0",,"83","51",,,,,,,,,,,,,,
"USW00093721","BALTIMORE WASHINGTON INTERNATIONAL AIRPORT, MD US","39.17329","-76.68408","42.0","2017-06-10","0.00","0.0","0.0",,"89","57",,,,,,,,,,,,,,
"USW00093721","BALTIMORE WASHINGTON INTERNATIONAL AIRPORT, MD US","39.17329","-76.68408","42.0","2017-06-11","0.00","0.0","0.0",,"93","63",,,,,,,,,,,,,,
"USW00093721","BALTIMORE WASHINGTON INTERNATIONAL AIRPORT, MD US","39.17329","-76.68408","42.0","2017-06-12","0.00","0.0","0.0",,"94","67",,,,,,,,,,,,,,
"USW00093721","BALTIMORE WASHINGTON INTERNATIONAL AIRPORT, MD US","39.17329","-76.68408","42.0","2017-06-13","0.00","0.0","0.0",,"97","70",,,,,,,,,,,,,,
"USW00093721","BALTIMORE WASHINGTON INTERNATIONAL AIRPORT, MD US","39.17329","-76.68408","42.0","2017-06-14","0.00","0.0","0.0",,"88","72",,,,,,,,,,,,,,
"USW00093721","BALTIMORE WASHINGTON INTERNATIONAL AIRPORT, MD US","39.17329","-76.68408","42.0","2017-06-15","0.00","0.0","0.0",,"85","65",,,,,,,,,,,,,,
"USW00093721","BALTIMORE WASHINGTON INTERNATIONAL AIRPORT, MD US","39.17329","-76.68408","42.0","2017-06-16","0.00","0.0","0.0",,"84","68","    1",,,,,,,,,,,,,
"USW00093721","BALTIMORE WASHINGTON INTERNATIONAL AIRPORT, MD US","39.17329","-76.68408","42.0","2017-06-17","0.04","0.0","0.0",,"88","71","    1",,,,,,,,,,,,,
"USW00093721","BALTIMORE WASHINGTON INTERNATIONAL AIRPORT, MD US","39.17329","-76.68408","42.0","2017-06-18","0.00","0.0","0.0",,"92","73",,,,,,,,,,,,,,
"USW00093721","BALTIMORE WASHINGTON INTERNATIONAL AIRPORT, MD US","39.17329","-76.68408","42.0","2017-06-19","0.91","0.0","0.0",,"91","70","    1",,"    1",,,,,,,,,,,
"USW00093721","BALTIMORE WASHINGTON INTERNATIONAL AIRPORT, MD US","39.17329","-76.68408","42.0","2017-06-20","0.00","0.0","0.0",,"88","66",,,,,,,,,,,,,,
"USW00093721","BALTIMORE WASHINGTON INTERNATIONAL AIRPORT, MD US","39.17329","-76.68408","42.0","2017-06-21","0.00","0.0","0.0",,"89","67",,,,,,,,,,,,,,
"USW00093721","BALTIMORE WASHINGTON INTERNATIONAL AIRPORT, MD US","39.17329","-76.68408","42.0","2017-06-22","0.00","0.0","0.0",,"88","68",,,,,,,,,,,,,,
"USW00093721","BALTIMORE WASHINGTON INTERNATIONAL AIRPORT, MD US","39.17329","-76.68408","42.0","2017-06-23","0.16","0.0","0.0",,"90","71","    1",,,,,,,,,,,,,
"USW00093721","BALTIMORE WASHINGTON INTERNATIONAL AIRPORT, MD US","39.17329","-76.68408","42.0","2017-06-24","0.15","0.0","0.0",,"87","65","    1",,,,,,,,,,,,,
"USW00093721","BALTIMORE WASHINGTON INTERNATIONAL AIRPORT, MD US","39.17329","-76.68408","42.0","2017-06-25","0.00","0.0","0.0",,"86","63",,,,,,,,,,,,,,
"USW00093721","BALTIMORE WASHINGTON INTERNATIONAL AIRPORT, MD US","39.17329","-76.68408","42.0","2017-06-26","0.00","0.0","0.0",,"82","58",,,,,,,,,,,,,,
"USW00093721","BALTIMORE WASHINGTON INTERNATIONAL AIRPORT, MD US","39.17329","-76.68408","42.0","2017-06-27","0.00","0.0","0.0",,"80","60",,,"    1",,,,,,,,,,,
"USW00093721","BALTIMORE WASHINGTON INTERNATIONAL AIRPORT, MD US","39.17329","-76.68408","42.0","2017-06-28","0.00","0.0","0.0",,"81","51",,,,,,,,,,,,,,
"USW00093721","BALTIMORE WASHINGTON INTERNATIONAL AIRPORT, MD US","39.17329","-76.68408","42.0","2017-06-29","0.00","0.0","0.0",,"90","62",,,,,,,,,,,,,,
"USW00093721","BALTIMORE WASHINGTON INTERNATIONAL AIRPORT, MD US","39.17329","-76.68408","42.0","2017-06-30","0.00","0.0","0.0",,"93","72",,,,,,,,,,,,,,
"USW00093721","BALTIMORE WASHINGTON INTERNATIONAL AIRPORT, MD US","39.17329","-76.68408","42.0","2017-07-01","0.35","0.0","0.0",,"92","73","    1",,"    1",,,,"    1",,,,,,,
"USW00093721","BALTIMORE WASHINGTON INTERNATIONAL AIRPORT, MD US","39.17329","-76.68408","42.0","2017-07-02","0.00","0.0","0.0",,"92","70","    1",,,,,,,,,,,,,
"USW00093721","BALTIMORE WASHINGTON INTERNATIONAL AIRPORT, MD US","39.17329","-76.68408","42.0","2017-07-03","0.00","0.0","0.0",,"92","68",,,,,,,,,,,,,,
"USW00093721","BALTIMORE WASHINGTON INTERNATIONAL AIRPORT, MD US","39.17329","-76.68408","42.0","2017-07-04","0.32","0.0","0.0",,"92","70","    1",,"    1",,,,"    1",,,,,,,
"USW00093721","BALTIMORE WASHINGTON INTERNATIONAL AIRPORT, MD US","39.17329","-76.68408","42.0","2017-07-05","0.02","0.0","0.0",,"86","73","    1",,,,,,"    1",,,,,,,
"USW00093721","BALTIMORE WASHINGTON INTERNATIONAL AIRPORT, MD US","39.17329","-76.68408","42.0","2017-07-06","1.54","0.0","0.0",,"76","72","    1",,,,,,,,,,,,,
"USW00093721","BALTIMORE WASHINGTON INTERNATIONAL AIRPORT, MD US","39.17329","-76.68408","42.0","2017-07-07","0.23","0.0","0.0",,"89","72","    1",,,,,,,,,,,,,
"USW00093721","BALTIMORE WASHINGTON INTERNATIONAL AIRPORT, MD US","39.17329","-76.68408","42.0","2017-07-08","0.00","0.0","0.0",,"87","68",,,,,,,,,,,,,,
"USW00093721","BALTIMORE WASHINGTON INTERNATIONAL AIRPORT, MD US","39.17329","-76.68408","42.0","2017-07-09","0.00","0.0","0.0",,"84","62",,,,,,,,,,,,,,
"USW00093721","BALTIMORE WASHINGTON INTERNATIONAL AIRPORT, MD US","39.17329","-76.68408","42.0","2017-07-10","0.01","0.0","0.0",,"89","64","    1",,,,,,,,,,,,,
"USW00093721","BALTIMORE WASHINGTON INTERNATIONAL AIRPORT, MD US","39.17329","-76.68408","42.0","2017-07-11","0.00","0.0","0.0",,"92","70",,,,,,,,,,,,,,
"USW00093721","BALTIMORE WASHINGTON INTERNATIONAL AIRPORT, MD US","39.17329","-76.68408","42.0","2017-07-12","0.00","0.0","0.0",,"91","74",,,,,,,,,,,,,,
"USW00093721","BALTIMORE WASHINGTON INTERNATIONAL AIRPORT, MD US","39.17329","-76.68408","42.0","2017-07-13","0.02","0.0","0.0",,"95","74",,,"    1",,,,"    1",,,,,,,
"USW00093721","BALTIMORE WASHINGTON INTERNATIONAL AIRPORT, MD US","39.17329","-76.68408","42.0","2017-07-14","0.15","0.0","0.0",,"94","72","    1",,"    1",,,,"    1",,,,,,,
"USW00093721","BALTIMORE WASHINGTON INTERNATIONAL AIRPORT, MD US","39.17329","-76.68408","42.0","2017-07-15","0.00","0.0","0.0",,"88","67",,,,,,,,,,,,,,
"USW00093721","BALTIMORE WASHINGTON INTERNATIONAL AIRPORT, MD US","39.17329","-76.68408","42.0","2017-07-16","0.00","0.0","0.0",,"89","62",,,,,,,,,,,,,,
"USW00093721","BALTIMORE WASHINGTON INTERNATIONAL AIRPORT, MD US","39.17329","-76.68408","42.0","2017-07-17","0.02","0.0","0.0",,"89","69",,,"    1",,,,,,,,,,,
"USW00093721","BALTIMORE WASHINGTON INTERNATIONAL AIRPORT, MD US","39.17329","-76.68408","42.0","2017-07-18","0.00","0.0","0.0",,"90","70","    1",,"    1",,,,,,,,,,,
"USW00093721","BALTIMORE WASHINGTON INTERNATIONAL AIRPORT, MD US","39.17329","-76.68408","42.0","2017-07-19","0.00","0.0","0.0",,"96","71","    1",,,,,,,,,,,,,
"USW00093721","BALTIMORE WASHINGTON INTERNATIONAL AIRPORT, MD US","39.17329","-76.68408","42.0","2017-07-20","0.00","0.0","0.0",,"98","73","    1",,,,,,,,,,,,,
"USW00093721","BALTIMORE WASHINGTON INTERNATIONAL AIRPORT, MD US","39.17329","-76.68408","42.0","2017-07-21","0.00","0.0","0.0",,"93","75",,,,,,,,,,,,,,
"USW00093721","BALTIMORE WASHINGTON INTERNATIONAL AIRPORT, MD US","39.17329","-76.68408","42.0","2017-07-22","0.07","0.0","0.0",,"94","73","    1",,"    1",,,,,,,,,,,
"USW00093721","BALTIMORE WASHINGTON INTERNATIONAL AIRPORT, MD US","39.17329","-76.68408","42.0","2017-07-23","0.41","0.0","0.0",,"89","72","    1",,"    1",,,,,,,,,,,
"USW00093721","BALTIMORE WASHINGTON INTERNATIONAL AIRPORT, MD US","39.17329","-76.68408","42.0","2017-07-24","0.03","0.0","0.0",,"91","71","    1",,"    1",,,,,,,,,,,
"USW00093721","BALTIMORE WASHINGTON INTERNATIONAL AIRPORT, MD US","39.17329","-76.68408","42.0","2017-07-25","0.00","0.0","0.0",,"81","65",,,,,,,,,,,,,,
"USW00093721","BALTIMORE WASHINGTON INTERNATIONAL AIRPORT, MD US","39.17329","-76.68408","42.0","2017-07-26","0.00","0.0","0.0",,"82","62",,,,,,,,,,,,,,
"USW00093721","BALTIMORE WASHINGTON INTERNATIONAL AIRPORT, MD US","39.17329","-76.68408","42.0","2017-07-27","0.00","0.0","0.0",,"87","71",,,,,,,,,,,,,,
"USW00093721","BALTIMORE WASHINGTON INTERNATIONAL AIRPORT, MD US","39.17329","-76.68408","42.0","2017-07-28","2.58","0.0","0.0",,"79","70","    1",,"    1",,,,,,,,,,,
"USW00093721","BALTIMORE WASHINGTON INTERNATIONAL AIRPORT, MD US","39.17329","-76.68408","42.0","2017-07-29","1.36","0.0","0.0",,"75","65","    1",,,,,,,,,,,,,
"USW00093721","BALTIMORE WASHINGTON INTERNATIONAL AIRPORT, MD US","39.17329","-76.68408","42.0","2017-07-30","0.00","0.0","0.0",,"83","60",,,,,,,,,,,,,,
"USW00093721","BALTIMORE WASHINGTON INTERNATIONAL AIRPORT, MD US","39.17329","-76.68408","42.0","2017-07-31","0.00","0.0","0.0",,"89","58",,,,,,,,,,,,,,
"USW00093721","BALTIMORE WASHINGTON INTERNATIONAL AIRPORT, MD US","39.17329","-76.68408","42.0","2017-08-01","0.01","0.0","0.0",,"90","64","    1",,"    1",,,,,,,,,,,
"USW00093721","BALTIMORE WASHINGTON INTERNATIONAL AIRPORT, MD US","39.17329","-76.68408","42.0","2017-08-02","0.68","0.0","0.0",,"90","69","    1",,"    1",,,,,,,,,,,
"USW00093721","BALTIMORE WASHINGTON INTERNATIONAL AIRPORT, MD US","39.17329","-76.68408","42.0","2017-08-03","0.38","0.0","0.0",,"87","68","    1",,"    1",,,,,,,,,,,
"USW00093721","BALTIMORE WASHINGTON INTERNATIONAL AIRPORT, MD US","39.17329","-76.68408","42.0","2017-08-04","0.00","0.0","0.0",,"88","68","    1",,,,,,,,,,,,,
"USW00093721","BALTIMORE WASHINGTON INTERNATIONAL AIRPORT, MD US","39.17329","-76.68408","42.0","2017-08-05","0.00","0.0","0.0",,"78","62",,,,,,,,,,,,,,
"USW00093721","BALTIMORE WASHINGTON INTERNATIONAL AIRPORT, MD US","39.17329","-76.68408","42.0","2017-08-06","0.00","0.0","0.0",,"80","60",,,,,,,,,,,,,,
"USW00093721","BALTIMORE WASHINGTON INTERNATIONAL AIRPORT, MD US","39.17329","-76.68408","42.0","2017-08-07","0.70","0.0","0.0",,"74","66","    1",,"    1",,,,,,,,,,,
"USW00093721","BALTIMORE WASHINGTON INTERNATIONAL AIRPORT, MD US","39.17329","-76.68408","42.0","2017-08-08","0.04","0.0","0.0",,"80","62","    1",,,,,,,,,,,,,
"USW00093721","BALTIMORE WASHINGTON INTERNATIONAL AIRPORT, MD US","39.17329","-76.68408","42.0","2017-08-09","0.00","0.0","0.0",,"83","58",,,,,,,,,,,,,,
"USW00093721","BALTIMORE WASHINGTON INTERNATIONAL AIRPORT, MD US","39.17329","-76.68408","42.0","2017-08-10","0.00","0.0","0.0",,"84","59",,,,,,,,,,,,,,
"USW00093721","BALTIMORE WASHINGTON INTERNATIONAL AIRPORT, MD US","39.17329","-76.68408","42.0","2017-08-11","0.23","0.0","0.0",,"80","65","    1",,"    1",,,,,,,,,,,
"USW00093721","BALTIMORE WASHINGTON INTERNATIONAL AIRPORT, MD US","39.17329","-76.68408","42.0","2017-08-12","0.54","0.0","0.0",,"84","68","    1",,"    1",,,,,,,,,,,
"USW00093721","BALTIMORE WASHINGTON INTERNATIONAL AIRPORT, MD US","39.17329","-76.68408","42.0","2017-08-13","0.00","0.0","0.0",,"84","66",,,,,,,,,,,,,,
"USW00093721","BALTIMORE WASHINGTON INTERNATIONAL AIRPORT, MD US","39.17329","-76.68408","42.0","2017-08-14","0.00","0.0","0.0",,"78","63",,,,,,,,,,,,,,
"USW00093721","BALTIMORE WASHINGTON INTERNATIONAL AIRPORT, MD US","39.17329","-76.68408","42.0","2017-08-15","0.76","0.0","0.0",,"79","70","    1",,,,,,,,,,,,,
"USW00093721","BALTIMORE WASHINGTON INTERNATIONAL AIRPORT, MD US","39.17329","-76.68408","42.0","2017-08-16","0.00","0.0","0.0",,"89","68","    1","    1",,,,,,,,,,,,
"USW00093721","BALTIMORE WASHINGTON INTERNATIONAL AIRPORT, MD US","39.17329","-76.68408","42.0","2017-08-17","0.00","0.0","0.0",,"87","68","    1",,,,,,"    1",,,,,,,
"USW00093721","BALTIMORE WASHINGTON INTERNATIONAL AIRPORT, MD US","39.17329","-76.68408","42.0","2017-08-18","0.44","0.0","0.0",,"92","74","    1",,"    1",,,,"    1",,,,,,,
"USW00093721","BALTIMORE WASHINGTON INTERNATIONAL AIRPORT, MD US","39.17329","-76.68408","42.0","2017-08-19","0.00","0.0","0.0",,"88","68",,,,,,,,,,,,,,
"USW00093721","BALTIMORE WASHINGTON INTERNATIONAL AIRPORT, MD US","39.17329","-76.68408","42.0","2017-08-20","0.00","0.0","0.0",,"86","65",,,,,,,,,,,,,,
"USW00093721","BALTIMORE WASHINGTON INTERNATIONAL AIRPORT, MD US","39.17329","-76.68408","42.0","2017-08-21","0.02","0.0","0.0",,"89","67","    1",,"    1",,,,,,,,,,,
"USW00093721","BALTIMORE WASHINGTON INTERNATIONAL AIRPORT, MD US","39.17329","-76.68408","42.0","2017-08-22","0.00","0.0","0.0",,"92","70","    1",,,,,,,,,,,,,
"USW00093721","BALTIMORE WASHINGTON INTERNATIONAL AIRPORT, MD US","39.17329","-76.68408","42.0","2017-08-23","0.00","0.0","0.0",,"83","66",,,,,,,,,,,,,,
"USW00093721","BALTIMORE WASHINGTON INTERNATIONAL AIRPORT, MD US","39.17329","-76.68408","42.0","2017-08-24","0.00","0.0","0.0",,"82","61",,,,,,,,,,,,,,
"USW00093721","BALTIMORE WASHINGTON INTERNATIONAL AIRPORT, MD US","39.17329","-76.68408","42.0","2017-08-25","0.03","0.0","0.0",,"80","62",,,,,,,,,,,,,,
"USW00093721","BALTIMORE WASHINGTON INTERNATIONAL AIRPORT, MD US","39.17329","-76.68408","42.0","2017-08-26","0.00","0.0","0.0",,"79","59",,,,,,,,,,,,,,
"USW00093721","BALTIMORE WASHINGTON INTERNATIONAL AIRPORT, MD US","39.17329","-76.68408","42.0","2017-08-27","0.00","0.0","0.0",,"77","58",,,,,,,,,,,,,,
"USW00093721","BALTIMORE WASHINGTON INTERNATIONAL AIRPORT, MD US","39.17329","-76.68408","42.0","2017-08-28","0.00","0.0","0.0",,"77","56",,,,,,,,,,,,,,
"USW00093721","BALTIMORE WASHINGTON INTERNATIONAL AIRPORT, MD US","39.17329","-76.68408","42.0","2017-08-29","0.76","0.0","0.0",,"68","62","    1",,,,,,,,,,,,,
"USW00093721","BALTIMORE WASHINGTON INTERNATIONAL AIRPORT, MD US","39.17329","-76.68408","42.0","2017-08-30","0.00","0.0","0.0",,"78","57",,,,,,,,,,,,,,
"USW00093721","BALTIMORE WASHINGTON INTERNATIONAL AIRPORT, MD US","39.17329","-76.68408","42.0","2017-08-31","0.01","0.0","0.0",,"83","61",,,,,,,,,,,,,,
"USW00093721","BALTIMORE WASHINGTON INTERNATIONAL AIRPORT, MD US","39.17329","-76.68408","42.0","2017-09-01","0.00","0.0","0.0",,"70","59",,,,,,,,,,,,,,
"USW00093721","BALTIMORE WASHINGTON INTERNATIONAL AIRPORT, MD US","39.17329","-76.68408","42.0","2017-09-02","0.69","0.0","0.0",,"63","58","    1",,,,,,,,,,,,,
"USW00093721","BALTIMORE WASHINGTON INTERNATIONAL AIRPORT, MD US","39.17329","-76.68408","42.0","2017-09-03","0.01","0.0","0.0",,"77","57","    1",,,,,,,,,,,,,
"USW00093721","BALTIMORE WASHINGTON INTERNATIONAL AIRPORT, MD US","39.17329","-76.68408","42.0","2017-09-04","0.00","0.0","0.0",,"82","55",,,,,,,,,,,,,,
"USW00093721","BALTIMORE WASHINGTON INTERNATIONAL AIRPORT, MD US","39.17329","-76.68408","42.0","2017-09-05","0.64","0.0","0.0",,"88","67","    1",,"    1",,,,,,,,,,,
"USW00093721","BALTIMORE WASHINGTON INTERNATIONAL AIRPORT, MD US","39.17329","-76.68408","42.0","2017-09-06","0.48","0.0","0.0",,"68","59","    1",,"    1",,,,,,,,,,,
"USW00093721","BALTIMORE WASHINGTON INTERNATIONAL AIRPORT, MD US","39.17329","-76.68408","42.0","2017-09-07","0.00","0.0","0.0",,"72","54","    1",,,,,,,,,,,,,
"USW00093721","BALTIMORE WASHINGTON INTERNATIONAL AIRPORT, MD US","39.17329","-76.68408","42.0","2017-09-08","0.00","0.0","0.0",,"75","49",,,,,,,,,,,,,,
"USW00093721","BALTIMORE WASHINGTON INTERNATIONAL AIRPORT, MD US","39.17329","-76.68408","42.0","2017-09-09","0.00","0.0","0.0",,"71","50",,,,,,,,,,,,,,
"USW00093721","BALTIMORE WASHINGTON INTERNATIONAL AIRPORT, MD US","39.17329","-76.68408","42.0","2017-09-10","0.00","0.0","0.0",,"74","52",,,,,,,,,,,,,,
"USW00093721","BALTIMORE WASHINGTON INTERNATIONAL AIRPORT, MD US","39.17329","-76.68408","42.0","2017-09-11","0.00","0.0","0.0",,"73","50",,,,,,,,,,,,,,
"USW00093721","BALTIMORE WASHINGTON INTERNATIONAL AIRPORT, MD US","39.17329","-76.68408","42.0","2017-09-12","0.00","0.0","0.0",,"77","57",,,,,,,,,,,,,,
"USW00093721","BALTIMORE WASHINGTON INTERNATIONAL AIRPORT, MD US","39.17329","-76.68408","42.0","2017-09-13","0.10","0.0","0.0",,"79","63","    1",,,,,,,,,,,,,
"USW00093721","BALTIMORE WASHINGTON INTERNATIONAL AIRPORT, MD US","39.17329","-76.68408","42.0","2017-09-14","0.01","0.0","0.0",,"81","64","    1",,,,,,,,,,,,,
"USW00093721","BALTIMORE WASHINGTON INTERNATIONAL AIRPORT, MD US","39.17329","-76.68408","42.0","2017-09-15","0.00","0.0","0.0",,"83","61",,,,,,,,,,,,,,
"USW00093721","BALTIMORE WASHINGTON INTERNATIONAL AIRPORT, MD US","39.17329","-76.68408","42.0","2017-09-16","0.00","0.0","0.0",,"84","62",,,,,,,,,,,,,,
"USW00093721","BALTIMORE WASHINGTON INTERNATIONAL AIRPORT, MD US","39.17329","-76.68408","42.0","2017-09-17","0.00","0.0","0.0",,"81","63","    1",,,,,,,,,,,,,
"USW00093721","BALTIMORE WASHINGTON INTERNATIONAL AIRPORT, MD US","39.17329","-76.68408","42.0","2017-09-18","0.02","0.0","0.0",,"74","64","    1",,,,,,"    1",,,,,,,
"USW00093721","BALTIMORE WASHINGTON INTERNATIONAL AIRPORT, MD US","39.17329","-76.68408","42.0","2017-09-19","0.00","0.0","0.0",,"83","67",,,,,,,,,,,,,,
"USW00093721","BALTIMORE WASHINGTON INTERNATIONAL AIRPORT, MD US","39.17329","-76.68408","42.0","2017-09-20","0.00","0.0","0.0",,"87","64",,,,,,,,,,,,,,
"USW00093721","BALTIMORE WASHINGTON INTERNATIONAL AIRPORT, MD US","39.17329","-76.68408","42.0","2017-09-21","0.00","0.0","0.0",,"88","61",,,,,,,,,,,,,,
"USW00093721","BALTIMORE WASHINGTON INTERNATIONAL AIRPORT, MD US","39.17329","-76.68408","42.0","2017-09-22","0.00","0.0","0.0",,"82","62",,,,,,,,,,,,,,
"USW00093721","BALTIMORE WASHINGTON INTERNATIONAL AIRPORT, MD US","39.17329","-76.68408","42.0","2017-09-23","0.00","0.0","0.0",,"89","57",,,,,,,,,,,,,,
"USW00093721","BALTIMORE WASHINGTON INTERNATIONAL AIRPORT, MD US","39.17329","-76.68408","42.0","2017-09-24","0.00","0.0","0.0",,"90","61",,,,,,,,,,,,,,
"USW00093721","BALTIMORE WASHINGTON INTERNATIONAL AIRPORT, MD US","39.17329","-76.68408","42.0","2017-09-25","0.00","0.0","0.0",,"89","64",,,,,,,,,,,,,,
"USW00093721","BALTIMORE WASHINGTON INTERNATIONAL AIRPORT, MD US","39.17329","-76.68408","42.0","2017-09-26","0.00","0.0","0.0",,"83","65",,,,,,,,,,,,,,
"USW00093721","BALTIMORE WASHINGTON INTERNATIONAL AIRPORT, MD US","39.17329","-76.68408","42.0","2017-09-27","0.00","0.0","0.0",,"90","67",,,,,,,,,,,,,,
"USW00093721","BALTIMORE WASHINGTON INTERNATIONAL AIRPORT, MD US","39.17329","-76.68408","42.0","2017-09-28","0.00","0.0","0.0",,"80","61",,,,,,,,,,,,,,
"USW00093721","BALTIMORE WASHINGTON INTERNATIONAL AIRPORT, MD US","39.17329","-76.68408","42.0","2017-09-29","0.00","0.0","0.0",,"73","49",,,,,,,,,,,,,,
"USW00093721","BALTIMORE WASHINGTON INTERNATIONAL AIRPORT, MD US","39.17329","-76.68408","42.0","2017-09-30","0.00","0.0","0.0",,"66","53",,,,,,,,,,,,,,
"USW00093721","BALTIMORE WASHINGTON INTERNATIONAL AIRPORT, MD US","39.17329","-76.68408","42.0","2017-10-01","0.00","0.0","0.0",,"69","44",,,,,,,,,,,,,,
"USW00093721","BALTIMORE WASHINGTON INTERNATIONAL AIRPORT, MD US","39.17329","-76.68408","42.0","2017-10-02","0.00","0.0","0.0",,"75","43",,,,,,,,,,,,,,
"USW00093721","BALTIMORE WASHINGTON INTERNATIONAL AIRPORT, MD US","39.17329","-76.68408","42.0","2017-10-03","0.00","0.0","0.0",,"73","46",,,,,,,,,,,,,,
"USW00093721","BALTIMORE WASHINGTON INTERNATIONAL AIRPORT, MD US","39.17329","-76.68408","42.0","2017-10-04","0.00","0.0","0.0",,"78","48","    1",,,,,,,,,,,,,
"USW00093721","BALTIMORE WASHINGTON INTERNATIONAL AIRPORT, MD US","39.17329","-76.68408","42.0","2017-10-05","0.00","0.0","0.0",,"84","52","    1",,,,,,,,,,,,,
"USW00093721","BALTIMORE WASHINGTON INTERNATIONAL AIRPORT, MD US","39.17329","-76.68408","42.0","2017-10-06","0.00","0.0","0.0",,"84","59",,,,,,,,,,,,,,
"USW00093721","BALTIMORE WASHINGTON INTERNATIONAL AIRPORT, MD US","39.17329","-76.68408","42.0","2017-10-07","0.00","0.0","0.0",,"84","58","    1",,,,,,,,,,,,,
"USW00093721","BALTIMORE WASHINGTON INTERNATIONAL AIRPORT, MD US","39.17329","-76.68408","42.0","2017-10-08","0.02","0.0","0.0",,"84","74",,,,,,,,,,,,,,
"USW00093721","BALTIMORE WASHINGTON INTERNATIONAL AIRPORT, MD US","39.17329","-76.68408","42.0","2017-10-09","0.63","0.0","0.0",,"86","72","    1",,,,,,,,,,,,,
"USW00093721","BALTIMORE WASHINGTON INTERNATIONAL AIRPORT, MD US","39.17329","-76.68408","42.0","2017-10-10","0.00","0.0","0.0",,"86","67",,,,,,,,,,,,,,
"USW00093721","BALTIMORE WASHINGTON INTERNATIONAL AIRPORT, MD US","39.17329","-76.68408","42.0","2017-10-11","0.36","0.0","0.0",,"73","65","    1",,,,,,,,,,,,,
"USW00093721","BALTIMORE WASHINGTON INTERNATIONAL AIRPORT, MD US","39.17329","-76.68408","42.0","2017-10-12","0.30","0.0","0.0",,"65","59","    1",,,,,,,,,,,,,
"USW00093721","BALTIMORE WASHINGTON INTERNATIONAL AIRPORT, MD US","39.17329","-76.68408","42.0","2017-10-13","0.01","0.0","0.0",,"64","59","    1",,,,,,,,,,,,,
"USW00093721","BALTIMORE WASHINGTON INTERNATIONAL AIRPORT, MD US","39.17329","-76.68408","42.0","2017-10-14","0.00","0.0","0.0",,"70","60","    1",,,,,,,,,,,,,
"USW00093721","BALTIMORE WASHINGTON INTERNATIONAL AIRPORT, MD US","39.17329","-76.68408","42.0","2017-10-15","0.00","0.0","0.0",,"76","63","    1",,,,,,,,,,,,,
"USW00093721","BALTIMORE WASHINGTON INTERNATIONAL AIRPORT, MD US","39.17329","-76.68408","42.0","2017-10-16","0.10","0.0","0.0",,"71","46","    1",,,,,,"    1",,,,,,,
"USW00093721","BALTIMORE WASHINGTON INTERNATIONAL AIRPORT, MD US","39.17329","-76.68408","42.0","2017-10-17","0.00","0.0","0.0",,"63","38",,,,,,,,,,,,,,
"USW00093721","BALTIMORE WASHINGTON INTERNATIONAL AIRPORT, MD US","39.17329","-76.68408","42.0","2017-10-18","0.00","0.0","0.0",,"71","39",,,,,,,,,,,,,,
"USW00093721","BALTIMORE WASHINGTON INTERNATIONAL AIRPORT, MD US","39.17329","-76.68408","42.0","2017-10-19","0.00","0.0","0.0",,"73","40",,,,,,,,,,,,,,
"USW00093721","BALTIMORE WASHINGTON INTERNATIONAL AIRPORT, MD US","39.17329","-76.68408","42.0","2017-10-20","0.00","0.0","0.0",,"76","49",,,,,,,,,,,,,,
"USW00093721","BALTIMORE WASHINGTON INTERNATIONAL AIRPORT, MD US","39.17329","-76.68408","42.0","2017-10-21","0.00","0.0","0.0",,"76","44",,,,,,,,,,,,,,
"USW00093721","BALTIMORE WASHINGTON INTERNATIONAL AIRPORT, MD US","39.17329","-76.68408","42.0","2017-10-22","0.00","0.0","0.0",,"74","44",,,,,,,,,,,,,,
"USW00093721","BALTIMORE WASHINGTON INTERNATIONAL AIRPORT, MD US","39.17329","-76.68408","42.0","2017-10-23","0.05","0.0","0.0",,"76","53","    1",,,,,,,,,,,,,
"USW00093721","BALTIMORE WASHINGTON INTERNATIONAL AIRPORT, MD US","39.17329","-76.68408","42.0","2017-10-24","0.08","0.0","0.0",,"73","53","    1",,,,,,,,,,,,,
"USW00093721","BALTIMORE WASHINGTON INTERNATIONAL AIRPORT, MD US","39.17329","-76.68408","42.0","2017-10-25","0.00","0.0","0.0",,"64","46",,,,,,,,,,,,,,
"USW00093721","BALTIMORE WASHINGTON INTERNATIONAL AIRPORT, MD US","39.17329","-76.68408","42.0","2017-10-26","0.00","0.0","0.0",,"59","40",,,,,,,,,,,,,,
"USW00093721","BALTIMORE WASHINGTON INTERNATIONAL AIRPORT, MD US","39.17329","-76.68408","42.0","2017-10-27","0.00","0.0","0.0",,"68","35",,,,,,,,,,,,,,
"USW00093721","BALTIMORE WASHINGTON INTERNATIONAL AIRPORT, MD US","39.17329","-76.68408","42.0","2017-10-28","0.00","0.0","0.0",,"71","44",,,,,,,,,,,,,,
"USW00093721","BALTIMORE WASHINGTON INTERNATIONAL AIRPORT, MD US","39.17329","-76.68408","42.0","2017-10-29","1.31","0.0","0.0",,"67","46","    1",,,,,,,,,,,,,
"USW00093721","BALTIMORE WASHINGTON INTERNATIONAL AIRPORT, MD US","39.17329","-76.68408","42.0","2017-10-30","0.13","0.0","0.0",,"57","44","    1",,,,,,,,,,,,,
"USW00093721","BALTIMORE WASHINGTON INTERNATIONAL AIRPORT, MD US","39.17329","-76.68408","42.0","2017-10-31","0.00","0.0","0.0",,"60","37",,,,,,,,,,,,,,
"USW00093721","BALTIMORE WASHINGTON INTERNATIONAL AIRPORT, MD US","39.17329","-76.68408","42.0","2017-11-01","0.00","0.0","0.0",,"60","43",,,,,,,,,,,,,,
"USW00093721","BALTIMORE WASHINGTON INTERNATIONAL AIRPORT, MD US","39.17329","-76.68408","42.0","2017-11-02","0.00","0.0","0.0",,"76","49",,,,,,,,,,,,,,
"USW00093721","BALTIMORE WASHINGTON INTERNATIONAL AIRPORT, MD US","39.17329","-76.68408","42.0","2017-11-03","0.00","0.0","0.0",,"77","49","    1",,,,,,"    1",,,,,,,
"USW00093721","BALTIMORE WASHINGTON INTERNATIONAL AIRPORT, MD US","39.17329","-76.68408","42.0","2017-11-04","0.46","0.0","0.0",,"57","47","    1",,,,,,,,,,,,,
"USW00093721","BALTIMORE WASHINGTON INTERNATIONAL AIRPORT, MD US","39.17329","-76.68408","42.0","2017-11-05","0.22","0.0","0.0",,"61","52","    1",,,,,,,,,,,,,
"USW00093721","BALTIMORE WASHINGTON INTERNATIONAL AIRPORT, MD US","39.17329","-76.68408","42.0","2017-11-06","0.00","0.0","0.0",,"72","51","    1",,,,,,,,,,,,,
"USW00093721","BALTIMORE WASHINGTON INTERNATIONAL AIRPORT, MD US","39.17329","-76.68408","42.0","2017-11-07","1.11","0.0","0.0",,"51","40","    1",,,,,,,,,,,,,
"USW00093721","BALTIMORE WASHINGTON INTERNATIONAL AIRPORT, MD US","39.17329","-76.68408","42.0","2017-11-08","0.00","0.0","0.0",,"49","40","    1",,,,,,,,,,,,,
"USW00093721","BALTIMORE WASHINGTON INTERNATIONAL AIRPORT, MD US","39.17329","-76.68408","42.0","2017-11-09","0.04","0.0","0.0",,"56","39","    1",,,,,,"    1",,,,,,,
"USW00093721","BALTIMORE WASHINGTON INTERNATIONAL AIRPORT, MD US","39.17329","-76.68408","42.0","2017-11-10","0.00","0.0","0.0",,"46","28","    1",,,,,,"    1",,,,,,,
"USW00093721","BALTIMORE WASHINGTON INTERNATIONAL AIRPORT, MD US","39.17329","-76.68408","42.0","2017-11-11","0.00","0.0","0.0",,"39","21",,,,,,,,,,,,,,
"USW00093721","BALTIMORE WASHINGTON INTERNATIONAL AIRPORT, MD US","39.17329","-76.68408","42.0","2017-11-12","0.00","0.0","0.0",,"46","25",,,,,,,,,,,,,,
"USW00093721","BALTIMORE WASHINGTON INTERNATIONAL AIRPORT, MD US","39.17329","-76.68408","42.0","2017-11-13","0.12","0.0","0.0",,"50","33","    1",,,,,,,,,,,,,
"USW00093721","BALTIMORE WASHINGTON INTERNATIONAL AIRPORT, MD US","39.17329","-76.68408","42.0","2017-11-14","0.00","0.0","0.0",,"50","32","    1",,,,,,,,,,,,,
"USW00093721","BALTIMORE WASHINGTON INTERNATIONAL AIRPORT, MD US","39.17329","-76.68408","42.0","2017-11-15","0.00","0.0","0.0",,"52","29","    1",,,,,,,,,,,,,
"USW00093721","BALTIMORE WASHINGTON INTERNATIONAL AIRPORT, MD US","39.17329","-76.68408","42.0","2017-11-16","0.01","0.0","0.0",,"60","42",,,,,,,,,,,,,,
"USW00093721","BALTIMORE WASHINGTON INTERNATIONAL AIRPORT, MD US","39.17329","-76.68408","42.0","2017-11-17","0.00","0.0","0.0",,"53","32",,,,,,,,,,,,,,
"USW00093721","BALTIMORE WASHINGTON INTERNATIONAL AIRPORT, MD US","39.17329","-76.68408","42.0","2017-11-18","0.00","0.0","0.0",,"63","30",,,,,,,,,,,,,,
"USW00093721","BALTIMORE WASHINGTON INTERNATIONAL AIRPORT, MD US","39.17329","-76.68408","42.0","2017-11-19","0.16","0.0","0.0",,"63","39","    1",,,,,,,,,,,,,
"USW00093721","BALTIMORE WASHINGTON INTERNATIONAL AIRPORT, MD US","39.17329","-76.68408","42.0","2017-11-20","0.00","0.0","0.0",,"50","34",,,,,,,,,,,,,,
"USW00093721","BALTIMORE WASHINGTON INTERNATIONAL AIRPORT, MD US","39.17329","-76.68408","42.0","2017-11-21","0.00","0.0","0.0",,"61","29",,,,,,,,,,,,,,
"USW00093721","BALTIMORE WASHINGTON INTERNATIONAL AIRPORT, MD US","39.17329","-76.68408","42.0","2017-11-22","0.01","0.0","0.0",,"57","31",,,,,,,,,,,,,,
"USW00093721","BALTIMORE WASHINGTON INTERNATIONAL AIRPORT, MD US","39.17329","-76.68408","42.0","2017-11-23","0.00","0.0","0.0",,"44","27",,,,,,,,,,,,,,
"USW00093721","BALTIMORE WASHINGTON INTERNATIONAL AIRPORT, MD US","39.17329","-76.68408","42.0","2017-11-24","0.00","0.0","0.0",,"54","25",,,,,,,,,,,,,,
"USW00093721","BALTIMORE WASHINGTON INTERNATIONAL AIRPORT, MD US","39.17329","-76.68408","42.0","2017-11-25","0.00","0.0","0.0",,"62","28",,,,,,,,,,,,,,
"USW00093721","BALTIMORE WASHINGTON INTERNATIONAL AIRPORT, MD US","39.17329","-76.68408","42.0","2017-11-26","0.00","0.0","0.0",,"52","33",,,,,,,,,,,,,,
"USW00093721","BALTIMORE WASHINGTON INTERNATIONAL AIRPORT, MD US","39.17329","-76.68408","42.0","2017-11-27","0.00","0.0","0.0",,"58","36",,,,,,,,,,,,,,
"USW00093721","BALTIMORE WASHINGTON INTERNATIONAL AIRPORT, MD US","39.17329","-76.68408","42.0","2017-11-28","0.00","0.0","0.0",,"63","32",,,,,,,,,,,,,,
"USW00093721","BALTIMORE WASHINGTON INTERNATIONAL AIRPORT, MD US","39.17329","-76.68408","42.0","2017-11-29","0.00","0.0","0.0",,"67","36",,,,,,,,,,,,,,
"USW00093721","BALTIMORE WASHINGTON INTERNATIONAL AIRPORT, MD US","39.17329","-76.68408","42.0","2017-11-30","0.02","0.0","0.0",,"56","34","    1",,,,,,,,,,,,,
"USW00093721","BALTIMORE WASHINGTON INTERNATIONAL AIRPORT, MD US","39.17329","-76.68408","42.0","2017-12-01","0.00","0.0","0.0",,"55","31","    1","    1",,,,,,,,,,,,
"USW00093721","BALTIMORE WASHINGTON INTERNATIONAL AIRPORT, MD US","39.17329","-76.68408","42.0","2017-12-02","0.00","0.0","0.0",,"50","27","    1",,,,,,,,,,,,,
"USW00093721","BALTIMORE WASHINGTON INTERNATIONAL AIRPORT, MD US","39.17329","-76.68408","42.0","2017-12-03","0.03","0.0","0.0",,"56","30","    1",,,,,,"    1",,,,,,,
"USW00093721","BALTIMORE WASHINGTON INTERNATIONAL AIRPORT, MD US","39.17329","-76.68408","42.0","2017-12-04","0.00","0.0","0.0",,"53","28","    1",,,,,,"    1",,,,,,,
"USW00093721","BALTIMORE WASHINGTON INTERNATIONAL AIRPORT, MD US","39.17329","-76.68408","42.0","2017-12-05","0.14","0.0","0.0",,"61","35","    1",,,,,,,,,,,,,
"USW00093721","BALTIMORE WASHINGTON INTERNATIONAL AIRPORT, MD US","39.17329","-76.68408","42.0","2017-12-06","0.00","0.0","0.0",,"56","37",,,,,,,,,,,,,,
"USW00093721","BALTIMORE WASHINGTON INTERNATIONAL AIRPORT, MD US","39.17329","-76.68408","42.0","2017-12-07","0.00","0.0","0.0",,"49","32",,,,,,,,,,,,,,
"USW00093721","BALTIMORE WASHINGTON INTERNATIONAL AIRPORT, MD US","39.17329","-76.68408","42.0","2017-12-08","0.00","0.0","0.0",,"40","34",,,,,,,,,,,,,,
"USW00093721","BALTIMORE WASHINGTON INTERNATIONAL AIRPORT, MD US","39.17329","-76.68408","42.0","2017-12-09","0.25","2.8","0.0",,"37","27","    1",,,,,,,,,,,,,
"USW00093721","BALTIMORE WASHINGTON INTERNATIONAL AIRPORT, MD US","39.17329","-76.68408","42.0","2017-12-10","0.00","0.0","2.0",,"39","26","    1",,,,,,,,,,,,,
"USW00093721","BALTIMORE WASHINGTON INTERNATIONAL AIRPORT, MD US","39.17329","-76.68408","42.0","2017-12-11","0.00","0.0","1.2",,"47","34",,,,,,,,,,,,,,
"USW00093721","BALTIMORE WASHINGTON INTERNATIONAL AIRPORT, MD US","39.17329","-76.68408","42.0","2017-12-12","0.00","0.0","0.0",,"47","23",,,,,,,,,,,,,,
"USW00093721","BALTIMORE WASHINGTON INTERNATIONAL AIRPORT, MD US","39.17329","-76.68408","42.0","2017-12-13","0.01","0.3","0.0",,"32","20","    1",,,,,,,,,,,,,
"USW00093721","BALTIMORE WASHINGTON INTERNATIONAL AIRPORT, MD US","39.17329","-76.68408","42.0","2017-12-14","0.00","0.0","0.0",,"41","28",,,,,,,,,,,,,,
"USW00093721","BALTIMORE WASHINGTON INTERNATIONAL AIRPORT, MD US","39.17329","-76.68408","42.0","2017-12-15","0.10","0.7","0.0",,"29","19","    1",,,,,,,,,,,,,
"USW00093721","BALTIMORE WASHINGTON INTERNATIONAL AIRPORT, MD US","39.17329","-76.68408","42.0","2017-12-16","0.00","0.0","1.2",,"46","18","    1",,,,,,,,,,,,,
"USW00093721","BALTIMORE WASHINGTON INTERNATIONAL AIRPORT, MD US","39.17329","-76.68408","42.0","2017-12-17","0.00","0.0","0.0",,"49","25",,,,,,,,,,,,,,
"USW00093721","BALTIMORE WASHINGTON INTERNATIONAL AIRPORT, MD US","39.17329","-76.68408","42.0","2017-12-18","0.00","0.0","0.0",,"56","34","    1",,,,,,"    1",,,,,,,
"USW00093721","BALTIMORE WASHINGTON INTERNATIONAL AIRPORT, MD US","39.17329","-76.68408","42.0","2017-12-19","0.00","0.0","0.0",,"60","39",,,,,,,,,,,,,,
"USW00093721","BALTIMORE WASHINGTON INTERNATIONAL AIRPORT, MD US","39.17329","-76.68408","42.0","2017-12-20","0.00","0.0","0.0",,"54","28",,,,,,,,,,,,,,
"USW00093721","BALTIMORE WASHINGTON INTERNATIONAL AIRPORT, MD US","39.17329","-76.68408","42.0","2017-12-21","0.00","0.0","0.0",,"45","24",,,,,,,,,,,,,,
"USW00093721","BALTIMORE WASHINGTON INTERNATIONAL AIRPORT, MD US","39.17329","-76.68408","42.0","2017-12-22","0.00","0.0","0.0",,"53","28",,,,,,,,,,,,,,
"USW00093721","BALTIMORE WASHINGTON INTERNATIONAL AIRPORT, MD US","39.17329","-76.68408","42.0","2017-12-23","0.35","0.0","0.0",,"64","43","    1",,,,,,,,,,,,,
"USW00093721","BALTIMORE WASHINGTON INTERNATIONAL AIRPORT, MD US","39.17329","-76.68408","42.0","2017-12-24","0.01","0.0","0.0",,"45","36","    1",,,,,,"    1",,,,,,,
"USW00093721","BALTIMORE WASHINGTON INTERNATIONAL AIRPORT, MD US","39.17329","-76.68408","42.0","2017-12-25","0.00","0.0","0.0",,"38","28","    1",,,,,,,,,,,,,
"USW00093721","BALTIMORE WASHINGTON INTERNATIONAL AIRPORT, MD US","39.17329","-76.68408","42.0","2017-12-26","0.00","0.0","0.0",,"35","26",,,,,,,,,,,,,,
"USW00093721","BALTIMORE WASHINGTON INTERNATIONAL AIRPORT, MD US","39.17329","-76.68408","42.0","2017-12-27","0.00","0.0","0.0",,"31","16",,,,,,,,,,,,,,
"USW00093721","BALTIMORE WASHINGTON INTERNATIONAL AIRPORT, MD US","39.17329","-76.68408","42.0","2017-12-28","0.00","0.0","0.0",,"24","10",,,,,,,,,,,,,,
"USW00093721","BALTIMORE WASHINGTON INTERNATIONAL AIRPORT, MD US","39.17329","-76.68408","42.0","2017-12-29","0.00","0.0","0.0",,"29","10",,,,,,,,,,,,,,
"USW00093721","BALTIMORE WASHINGTON INTERNATIONAL AIRPORT, MD US","39.17329","-76.68408","42.0","2017-12-30","0.06","0.5","1.2",,"33","19","    1",,,,,,"    1",,,,,,,
"USW00093721","BALTIMORE WASHINGTON INTERNATIONAL AIRPORT, MD US","39.17329","-76.68408","42.0","2017-12-31","0.00","0.0","0.0",,"21","8",,,,,,,,,,,,,,
"USW00093721","BALTIMORE WASHINGTON INTERNATIONAL AIRPORT, MD US","39.17329","-76.68408","42.0","2018-01-01","0.00","0.0","0.0",,"23","3",,,,,,,,,,,,,,
"USW00093721","BALTIMORE WASHINGTON INTERNATIONAL AIRPORT, MD US","39.17329","-76.68408","42.0","2018-01-02","0.00","0.0","0.0",,"24","11",,,,,,,,,,,,,,
"USW00093721","BALTIMORE WASHINGTON INTERNATIONAL AIRPORT, MD US","39.17329","-76.68408","42.0","2018-01-03","0.00","0.0","0.0",,"30","5",,,,,,,,,,,,,,
"USW00093721","BALTIMORE WASHINGTON INTERNATIONAL AIRPORT, MD US","39.17329","-76.68408","42.0","2018-01-04","0.10","0.9","1.2",,"26","14","    1",,,,,,"    1","    1",,,,,,
"USW00093721","BALTIMORE WASHINGTON INTERNATIONAL AIRPORT, MD US","39.17329","-76.68408","42.0","2018-01-05","0.00","0.0","1.2",,"19","10",,,,,,,,,,,,,,
"USW00093721","BALTIMORE WASHINGTON INTERNATIONAL AIRPORT, MD US","39.17329","-76.68408","42.0","2018-01-06","0.00","0.0","0.0",,"18","7",,,,,,,,,,,,,,
"USW00093721","BALTIMORE WASHINGTON INTERNATIONAL AIRPORT, MD US","39.17329","-76.68408","42.0","2018-01-07","0.00","0.0","0.0",,"22","1",,,,,,,,,,,,,,
"USW00093721","BALTIMORE WASHINGTON INTERNATIONAL AIRPORT, MD US","39.17329","-76.68408","42.0","2018-01-08","0.06","0.0","0.0",,"35","13","    1",,,"    1",,"    1","    1",,,,,,,
"USW00093721","BALTIMORE WASHINGTON INTERNATIONAL AIRPORT, MD US","39.17329","-76.68408","42.0","2018-01-09","0.00","0.0","0.0",,"49","22","    1",,,,,,,,,,,,,
"USW00093721","BALTIMORE WASHINGTON INTERNATIONAL AIRPORT, MD US","39.17329","-76.68408","42.0","2018-01-10","0.00","0.0","0.0",,"42","21",,,,,,,,,,,,,,
"USW00093721","BALTIMORE WASHINGTON INTERNATIONAL AIRPORT, MD US","39.17329","-76.68408","42.0","2018-01-11","0.00","0.0","0.0",,"62","40",,,,,,,"    1",,,,,,,
"USW00093721","BALTIMORE WASHINGTON INTERNATIONAL AIRPORT, MD US","39.17329","-76.68408","42.0","2018-01-12","0.40","0.0","0.0",,"63","53","    1",,,,,,,,,,,,,
"USW00093721","BALTIMORE WASHINGTON INTERNATIONAL AIRPORT, MD US","39.17329","-76.68408","42.0","2018-01-13","0.08","0.0","0.0",,"57","20","    1",,,,,,,,,,,,,
"USW00093721","BALTIMORE WASHINGTON INTERNATIONAL AIRPORT, MD US","39.17329","-76.68408","42.0","2018-01-14","0.00","0.0","0.0",,"27","14",,,,,,,,,,,,,,
"USW00093721","BALTIMORE WASHINGTON INTERNATIONAL AIRPORT, MD US","39.17329","-76.68408","42.0","2018-01-15","0.00","0.0","0.0",,"29","13",,,,,,,,,,,,,,
"USW00093721","BALTIMORE WASHINGTON INTERNATIONAL AIRPORT, MD US","39.17329","-76.68408","42.0","2018-01-16","0.00","0.0","0.0",,"40","28","    1",,,,,"    1","    1",,,,,,,
"USW00093721","BALTIMORE WASHINGTON INTERNATIONAL AIRPORT, MD US","39.17329","-76.68408","42.0","2018-01-17","0.13","1.3","1.2",,"34","18","    1",,,,,,"    1",,,,,,,
"USW00093721","BALTIMORE WASHINGTON INTERNATIONAL AIRPORT, MD US","39.17329","-76.68408","42.0","2018-01-18","0.00","0.0","1.2",,"42","11",,,,,,,,,,,,,,
"USW00093721","BALTIMORE WASHINGTON INTERNATIONAL AIRPORT, MD US","39.17329","-76.68408","42.0","2018-01-19","0.00","0.0","0.0",,"52","20",,,,,,,,,,,,,,
"USW00093721","BALTIMORE WASHINGTON INTERNATIONAL AIRPORT, MD US","39.17329","-76.68408","42.0","2018-01-20","0.00","0.0","0.0",,"60","24",,,,,,,,,,,,,,
"USW00093721","BALTIMORE WASHINGTON INTERNATIONAL AIRPORT, MD US","39.17329","-76.68408","42.0","2018-01-21","0.00","0.0","0.0",,"57","29",,,,,,,,,,,,,,
"USW00093721","BALTIMORE WASHINGTON INTERNATIONAL AIRPORT, MD US","39.17329","-76.68408","42.0","2018-01-22","0.00","0.0","0.0",,"62","42",,,,,,,"    1",,,,,,,
"USW00093721","BALTIMORE WASHINGTON INTERNATIONAL AIRPORT, MD US","39.17329","-76.68408","42.0","2018-01-23","0.10","0.0","0.0",,"64","43","    1",,,,,,,,,,,,,
"USW00093721","BALTIMORE WASHINGTON INTERNATIONAL AIRPORT, MD US","39.17329","-76.68408","42.0","2018-01-24","0.00","0.0","0.0",,"44","30",,,,,,,,,,,,,,
"USW00093721","BALTIMORE WASHINGTON INTERNATIONAL AIRPORT, MD US","39.17329","-76.68408","42.0","2018-01-25","0.00","0.0","0.0",,"39","22",,,,,,,,,,,,,,
"USW00093721","BALTIMORE WASHINGTON INTERNATIONAL AIRPORT, MD US","39.17329","-76.68408","42.0","2018-01-26","0.00","0.0","0.0",,"42","19",,,,,,,,,,,,,,
"USW00093721","BALTIMORE WASHINGTON INTERNATIONAL AIRPORT, MD US","39.17329","-76.68408","42.0","2018-01-27","0.00","0.0","0.0",,"62","23",,,,,,,,,,,,,,
"USW00093721","BALTIMORE WASHINGTON INTERNATIONAL AIRPORT, MD US","39.17329","-76.68408","42.0","2018-01-28","0.11","0.0","0.0",,"57","47","    1",,,,,,,,,,,,,
"USW00093721","BALTIMORE WASHINGTON INTERNATIONAL AIRPORT, MD US","39.17329","-76.68408","42.0","2018-01-29","0.00","0.0","0.0",,"47","40",,,,,,,,,,,,,,
"USW00093721","BALTIMORE WASHINGTON INTERNATIONAL AIRPORT, MD US","39.17329","-76.68408","42.0","2018-01-30","0.02","0.0","0.0",,"40","21","    1",,,,,,,,,,,,,
"USW00093721","BALTIMORE WASHINGTON INTERNATIONAL AIRPORT, MD US","39.17329","-76.68408","42.0","2018-01-31","0.00","0.0","0.0",,"38","16",,,,,,,,,,,,,,
"USW00093721","BALTIMORE WASHINGTON INTERNATIONAL AIRPORT, MD US","39.17329","-76.68408","42.0","2018-02-01","0.00","0.0","0.0",,"52","37",,,,,,,,,,,,,,
"USW00093721","BALTIMORE WASHINGTON INTERNATIONAL AIRPORT, MD US","39.17329","-76.68408","42.0","2018-02-02","0.04","0.0","0.0",,"41","16","    1",,,,,,,,,,,,,
"USW00093721","BALTIMORE WASHINGTON INTERNATIONAL AIRPORT, MD US","39.17329","-76.68408","42.0","2018-02-03","0.00","0.0","0.0",,"34","12",,,,,,,,,,,,,,
"USW00093721","BALTIMORE WASHINGTON INTERNATIONAL AIRPORT, MD US","39.17329","-76.68408","42.0","2018-02-04","1.19","0.0","0.0",,"34","30","    1",,,"    1",,"    1",,,,,,,,
"USW00093721","BALTIMORE WASHINGTON INTERNATIONAL AIRPORT, MD US","39.17329","-76.68408","42.0","2018-02-05","0.00","0.0","0.0",,"36","22","    1",,,,,,,,,,,,,
"USW00093721","BALTIMORE WASHINGTON INTERNATIONAL AIRPORT, MD US","39.17329","-76.68408","42.0","2018-02-06","0.00","0.0","0.0",,"40","22",,,,,,,,,,,,,,
"USW00093721","BALTIMORE WASHINGTON INTERNATIONAL AIRPORT, MD US","39.17329","-76.68408","42.0","2018-02-07","0.43","0.0","0.0",,"39","26","    1",,,,,"    1",,,,,,,,
"USW00093721","BALTIMORE WASHINGTON INTERNATIONAL AIRPORT, MD US","39.17329","-76.68408","42.0","2018-02-08","0.00","0.0","0.0",,"35","20",,,,,,,,,,,,,,
"USW00093721","BALTIMORE WASHINGTON INTERNATIONAL AIRPORT, MD US","39.17329","-76.68408","42.0","2018-02-09","0.00","0.0","0.0",,"43","20","    1",,,,,,,,,,,,,
"USW00093721","BALTIMORE WASHINGTON INTERNATIONAL AIRPORT, MD US","39.17329","-76.68408","42.0","2018-02-10","0.88","0.0","0.0",,"49","29","    1",,,,,,,,,,,,,
"USW00093721","BALTIMORE WASHINGTON INTERNATIONAL AIRPORT, MD US","39.17329","-76.68408","42.0","2018-02-11","1.21","0.0","0.0",,"67","45","    1","    1","    1",,,,,,,,,,,
"USW00093721","BALTIMORE WASHINGTON INTERNATIONAL AIRPORT, MD US","39.17329","-76.68408","42.0","2018-02-12","0.04","0.0","0.0",,"62","33","    1",,,,,,,,,,,,,
"USW00093721","BALTIMORE WASHINGTON INTERNATIONAL AIRPORT, MD US","39.17329","-76.68408","42.0","2018-02-13","0.00","0.0","0.0",,"39","29",,,,"    1",,,,,,,,,,
"USW00093721","BALTIMORE WASHINGTON INTERNATIONAL AIRPORT, MD US","39.17329","-76.68408","42.0","2018-02-14","0.03","0.0","0.0",,"52","31","    1",,,,,,,,,,,,,
"USW00093721","BALTIMORE WASHINGTON INTERNATIONAL AIRPORT, MD US","39.17329","-76.68408","42.0","2018-02-15","0.01","0.0","0.0",,"69","43","    1",,,,,,,,,,,,,
"USW00093721","BALTIMORE WASHINGTON INTERNATIONAL AIRPORT, MD US","39.17329","-76.68408","42.0","2018-02-16","0.21","0.0","0.0",,"62","37","    1",,,,,,,,,,,,,
"USW00093721","BALTIMORE WASHINGTON INTERNATIONAL AIRPORT, MD US","39.17329","-76.68408","42.0","2018-02-17","0.57","2.2","0.0",,"41","29","    1","    1",,"    1",,,,,,,,,,
"USW00093721","BALTIMORE WASHINGTON INTERNATIONAL AIRPORT, MD US","39.17329","-76.68408","42.0","2018-02-18","0.00","0.0","1.2",,"48","30","    1","    1",,,,,,,,,,,,
"USW00093721","BALTIMORE WASHINGTON INTERNATIONAL AIRPORT, MD US","39.17329","-76.68408","42.0","2018-02-19","0.01","0.0","0.0",,"48","32","    1","    1",,,,,,,,,,,,
"USW00093721","BALTIMORE WASHINGTON INTERNATIONAL AIRPORT, MD US","39.17329","-76.68408","42.0","2018-02-20","0.00","0.0","0.0",,"76","48","    1",,,,,,,,,,,,,
"USW00093721","BALTIMORE WASHINGTON INTERNATIONAL AIRPORT, MD US","39.17329","-76.68408","42.0","2018-02-21","0.00","0.0","0.0",,"79","52",,,,,,,,,,,,,,
"USW00093721","BALTIMORE WASHINGTON INTERNATIONAL AIRPORT, MD US","39.17329","-76.68408","42.0","2018-02-22","0.07","0.0","0.0",,"67","41","    1",,,,,,,,,,,,,
"USW00093721","BALTIMORE WASHINGTON INTERNATIONAL AIRPORT, MD US","39.17329","-76.68408","42.0","2018-02-23","0.20","0.0","0.0",,"44","39","    1",,,,,,,,,,,,,
"USW00093721","BALTIMORE WASHINGTON INTERNATIONAL AIRPORT, MD US","39.17329","-76.68408","42.0","2018-02-24","0.07","0.0","0.0",,"50","42","    1","    1",,,,,,,,,,,,
"USW00093721","BALTIMORE WASHINGTON INTERNATIONAL AIRPORT, MD US","39.17329","-76.68408","42.0","2018-02-25","0.34","0.0","0.0",,"51","44","    1","    1",,,,,,,,,,,,
"USW00093721","BALTIMORE WASHINGTON INTERNATIONAL AIRPORT, MD US","39.17329","-76.68408","42.0","2018-02-26","0.00","0.0","0.0",,"52","33","    1","    1",,,,,,,,,,,,
"USW00093721","BALTIMORE WASHINGTON INTERNATIONAL AIRPORT, MD US","39.17329","-76.68408","42.0","2018-02-27","0.00","0.0","0.0",,"58","27",,,,,,,,,,,,,,
"USW00093721","BALTIMORE WASHINGTON INTERNATIONAL AIRPORT, MD US","39.17329","-76.68408","42.0","2018-02-28","0.00","0.0","0.0",,"65","41",,,,,,,,,,,,,,
"USW00093721","BALTIMORE WASHINGTON INTERNATIONAL AIRPORT, MD US","39.17329","-76.68408","42.0","2018-03-01","0.45","0.0","0.0",,"53","45","    1",,,,,,,,,,,,,
"USW00093721","BALTIMORE WASHINGTON INTERNATIONAL AIRPORT, MD US","39.17329","-76.68408","42.0","2018-03-02","0.01","0.0","0.0",,"48","36","    1",,,,,,,,,,,,,
"USW00093721","BALTIMORE WASHINGTON INTERNATIONAL AIRPORT, MD US","39.17329","-76.68408","42.0","2018-03-03","0.00","0.0","0.0",,"52","36",,,,,,,,,,,,,,
"USW00093721","BALTIMORE WASHINGTON INTERNATIONAL AIRPORT, MD US","39.17329","-76.68408","42.0","2018-03-04","0.00","0.0","0.0",,"50","34",,,,,,,,,,,,,,
"USW00093721","BALTIMORE WASHINGTON INTERNATIONAL AIRPORT, MD US","39.17329","-76.68408","42.0","2018-03-05","0.00","0.0","0.0",,"48","30",,,,,,,,,,,,,,
"USW00093721","BALTIMORE WASHINGTON INTERNATIONAL AIRPORT, MD US","39.17329","-76.68408","42.0","2018-03-06","0.29","1.5","0.0",,"45","24","    1",,,"    1",,,,,,,,,,
"USW00093721","BALTIMORE WASHINGTON INTERNATIONAL AIRPORT, MD US","39.17329","-76.68408","42.0","2018-03-07","0.25","0.3","1.2",,"42","32","    1",,,,,,,,,,,,,
"USW00093721","BALTIMORE WASHINGTON INTERNATIONAL AIRPORT, MD US","39.17329","-76.68408","42.0","2018-03-08","0.00","0.0","0.0",,"43","30",,,,,,,,,,,,,,
"USW00093721","BALTIMORE WASHINGTON INTERNATIONAL AIRPORT, MD US","39.17329","-76.68408","42.0","2018-03-09","0.00","0.0","0.0",,"45","31",,,,,,,,,,,,,,
"USW00093721","BALTIMORE WASHINGTON INTERNATIONAL AIRPORT, MD US","39.17329","-76.68408","42.0","2018-03-10","0.00","0.0","0.0",,"50","23",,,,,,,,,,,,,,
"USW00093721","BALTIMORE WASHINGTON INTERNATIONAL AIRPORT, MD US","39.17329","-76.68408","42.0","2018-03-11","0.00","0.0","0.0",,"50","23",,,,,,,,,,,,,,
"USW00093721","BALTIMORE WASHINGTON INTERNATIONAL AIRPORT, MD US","39.17329","-76.68408","42.0","2018-03-12","0.03","0.0","0.0",,"44","28","    1",,,,,,,,,,,,,
"USW00093721","BALTIMORE WASHINGTON INTERNATIONAL AIRPORT, MD US","39.17329","-76.68408","42.0","2018-03-13","0.00","0.0","0.0",,"45","31","    1",,,,,,,,,,,,,
"USW00093721","BALTIMORE WASHINGTON INTERNATIONAL AIRPORT, MD US","39.17329","-76.68408","42.0","2018-03-14","0.00","0.0","0.0",,"41","28",,,,,,,,,,,,,,
"USW00093721","BALTIMORE WASHINGTON INTERNATIONAL AIRPORT, MD US","39.17329","-76.68408","42.0","2018-03-15","0.00","0.0","0.0",,"50","31",,,,,,,,,,,,,,
"USW00093721","BALTIMORE WASHINGTON INTERNATIONAL AIRPORT, MD US","39.17329","-76.68408","42.0","2018-03-16","0.00","0.0","0.0",,"44","27",,,,,,,,,,,,,,
"USW00093721","BALTIMORE WASHINGTON INTERNATIONAL AIRPORT, MD US","39.17329","-76.68408","42.0","2018-03-17","0.00","0.0","0.0",,"44","24",,,,,,,,,,,,,,
"USW00093721","BALTIMORE WASHINGTON INTERNATIONAL AIRPORT, MD US","39.17329","-76.68408","42.0","2018-03-18","0.00","0.0","0.0",,"57","30",,,,,,,,,,,,,,
"USW00093721","BALTIMORE WASHINGTON INTERNATIONAL AIRPORT, MD US","39.17329","-76.68408","42.0","2018-03-19","0.00","0.0","0.0",,"58","28",,,,,,,,,,,,,,
"USW00093721","BALTIMORE WASHINGTON INTERNATIONAL AIRPORT, MD US","39.17329","-76.68408","42.0","2018-03-20","0.60","0.2","0.0",,"39","30","    1",,,"    1",,"    1",,,,,,,,
"USW00093721","BALTIMORE WASHINGTON INTERNATIONAL AIRPORT, MD US","39.17329","-76.68408","42.0","2018-03-21","0.50","4.7","0.0",,"34","31","    1","    1",,,,"    1","    1",,,,,,,
"USW00093721","BALTIMORE WASHINGTON INTERNATIONAL AIRPORT, MD US","39.17329","-76.68408","42.0","2018-03-22","0.00","0.0","3.9",,"47","31","    1",,,,,,,,,,,,,
"USW00093721","BALTIMORE WASHINGTON INTERNATIONAL AIRPORT, MD US","39.17329","-76.68408","42.0","2018-03-23","0.00","0.0","0.0",,"48","31",,,,,,,,,,,,,,
"USW00093721","BALTIMORE WASHINGTON INTERNATIONAL AIRPORT, MD US","39.17329","-76.68408","42.0","2018-03-24","0.00","0.0","0.0",,"50","27",,,,,,,,,,,,,,
"USW00093721","BALTIMORE WASHINGTON INTERNATIONAL AIRPORT, MD US","39.17329","-76.68408","42.0","2018-03-25","0.00","0.0","0.0",,"46","31",,,,,,,,,,,,,,
"USW00093721","BALTIMORE WASHINGTON INTERNATIONAL AIRPORT, MD US","39.17329","-76.68408","42.0","2018-03-26","0.00","0.0","0.0",,"48","27",,,,,,,,,,,,,,
"USW00093721","BALTIMORE WASHINGTON INTERNATIONAL AIRPORT, MD US","39.17329","-76.68408","42.0","2018-03-27","0.01","0.0","0.0",,"45","28",,,,,,,,,,,,,,
"USW00093721","BALTIMORE WASHINGTON INTERNATIONAL AIRPORT, MD US","39.17329","-76.68408","42.0","2018-03-28","0.08","0.0","0.0",,"53","41","    1",,,,,,"    1",,,,,,,
"USW00093721","BALTIMORE WASHINGTON INTERNATIONAL AIRPORT, MD US","39.17329","-76.68408","42.0","2018-03-29","0.00","0.0","0.0",,"72","47","    1",,,,,,"    1",,,,,,,
"USW00093721","BALTIMORE WASHINGTON INTERNATIONAL AIRPORT, MD US","39.17329","-76.68408","42.0","2018-03-30","0.03","0.0","0.0",,"75","43","    1",,,,,,"    1",,,,,,,
"USW00093721","BALTIMORE WASHINGTON INTERNATIONAL AIRPORT, MD US","39.17329","-76.68408","42.0","2018-03-31","0.00","0.0","0.0",,"59","31",,,,,,,,,,,,,,
"USW00093721","BALTIMORE WASHINGTON INTERNATIONAL AIRPORT, MD US","39.17329","-76.68408","42.0","2018-04-01","0.00","0.0","0.0",,"65","46",,,,,,,,,,,,,,
"USW00093721","BALTIMORE WASHINGTON INTERNATIONAL AIRPORT, MD US","39.17329","-76.68408","42.0","2018-04-02","0.07","0.0","0.0",,"51","39","    1",,,,,,,,,,,,,
"USW00093721","BALTIMORE WASHINGTON INTERNATIONAL AIRPORT, MD US","39.17329","-76.68408","42.0","2018-04-03","0.02","0.0","0.0",,"48","43","    1",,,,,,,,,,,,,
"USW00093721","BALTIMORE WASHINGTON INTERNATIONAL AIRPORT, MD US","39.17329","-76.68408","42.0","2018-04-04","0.01","0.0","0.0",,"70","39","    1","    1",,,,,,,,,,,,
"USW00093721","BALTIMORE WASHINGTON INTERNATIONAL AIRPORT, MD US","39.17329","-76.68408","42.0","2018-04-05","0.00","0.0","0.0",,"51","32",,,,,,,,,,,,,,
"USW00093721","BALTIMORE WASHINGTON INTERNATIONAL AIRPORT, MD US","39.17329","-76.68408","42.0","2018-04-06","0.00","0.0","0.0",,"71","42",,,,,,,,,,,,,,
"USW00093721","BALTIMORE WASHINGTON INTERNATIONAL AIRPORT, MD US","39.17329","-76.68408","42.0","2018-04-07","0.00","0.0","0.0",,"60","38",,,,,,,,,,,,,,
"USW00093721","BALTIMORE WASHINGTON INTERNATIONAL AIRPORT, MD US","39.17329","-76.68408","42.0","2018-04-08","0.00","0.0","0.0",,"49","32",,,,,,,,,,,,,,
"USW00093721","BALTIMORE WASHINGTON INTERNATIONAL AIRPORT, MD US","39.17329","-76.68408","42.0","2018-04-09","0.01","0.0","0.0",,"43","33","    1",,,,,,,,,,,,,
"USW00093721","BALTIMORE WASHINGTON INTERNATIONAL AIRPORT, MD US","39.17329","-76.68408","42.0","2018-04-10","0.00","0.0","0.0",,"54","34","    1",,,,,,,,,,,,,
"USW00093721","BALTIMORE WASHINGTON INTERNATIONAL AIRPORT, MD US","39.17329","-76.68408","42.0","2018-04-11","0.00","0.0","0.0",,"57","31",,,,,,,,,,,,,,
"USW00093721","BALTIMORE WASHINGTON INTERNATIONAL AIRPORT, MD US","39.17329","-76.68408","42.0","2018-04-12","0.00","0.0","0.0",,"77","37",,,,,,,,,,,,,,
"USW00093721","BALTIMORE WASHINGTON INTERNATIONAL AIRPORT, MD US","39.17329","-76.68408","42.0","2018-04-13","0.00","0.0","0.0",,"87","63",,,,,,,,,,,,,,
"USW00093721","BALTIMORE WASHINGTON INTERNATIONAL AIRPORT, MD US","39.17329","-76.68408","42.0","2018-04-14","0.00","0.0","0.0",,"86","65",,,,,,,,,,,,,,
"USW00093721","BALTIMORE WASHINGTON INTERNATIONAL AIRPORT, MD US","39.17329","-76.68408","42.0","2018-04-15","0.22","0.0","0.0",,"67","43","    1",,,,,,"    1",,,,,,,
"USW00093721","BALTIMORE WASHINGTON INTERNATIONAL AIRPORT, MD US","39.17329","-76.68408","42.0","2018-04-16","1.32","0.0","0.0",,"61","44","    1","    1","    1",,,,,,,,,,,
"USW00093721","BALTIMORE WASHINGTON INTERNATIONAL AIRPORT, MD US","39.17329","-76.68408","42.0","2018-04-17","0.00","0.0","0.0",,"48","35",,,,,,,,,,,,,,
"USW00093721","BALTIMORE WASHINGTON INTERNATIONAL AIRPORT, MD US","39.17329","-76.68408","42.0","2018-04-18","0.00","0.0","0.0",,"61","32",,,,,,,,,,,,,,
"USW00093721","BALTIMORE WASHINGTON INTERNATIONAL AIRPORT, MD US","39.17329","-76.68408","42.0","2018-04-19","0.00","0.0","0.0",,"61","37",,,,,,,,,,,,,,
"USW00093721","BALTIMORE WASHINGTON INTERNATIONAL AIRPORT, MD US","39.17329","-76.68408","42.0","2018-04-20","0.00","0.0","0.0",,"59","33",,,,,,,,,,,,,,
"USW00093721","BALTIMORE WASHINGTON INTERNATIONAL AIRPORT, MD US","39.17329","-76.68408","42.0","2018-04-21","0.00","0.0","0.0",,"62","32",,,,,,,,,,,,,,
"USW00093721","BALTIMORE WASHINGTON INTERNATIONAL AIRPORT, MD US","39.17329","-76.68408","42.0","2018-04-22","0.00","0.0","0.0",,"66","44",,,,,,,,,,,,,,
"USW00093721","BALTIMORE WASHINGTON INTERNATIONAL AIRPORT, MD US","39.17329","-76.68408","42.0","2018-04-23","0.00","0.0","0.0",,"68","46",,,,,,,,,,,,,,
"USW00093721","BALTIMORE WASHINGTON INTERNATIONAL AIRPORT, MD US","39.17329","-76.68408","42.0","2018-04-24","0.47","0.0","0.0",,"64","50","    1",,,,,,,,,,,,,
"USW00093721","BALTIMORE WASHINGTON INTERNATIONAL AIRPORT, MD US","39.17329","-76.68408","42.0","2018-04-25","0.54","0.0","0.0",,"66","54","    1",,"    1",,,,,,,,,,,
"USW00093721","BALTIMORE WASHINGTON INTERNATIONAL AIRPORT, MD US","39.17329","-76.68408","42.0","2018-04-26","0.00","0.0","0.0",,"69","45",,,,,,,,,,,,,,
"USW00093721","BALTIMORE WASHINGTON INTERNATIONAL AIRPORT, MD US","39.17329","-76.68408","42.0","2018-04-27","0.53","0.0","0.0",,"63","49","    1",,"    1",,,,,,,,,,,
"USW00093721","BALTIMORE WASHINGTON INTERNATIONAL AIRPORT, MD US","39.17329","-76.68408","42.0","2018-04-28","0.01","0.0","0.0",,"75","45","    1",,"    1",,,,,,,,,,,
"USW00093721","BALTIMORE WASHINGTON INTERNATIONAL AIRPORT, MD US","39.17329","-76.68408","42.0","2018-04-29","0.00","0.0","0.0",,"56","40",,,,,,,,,,,,,,
"USW00093721","BALTIMORE WASHINGTON INTERNATIONAL AIRPORT, MD US","39.17329","-76.68408","42.0","2018-04-30","0.00","0.0","0.0",,"70","37",,,,,,,,,,,,,,
"USW00093721","BALTIMORE WASHINGTON INTERNATIONAL AIRPORT, MD US","39.17329","-76.68408","42.0","2018-05-01","0.00","0.0","0.0",,"80","42",,,,,,,,,,,,,,
"USW00093721","BALTIMORE WASHINGTON INTERNATIONAL AIRPORT, MD US","39.17329","-76.68408","42.0","2018-05-02","0.00","0.0","0.0",,"90","50",,,,,,,,,,,,,,
"USW00093721","BALTIMORE WASHINGTON INTERNATIONAL AIRPORT, MD US","39.17329","-76.68408","42.0","2018-05-03","0.00","0.0","0.0",,"92","63",,,,,,,,,,,,,,
"USW00093721","BALTIMORE WASHINGTON INTERNATIONAL AIRPORT, MD US","39.17329","-76.68408","42.0","2018-05-04","0.00","0.0","0.0",,"91","69",,,,,,,,,,,,,,
"USW00093721","BALTIMORE WASHINGTON INTERNATIONAL AIRPORT, MD US","39.17329","-76.68408","42.0","2018-05-05","0.01","0.0","0.0",,"75","59",,,,,,,,,,,,,,
"USW00093721","BALTIMORE WASHINGTON INTERNATIONAL AIRPORT, MD US","39.17329","-76.68408","42.0","2018-05-06","0.00","0.0","0.0",,"69","58",,,,,,,,,,,,,,
"USW00093721","BALTIMORE WASHINGTON INTERNATIONAL AIRPORT, MD US","39.17329","-76.68408","42.0","2018-05-07","0.00","0.0","0.0",,"75","55",,,,,,,,,,,,,,
"USW00093721","BALTIMORE WASHINGTON INTERNATIONAL AIRPORT, MD US","39.17329","-76.68408","42.0","2018-05-08","0.00","0.0","0.0",,"75","51",,,,,,,,,,,,,,
"USW00093721","BALTIMORE WASHINGTON INTERNATIONAL AIRPORT, MD US","39.17329","-76.68408","42.0","2018-05-09","0.00","0.0","0.0",,"78","49",,,,,,,,,,,,,,
"USW00093721","BALTIMORE WASHINGTON INTERNATIONAL AIRPORT, MD US","39.17329","-76.68408","42.0","2018-05-10","0.01","0.0","0.0",,"83","55",,,"    1",,,,"    1",,,,,,,
"USW00093721","BALTIMORE WASHINGTON INTERNATIONAL AIRPORT, MD US","39.17329","-76.68408","42.0","2018-05-11","0.00","0.0","0.0",,"82","58",,,,,,,,,,,,,,
"USW00093721","BALTIMORE WASHINGTON INTERNATIONAL AIRPORT, MD US","39.17329","-76.68408","42.0","2018-05-12","0.06","0.0","0.0",,"87","62","    1",,"    1",,,,,,,,,,,
"USW00093721","BALTIMORE WASHINGTON INTERNATIONAL AIRPORT, MD US","39.17329","-76.68408","42.0","2018-05-13","0.43","0.0","0.0",,"65","59","    1",,"    1",,,,,,,,,,,
"USW00093721","BALTIMORE WASHINGTON INTERNATIONAL AIRPORT, MD US","39.17329","-76.68408","42.0","2018-05-14","0.13","0.0","0.0",,"76","58","    1",,"    1",,,,"    1",,,,,,,
"USW00093721","BALTIMORE WASHINGTON INTERNATIONAL AIRPORT, MD US","39.17329","-76.68408","42.0","2018-05-15","1.63","0.0","0.0",,"90","64","    1",,"    1",,,,,,,,,,,
"USW00093721","BALTIMORE WASHINGTON INTERNATIONAL AIRPORT, MD US","39.17329","-76.68408","42.0","2018-05-16","1.33","0.0","0.0",,"70","65","    1",,,,,,,,,,,,,
"USW00093721","BALTIMORE WASHINGTON INTERNATIONAL AIRPORT, MD US","39.17329","-76.68408","42.0","2018-05-17","0.78","0.0","0.0",,"68","63","    1",,,,,,,,,,,,,
"USW00093721","BALTIMORE WASHINGTON INTERNATIONAL AIRPORT, MD US","39.17329","-76.68408","42.0","2018-05-18","0.71","0.0","0.0",,"68","54","    1",,,,,,,,,,,,,
"USW00093721","BALTIMORE WASHINGTON INTERNATIONAL AIRPORT, MD US","39.17329","-76.68408","42.0","2018-05-19","0.66","0.0","0.0",,"70","54","    1",,,,,,,,,,,,,
"USW00093721","BALTIMORE WASHINGTON INTERNATIONAL AIRPORT, MD US","39.17329","-76.68408","42.0","2018-05-20","0.00","0.0","0.0",,"88","67",,,,,,,,,,,,,,
"USW00093721","BALTIMORE WASHINGTON INTERNATIONAL AIRPORT, MD US","39.17329","-76.68408","42.0","2018-05-21","0.00","0.0","0.0",,"79","65",,,,,,,,,,,,,,
"USW00093721","BALTIMORE WASHINGTON INTERNATIONAL AIRPORT, MD US","39.17329","-76.68408","42.0","2018-05-22","0.19","0.0","0.0",,"72","64","    1",,"    1",,,,"    1",,,,,,,
"USW00093721","BALTIMORE WASHINGTON INTERNATIONAL AIRPORT, MD US","39.17329","-76.68408","42.0","2018-05-23","0.00","0.0","0.0",,"81","60","    1",,,,,,,,,,,,,
"USW00093721","BALTIMORE WASHINGTON INTERNATIONAL AIRPORT, MD US","39.17329","-76.68408","42.0","2018-05-24","0.00","0.0","0.0",,"85","58",,,,,,,,,,,,,,
"USW00093721","BALTIMORE WASHINGTON INTERNATIONAL AIRPORT, MD US","39.17329","-76.68408","42.0","2018-05-25","0.00","0.0","0.0",,"87","55",,,,,,,,,,,,,,
"USW00093721","BALTIMORE WASHINGTON INTERNATIONAL AIRPORT, MD US","39.17329","-76.68408","42.0","2018-05-26","0.03","0.0","0.0",,"91","73","    1",,"    1",,,,,,,,,,,
"USW00093721","BALTIMORE WASHINGTON INTERNATIONAL AIRPORT, MD US","39.17329","-76.68408","42.0","2018-05-27","1.04","0.0","0.0",,"86","63","    1",,"    1",,,,,,,,,,,
"USW00093721","BALTIMORE WASHINGTON INTERNATIONAL AIRPORT, MD US","39.17329","-76.68408","42.0","2018-05-28","0.00","0.0","0.0",,"69","60","    1",,,,,,,,,,,,,
"USW00093721","BALTIMORE WASHINGTON INTERNATIONAL AIRPORT, MD US","39.17329","-76.68408","42.0","2018-05-29","0.00","0.0","0.0",,"81","65","    1","    1",,,,,"    1",,,,,,,
"USW00093721","BALTIMORE WASHINGTON INTERNATIONAL AIRPORT, MD US","39.17329","-76.68408","42.0","2018-05-30","0.01","0.0","0.0",,"81","66","    1","    1",,,,,,,,,,,,
"USW00093721","BALTIMORE WASHINGTON INTERNATIONAL AIRPORT, MD US","39.17329","-76.68408","42.0","2018-05-31","1.15","0.0","0.0",,"82","66","    1",,"    1",,,,"    1",,,,,,,
"USW00093721","BALTIMORE WASHINGTON INTERNATIONAL AIRPORT, MD US","39.17329","-76.68408","42.0","2018-06-01","0.71","0.0","0.0",,"86","69","    1",,"    1",,,,,,,,,,,
"USW00093721","BALTIMORE WASHINGTON INTERNATIONAL AIRPORT, MD US","39.17329","-76.68408","42.0","2018-06-02","0.28","0.0","0.0",,"85","69","    1",,"    1",,,,,,,,,,,
"USW00093721","BALTIMORE WASHINGTON INTERNATIONAL AIRPORT, MD US","39.17329","-76.68408","42.0","2018-06-03","1.74","0.0","0.0",,"73","55","    1",,"    1",,,,,,,,,,,
"USW00093721","BALTIMORE WASHINGTON INTERNATIONAL AIRPORT, MD US","39.17329","-76.68408","42.0","2018-06-04","0.00","0.0","0.0",,"77","52","    1",,,,,,,,,,,,,
"USW00093721","BALTIMORE WASHINGTON INTERNATIONAL AIRPORT, MD US","39.17329","-76.68408","42.0","2018-06-05","0.04","0.0","0.0",,"79","53",,,"    1",,,,,,,,,,,
"USW00093721","BALTIMORE WASHINGTON INTERNATIONAL AIRPORT, MD US","39.17329","-76.68408","42.0","2018-06-06","0.00","0.0","0.0",,"73","57",,,,,,,,,,,,,,
"USW00093721","BALTIMORE WASHINGTON INTERNATIONAL AIRPORT, MD US","39.17329","-76.68408","42.0","2018-06-07","0.00","0.0","0.0",,"77","58",,,,,,,,,,,,,,
"USW00093721","BALTIMORE WASHINGTON INTERNATIONAL AIRPORT, MD US","39.17329","-76.68408","42.0","2018-06-08","0.00","0.0","0.0",,"82","60",,,,,,,,,,,,,,
"USW00093721","BALTIMORE WASHINGTON INTERNATIONAL AIRPORT, MD US","39.17329","-76.68408","42.0","2018-06-09","0.00","0.0","0.0",,"86","65","    1",,"    1",,,,"    1",,,,,,,
"USW00093721","BALTIMORE WASHINGTON INTERNATIONAL AIRPORT, MD US","39.17329","-76.68408","42.0","2018-06-10","0.82","0.0","0.0",,"77","63","    1",,"    1",,,,,,,,,,,
"USW00093721","BALTIMORE WASHINGTON INTERNATIONAL AIRPORT, MD US","39.17329","-76.68408","42.0","2018-06-11","0.80","0.0","0.0",,"65","55","    1",,,,,,,,,,,,,
"USW00093721","BALTIMORE WASHINGTON INTERNATIONAL AIRPORT, MD US","39.17329","-76.68408","42.0","2018-06-12","0.00","0.0","0.0",,"76","50",,,,,,,,,,,,,,
"USW00093721","BALTIMORE WASHINGTON INTERNATIONAL AIRPORT, MD US","39.17329","-76.68408","42.0","2018-06-13","0.00","0.0","0.0",,"83","66","    1",,,,,,,,,,,,,
"USW00093721","BALTIMORE WASHINGTON INTERNATIONAL AIRPORT, MD US","39.17329","-76.68408","42.0","2018-06-14","0.00","0.0","0.0",,"84","62",,,,,,,,,,,,,,
"USW00093721","BALTIMORE WASHINGTON INTERNATIONAL AIRPORT, MD US","39.17329","-76.68408","42.0","2018-06-15","0.00","0.0","0.0",,"82","57",,,,,,,,,,,,,,
"USW00093721","BALTIMORE WASHINGTON INTERNATIONAL AIRPORT, MD US","39.17329","-76.68408","42.0","2018-06-16","0.00","0.0","0.0",,"86","56",,,,,,,,,,,,,,
"USW00093721","BALTIMORE WASHINGTON INTERNATIONAL AIRPORT, MD US","39.17329","-76.68408","42.0","2018-06-17","0.00","0.0","0.0",,"90","66",,,,,,,,,,,,,,
"USW00093721","BALTIMORE WASHINGTON INTERNATIONAL AIRPORT, MD US","39.17329","-76.68408","42.0","2018-06-18","0.00","0.0","0.0",,"94","69",,,"    1",,,,,,,,,,,
"USW00093721","BALTIMORE WASHINGTON INTERNATIONAL AIRPORT, MD US","39.17329","-76.68408","42.0","2018-06-19","0.01","0.0","0.0",,"90","70",,,"    1",,,,"    1",,,,,,,
"USW00093721","BALTIMORE WASHINGTON INTERNATIONAL AIRPORT, MD US","39.17329","-76.68408","42.0","2018-06-20","0.08","0.0","0.0",,"84","66","    1",,,,,,,,,,,,,
"USW00093721","BALTIMORE WASHINGTON INTERNATIONAL AIRPORT, MD US","39.17329","-76.68408","42.0","2018-06-21","0.00","0.0","0.0",,"82","69","    1",,,,,,"    1",,,,,,,
"USW00093721","BALTIMORE WASHINGTON INTERNATIONAL AIRPORT, MD US","39.17329","-76.68408","42.0","2018-06-22","0.11","0.0","0.0",,"74","65","    1",,,,,,,,,,,,,
"USW00093721","BALTIMORE WASHINGTON INTERNATIONAL AIRPORT, MD US","39.17329","-76.68408","42.0","2018-06-23","0.06","0.0","0.0",,"80","66","    1",,,,,,,,,,,,,
"USW00093721","BALTIMORE WASHINGTON INTERNATIONAL AIRPORT, MD US","39.17329","-76.68408","42.0","2018-06-24","0.08","0.0","0.0",,"89","66","    1",,"    1",,,,,,,,,,,
"USW00093721","BALTIMORE WASHINGTON INTERNATIONAL AIRPORT, MD US","39.17329","-76.68408","42.0","2018-06-25","0.00","0.0","0.0",,"83","62","    1",,,,,,,,,,,,,
"USW00093721","BALTIMORE WASHINGTON INTERNATIONAL AIRPORT, MD US","39.17329","-76.68408","42.0","2018-06-26","0.00","0.0","0.0",,"83","58",,,,,,,,,,,,,,
"USW00093721","BALTIMORE WASHINGTON INTERNATIONAL AIRPORT, MD US","39.17329","-76.68408","42.0","2018-06-27","0.04","0.0","0.0",,"79","66","    1",,,,,,,,,,,,,
"USW00093721","BALTIMORE WASHINGTON INTERNATIONAL AIRPORT, MD US","39.17329","-76.68408","42.0","2018-06-28","0.00","0.0","0.0",,"88","71",,,,,,,,,,,,,,
"USW00093721","BALTIMORE WASHINGTON INTERNATIONAL AIRPORT, MD US","39.17329","-76.68408","42.0","2018-06-29","0.00","0.0","0.0",,"93","69",,,,,,,,,,,,,,
"USW00093721","BALTIMORE WASHINGTON INTERNATIONAL AIRPORT, MD US","39.17329","-76.68408","42.0","2018-06-30","0.00","0.0","0.0",,"96","68",,,,,,,,,,,,,,
"USW00093721","BALTIMORE WASHINGTON INTERNATIONAL AIRPORT, MD US","39.17329","-76.68408","42.0","2018-07-01","0.00","0.0","0.0",,"96","69",,,,,,,,,,,,,,
"USW00093721","BALTIMORE WASHINGTON INTERNATIONAL AIRPORT, MD US","39.17329","-76.68408","42.0","2018-07-02","0.00","0.0","0.0",,"98","71","    1",,,,,,"    1",,,,,,,
"USW00093721","BALTIMORE WASHINGTON INTERNATIONAL AIRPORT, MD US","39.17329","-76.68408","42.0","2018-07-03","0.03","0.0","0.0",,"99","76","    1",,"    1",,,,,,,,,,,
"USW00093721","BALTIMORE WASHINGTON INTERNATIONAL AIRPORT, MD US","39.17329","-76.68408","42.0","2018-07-04","0.00","0.0","0.0",,"94","74",,,,,,,,,,,,,,
"USW00093721","BALTIMORE WASHINGTON INTERNATIONAL AIRPORT, MD US","39.17329","-76.68408","42.0","2018-07-05","0.00","0.0","0.0",,"92","78",,,,,,,,,,,,,,
"USW00093721","BALTIMORE WASHINGTON INTERNATIONAL AIRPORT, MD US","39.17329","-76.68408","42.0","2018-07-06","0.00","0.0","0.0",,"88","75",,,,,,,,,,,,,,
"USW00093721","BALTIMORE WASHINGTON INTERNATIONAL AIRPORT, MD US","39.17329","-76.68408","42.0","2018-07-07","0.00","0.0","0.0",,"80","62",,,,,,,,,,,,,,
"USW00093721","BALTIMORE WASHINGTON INTERNATIONAL AIRPORT, MD US","39.17329","-76.68408","42.0","2018-07-08","0.00","0.0","0.0",,"83","56",,,,,,,,,,,,,,
"USW00093721","BALTIMORE WASHINGTON INTERNATIONAL AIRPORT, MD US","39.17329","-76.68408","42.0","2018-07-09","0.00","0.0","0.0",,"91","56",,,,,,,,,,,,,,
"USW00093721","BALTIMORE WASHINGTON INTERNATIONAL AIRPORT, MD US","39.17329","-76.68408","42.0","2018-07-10","0.00","0.0","0.0",,"95","65",,,,,,,,,,,,,,
"USW00093721","BALTIMORE WASHINGTON INTERNATIONAL AIRPORT, MD US","39.17329","-76.68408","42.0","2018-07-11","0.00","0.0","0.0",,"92","72",,,,,,,,,,,,,,
"USW00093721","BALTIMORE WASHINGTON INTERNATIONAL AIRPORT, MD US","39.17329","-76.68408","42.0","2018-07-12","0.00","0.0","0.0",,"90","68",,,,,,,,,,,,,,
"USW00093721","BALTIMORE WASHINGTON INTERNATIONAL AIRPORT, MD US","39.17329","-76.68408","42.0","2018-07-13","0.00","0.0","0.0",,"87","64",,,,,,,,,,,,,,
"USW00093721","BALTIMORE WASHINGTON INTERNATIONAL AIRPORT, MD US","39.17329","-76.68408","42.0","2018-07-14","0.00","0.0","0.0",,"92","62",,,,,,,,,,,,,,
"USW00093721","BALTIMORE WASHINGTON INTERNATIONAL AIRPORT, MD US","39.17329","-76.68408","42.0","2018-07-15","0.02","0.0","0.0",,"87","71",,,,,,,,,,,,,,
"USW00093721","BALTIMORE WASHINGTON INTERNATIONAL AIRPORT, MD US","39.17329","-76.68408","42.0","2018-07-16","0.86","0.0","0.0",,"96","69","    1",,"    1",,,,"    1",,,,,,,
"USW00093721","BALTIMORE WASHINGTON INTERNATIONAL AIRPORT, MD US","39.17329","-76.68408","42.0","2018-07-17","3.35","0.0","0.0",,"91","71","    1","    1","    1",,,,,,,,,,,
"USW00093721","BALTIMORE WASHINGTON INTERNATIONAL AIRPORT, MD US","39.17329","-76.68408","42.0","2018-07-18","0.00","0.0","0.0",,"88","66",,,,,,,,,,,,,,
"USW00093721","BALTIMORE WASHINGTON INTERNATIONAL AIRPORT, MD US","39.17329","-76.68408","42.0","2018-07-19","0.00","0.0","0.0",,"87","64",,,,,,,,,,,,,,
"USW00093721","BALTIMORE WASHINGTON INTERNATIONAL AIRPORT, MD US","39.17329","-76.68408","42.0","2018-07-20","0.00","0.0","0.0",,"86","63",,,,,,,,,,,,,,
"USW00093721","BALTIMORE WASHINGTON INTERNATIONAL AIRPORT, MD US","39.17329","-76.68408","42.0","2018-07-21","4.79","0.0","0.0",,"73","66","    1",,,,,,,,,,,,,
"USW00093721","BALTIMORE WASHINGTON INTERNATIONAL AIRPORT, MD US","39.17329","-76.68408","42.0","2018-07-22","0.50","0.0","0.0",,"80","63","    1",,"    1",,,,,,,,,,,
"USW00093721","BALTIMORE WASHINGTON INTERNATIONAL AIRPORT, MD US","39.17329","-76.68408","42.0","2018-07-23","1.42","0.0","0.0",,"83","75","    1",,"    1",,,,,,,,,,,
"USW00093721","BALTIMORE WASHINGTON INTERNATIONAL AIRPORT, MD US","39.17329","-76.68408","42.0","2018-07-24","4.07","0.0","0.0",,"80","73","    1",,,,,,,,,,,,,
"USW00093721","BALTIMORE WASHINGTON INTERNATIONAL AIRPORT, MD US","39.17329","-76.68408","42.0","2018-07-25","0.39","0.0","0.0",,"82","71","    1",,"    1",,,,,,,,,,,
"USW00093721","BALTIMORE WASHINGTON INTERNATIONAL AIRPORT, MD US","39.17329","-76.68408","42.0","2018-07-26","0.00","0.0","0.0",,"89","70","    1",,,,,,,,,,,,,
"USW00093721","BALTIMORE WASHINGTON INTERNATIONAL AIRPORT, MD US","39.17329","-76.68408","42.0","2018-07-27","0.97","0.0","0.0",,"89","69","    1",,"    1",,,,,,,,,,,
"USW00093721","BALTIMORE WASHINGTON INTERNATIONAL AIRPORT, MD US","39.17329","-76.68408","42.0","2018-07-28","0.00","0.0","0.0",,"87","67","    1",,,,,,,,,,,,,
"USW00093721","BALTIMORE WASHINGTON INTERNATIONAL AIRPORT, MD US","39.17329","-76.68408","42.0","2018-07-29","0.00","0.0","0.0",,"86","65",,,,,,,,,,,,,,
"USW00093721","BALTIMORE WASHINGTON INTERNATIONAL AIRPORT, MD US","39.17329","-76.68408","42.0","2018-07-30","0.27","0.0","0.0",,"77","66","    1",,,,,,,,,,,,,
"USW00093721","BALTIMORE WASHINGTON INTERNATIONAL AIRPORT, MD US","39.17329","-76.68408","42.0","2018-07-31","0.06","0.0","0.0",,"82","69","    1",,,,,,,,,,,,,
"USW00093721","BALTIMORE WASHINGTON INTERNATIONAL AIRPORT, MD US","39.17329","-76.68408","42.0","2018-08-01","0.24","0.0","0.0",,"89","72","    1",,"    1",,,,,,,,,,,
"USW00093721","BALTIMORE WASHINGTON INTERNATIONAL AIRPORT, MD US","39.17329","-76.68408","42.0","2018-08-02","0.28","0.0","0.0",,"88","73","    1",,"    1",,,,,,,,,,,
"USW00093721","BALTIMORE WASHINGTON INTERNATIONAL AIRPORT, MD US","39.17329","-76.68408","42.0","2018-08-03","0.33","0.0","0.0",,"85","72","    1",,"    1",,,,"    1",,,,,,,
"USW00093721","BALTIMORE WASHINGTON INTERNATIONAL AIRPORT, MD US","39.17329","-76.68408","42.0","2018-08-04","0.14","0.0","0.0",,"88","71","    1",,,,,,,,,,,,,
"USW00093721","BALTIMORE WASHINGTON INTERNATIONAL AIRPORT, MD US","39.17329","-76.68408","42.0","2018-08-05","0.08","0.0","0.0",,"92","69","    1",,,,,,,,,,,,,
"USW00093721","BALTIMORE WASHINGTON INTERNATIONAL AIRPORT, MD US","39.17329","-76.68408","42.0","2018-08-06","0.00","0.0","0.0",,"91","71",,,"    1",,,,,,,,,,,
"USW00093721","BALTIMORE WASHINGTON INTERNATIONAL AIRPORT, MD US","39.17329","-76.68408","42.0","2018-08-07","0.48","0.0","0.0",,"92","71","    1",,"    1",,,,"    1",,,,,,,
"USW00093721","BALTIMORE WASHINGTON INTERNATIONAL AIRPORT, MD US","39.17329","-76.68408","42.0","2018-08-08","0.00","0.0","0.0",,"91","71",,,"    1",,,,,,,,,,,
"USW00093721","BALTIMORE WASHINGTON INTERNATIONAL AIRPORT, MD US","39.17329","-76.68408","42.0","2018-08-09","0.00","0.0","0.0",,"89","71",,,,,,,,,,,,,,
"USW00093721","BALTIMORE WASHINGTON INTERNATIONAL AIRPORT, MD US","39.17329","-76.68408","42.0","2018-08-10","0.00","0.0","0.0",,"91","70",,,,,,,,,,,,,,
"USW00093721","BALTIMORE WASHINGTON INTERNATIONAL AIRPORT, MD US","39.17329","-76.68408","42.0","2018-08-11","0.00","0.0","0.0",,"90","73",,,"    1",,,,,,,,,,,
"USW00093721","BALTIMORE WASHINGTON INTERNATIONAL AIRPORT, MD US","39.17329","-76.68408","42.0","2018-08-12","0.07","0.0","0.0",,"86","71","    1",,"    1",,,,,,,,,,,
"USW00093721","BALTIMORE WASHINGTON INTERNATIONAL AIRPORT, MD US","39.17329","-76.68408","42.0","2018-08-13","0.24","0.0","0.0",,"86","67","    1",,"    1",,,,,,,,,,,
"USW00093721","BALTIMORE WASHINGTON INTERNATIONAL AIRPORT, MD US","39.17329","-76.68408","42.0","2018-08-14","0.02","0.0","0.0",,"84","66",,,"    1",,,,,,,,,,,
"USW00093721","BALTIMORE WASHINGTON INTERNATIONAL AIRPORT, MD US","39.17329","-76.68408","42.0","2018-08-15","0.00","0.0","0.0",,"89","68",,,,,,,,,,,,,,
"USW00093721","BALTIMORE WASHINGTON INTERNATIONAL AIRPORT, MD US","39.17329","-76.68408","42.0","2018-08-16","0.00","0.0","0.0",,"92","68","    1",,,,,,,,,,,,,
"USW00093721","BALTIMORE WASHINGTON INTERNATIONAL AIRPORT, MD US","39.17329","-76.68408","42.0","2018-08-17","0.00","0.0","0.0",,"94","74","    1",,,,,,,,,,,,,
"USW00093721","BALTIMORE WASHINGTON INTERNATIONAL AIRPORT, MD US","39.17329","-76.68408","42.0","2018-08-18","0.06","0.0","0.0",,"88","72","    1",,"    1",,,,,,,,,,,
"USW00093721","BALTIMORE WASHINGTON INTERNATIONAL AIRPORT, MD US","39.17329","-76.68408","42.0","2018-08-19","0.00","0.0","0.0",,"82","71",,,,,,,,,,,,,,
"USW00093721","BALTIMORE WASHINGTON INTERNATIONAL AIRPORT, MD US","39.17329","-76.68408","42.0","2018-08-20","0.00","0.0","0.0",,"78","68","    1",,,,,,,,,,,,,
"USW00093721","BALTIMORE WASHINGTON INTERNATIONAL AIRPORT, MD US","39.17329","-76.68408","42.0","2018-08-21","1.02","0.0","0.0",,"79","71","    1",,"    1",,,,,,,,,,,
"USW00093721","BALTIMORE WASHINGTON INTERNATIONAL AIRPORT, MD US","39.17329","-76.68408","42.0","2018-08-22","0.01","0.0","0.0",,"83","66","    1",,,,,,,,,,,,,
"USW00093721","BALTIMORE WASHINGTON INTERNATIONAL AIRPORT, MD US","39.17329","-76.68408","42.0","2018-08-23","0.00","0.0","0.0",,"80","61",,,,,,,,,,,,,,
"USW00093721","BALTIMORE WASHINGTON INTERNATIONAL AIRPORT, MD US","39.17329","-76.68408","42.0","2018-08-24","0.00","0.0","0.0",,"84","56",,,,,,,,,,,,,,
"USW00093721","BALTIMORE WASHINGTON INTERNATIONAL AIRPORT, MD US","39.17329","-76.68408","42.0","2018-08-25","0.00","0.0","0.0",,"80","59",,,,,,,,,,,,,,
"USW00093721","BALTIMORE WASHINGTON INTERNATIONAL AIRPORT, MD US","39.17329","-76.68408","42.0","2018-08-26","0.00","0.0","0.0",,"88","61",,,,,,,,,,,,,,
"USW00093721","BALTIMORE WASHINGTON INTERNATIONAL AIRPORT, MD US","39.17329","-76.68408","42.0","2018-08-27","0.00","0.0","0.0",,"92","70",,,,,,,,,,,,,,
"USW00093721","BALTIMORE WASHINGTON INTERNATIONAL AIRPORT, MD US","39.17329","-76.68408","42.0","2018-08-28","0.00","0.0","0.0",,"95","73","    1",,,,,,,,,,,,,
"USW00093721","BALTIMORE WASHINGTON INTERNATIONAL AIRPORT, MD US","39.17329","-76.68408","42.0","2018-08-29","0.00","0.0","0.0",,"96","74","    1",,"    1",,,,,,,,,,,
"USW00093721","BALTIMORE WASHINGTON INTERNATIONAL AIRPORT, MD US","39.17329","-76.68408","42.0","2018-08-30","0.00","0.0","0.0",,"93","75",,,,,,,,,,,,,,
"USW00093721","BALTIMORE WASHINGTON INTERNATIONAL AIRPORT, MD US","39.17329","-76.68408","42.0","2018-08-31","0.87","0.0","0.0",,"83","70","    1",,"    1",,,,,,,,,,,
"USW00093721","BALTIMORE WASHINGTON INTERNATIONAL AIRPORT, MD US","39.17329","-76.68408","42.0","2018-09-01","0.01","0.0","0.0",,"83","72","    1",,,,,,,,,,,,,
"USW00093721","BALTIMORE WASHINGTON INTERNATIONAL AIRPORT, MD US","39.17329","-76.68408","42.0","2018-09-02","0.00","0.0","0.0",,"90","73","    1",,,,,,,,,,,,,
"USW00093721","BALTIMORE WASHINGTON INTERNATIONAL AIRPORT, MD US","39.17329","-76.68408","42.0","2018-09-03","0.00","0.0","0.0",,"93","73","    1",,"    1",,,,,,,,,,,
"USW00093721","BALTIMORE WASHINGTON INTERNATIONAL AIRPORT, MD US","39.17329","-76.68408","42.0","2018-09-04","0.00","0.0","0.0",,"94","74","    1",,,,,,,,,,,,,
"USW00093721","BALTIMORE WASHINGTON INTERNATIONAL AIRPORT, MD US","39.17329","-76.68408","42.0","2018-09-05","0.00","0.0","0.0",,"94","73",,,"    1",,,,,,,,,,,
"USW00093721","BALTIMORE WASHINGTON INTERNATIONAL AIRPORT, MD US","39.17329","-76.68408","42.0","2018-09-06","0.00","0.0","0.0",,"95","74","    1",,"    1",,,,,,,,,,,
"USW00093721","BALTIMORE WASHINGTON INTERNATIONAL AIRPORT, MD US","39.17329","-76.68408","42.0","2018-09-07","0.44","0.0","0.0",,"87","72","    1",,"    1",,,,,,,,,,,
"USW00093721","BALTIMORE WASHINGTON INTERNATIONAL AIRPORT, MD US","39.17329","-76.68408","42.0","2018-09-08","0.40","0.0","0.0",,"74","60","    1",,"    1",,,,,,,,,,,
"USW00093721","BALTIMORE WASHINGTON INTERNATIONAL AIRPORT, MD US","39.17329","-76.68408","42.0","2018-09-09","2.23","0.0","0.0",,"64","59","    1",,,,,,,,,,,,,
"USW00093721","BALTIMORE WASHINGTON INTERNATIONAL AIRPORT, MD US","39.17329","-76.68408","42.0","2018-09-10","0.04","0.0","0.0",,"72","61","    1",,,,,,,,,,,,,
"USW00093721","BALTIMORE WASHINGTON INTERNATIONAL AIRPORT, MD US","39.17329","-76.68408","42.0","2018-09-11","0.49","0.0","0.0",,"76","67","    1","    1","    1",,,,,,,,,,,
"USW00093721","BALTIMORE WASHINGTON INTERNATIONAL AIRPORT, MD US","39.17329","-76.68408","42.0","2018-09-12","0.02","0.0","0.0",,"83","69","    1","    1",,,,,"    1",,,,,,,
"USW00093721","BALTIMORE WASHINGTON INTERNATIONAL AIRPORT, MD US","39.17329","-76.68408","42.0","2018-09-13","0.04","0.0","0.0",,"79","73","    1",,,,,,,,,,,,,
"USW00093721","BALTIMORE WASHINGTON INTERNATIONAL AIRPORT, MD US","39.17329","-76.68408","42.0","2018-09-14","0.03","0.0","0.0",,"76","70","    1",,,,,,,,,,,,,
"USW00093721","BALTIMORE WASHINGTON INTERNATIONAL AIRPORT, MD US","39.17329","-76.68408","42.0","2018-09-15","0.00","0.0","0.0",,"81","67","    1",,,,,,,,,,,,,
"USW00093721","BALTIMORE WASHINGTON INTERNATIONAL AIRPORT, MD US","39.17329","-76.68408","42.0","2018-09-16","0.00","0.0","0.0",,"82","66","    1",,,,,,,,,,,,,
"USW00093721","BALTIMORE WASHINGTON INTERNATIONAL AIRPORT, MD US","39.17329","-76.68408","42.0","2018-09-17","0.39","0.0","0.0",,"78","71","    1",,"    1",,,,,,,,,,,
"USW00093721","BALTIMORE WASHINGTON INTERNATIONAL AIRPORT, MD US","39.17329","-76.68408","42.0","2018-09-18","2.22","0.0","0.0",,"82","69","    1",,"    1",,,,,,,,,,,
"USW00093721","BALTIMORE WASHINGTON INTERNATIONAL AIRPORT, MD US","39.17329","-76.68408","42.0","2018-09-19","0.00","0.0","0.0",,"86","67",,,,,,,,,,,,,,
"USW00093721","BALTIMORE WASHINGTON INTERNATIONAL AIRPORT, MD US","39.17329","-76.68408","42.0","2018-09-20","0.00","0.0","0.0",,"81","65","    1",,,,,,,,,,,,,
"USW00093721","BALTIMORE WASHINGTON INTERNATIONAL AIRPORT, MD US","39.17329","-76.68408","42.0","2018-09-21","0.00","0.0","0.0",,"75","69",,,,,,,,,,,,,,
"USW00093721","BALTIMORE WASHINGTON INTERNATIONAL AIRPORT, MD US","39.17329","-76.68408","42.0","2018-09-22","0.04","0.0","0.0",,"78","59","    1",,,,,,,,,,,,,
"USW00093721","BALTIMORE WASHINGTON INTERNATIONAL AIRPORT, MD US","39.17329","-76.68408","42.0","2018-09-23","0.92","0.0","0.0",,"63","59","    1",,,,,,,,,,,,,
"USW00093721","BALTIMORE WASHINGTON INTERNATIONAL AIRPORT, MD US","39.17329","-76.68408","42.0","2018-09-24","0.25","0.0","0.0",,"67","61","    1",,,,,,"    1",,,,,,,
"USW00093721","BALTIMORE WASHINGTON INTERNATIONAL AIRPORT, MD US","39.17329","-76.68408","42.0","2018-09-25","0.20","0.0","0.0",,"79","64","    1",,,,,,,,,,,,,
"USW00093721","BALTIMORE WASHINGTON INTERNATIONAL AIRPORT, MD US","39.17329","-76.68408","42.0","2018-09-26","0.47","0.0","0.0",,"87","69","    1",,"    1",,,,,,,,,,,
"USW00093721","BALTIMORE WASHINGTON INTERNATIONAL AIRPORT, MD US","39.17329","-76.68408","42.0","2018-09-27","0.70","0.0","0.0",,"70","56","    1",,,,,,,,,,,,,
"USW00093721","BALTIMORE WASHINGTON INTERNATIONAL AIRPORT, MD US","39.17329","-76.68408","42.0","2018-09-28","0.30","0.0","0.0",,"75","57","    1",,,,,,,,,,,,,
"USW00093721","BALTIMORE WASHINGTON INTERNATIONAL AIRPORT, MD US","39.17329","-76.68408","42.0","2018-09-29","0.00","0.0","0.0",,"79","57",,,,,,,,,,,,,,
"USW00093721","BALTIMORE WASHINGTON INTERNATIONAL AIRPORT, MD US","39.17329","-76.68408","42.0","2018-09-30","0.00","0.0","0.0",,"76","54",,,,,,,,,,,,,,
"USW00093721","BALTIMORE WASHINGTON INTERNATIONAL AIRPORT, MD US","39.17329","-76.68408","42.0","2018-10-01","0.00","0.0","0.0",,"83","60",,,,,,,,,,,,,,
"USW00093721","BALTIMORE WASHINGTON INTERNATIONAL AIRPORT, MD US","39.17329","-76.68408","42.0","2018-10-02","0.00","0.0","0.0",,"83","63",,,,,,,,,,,,,,
"USW00093721","BALTIMORE WASHINGTON INTERNATIONAL AIRPORT, MD US","39.17329","-76.68408","42.0","2018-10-03","0.00","0.0","0.0",,"84","64","    1",,,,,,,,,,,,,
"USW00093721","BALTIMORE WASHINGTON INTERNATIONAL AIRPORT, MD US","39.17329","-76.68408","42.0","2018-10-04","0.19","0.0","0.0",,"88","63","    1",,"    1",,,,,,,,,,,
"USW00093721","BALTIMORE WASHINGTON INTERNATIONAL AIRPORT, MD US","39.17329","-76.68408","42.0","2018-10-05","0.00","0.0","0.0",,"73","63","    1",,,,,,,,,,,,,
"USW00093721","BALTIMORE WASHINGTON INTERNATIONAL AIRPORT, MD US","39.17329","-76.68408","42.0","2018-10-06","0.00","0.0","0.0",,"73","64","    1",,,,,,,,,,,,,
"USW00093721","BALTIMORE WASHINGTON INTERNATIONAL AIRPORT, MD US","39.17329","-76.68408","42.0","2018-10-07","0.00","0.0","0.0",,"84","70","    1",,,,,,"    1",,,,,,,
"USW00093721","BALTIMORE WASHINGTON INTERNATIONAL AIRPORT, MD US","39.17329","-76.68408","42.0","2018-10-08","0.00","0.0","0.0",,"83","69","    1","    1",,,,,"    1",,,,,,,
"USW00093721","BALTIMORE WASHINGTON INTERNATIONAL AIRPORT, MD US","39.17329","-76.68408","42.0","2018-10-09","0.00","0.0","0.0",,"81","67","    1",,,,,,,,,,,,,
"USW00093721","BALTIMORE WASHINGTON INTERNATIONAL AIRPORT, MD US","39.17329","-76.68408","42.0","2018-10-10","0.00","0.0","0.0",,"83","69",,,,,,,,,,,,,,
"USW00093721","BALTIMORE WASHINGTON INTERNATIONAL AIRPORT, MD US","39.17329","-76.68408","42.0","2018-10-11","0.77","0.0","0.0",,"83","69","    1",,"    1",,,,,,,,,,,
"USW00093721","BALTIMORE WASHINGTON INTERNATIONAL AIRPORT, MD US","39.17329","-76.68408","42.0","2018-10-12","0.00","0.0","0.0",,"69","49",,,,,,,,,,,,,,
"USW00093721","BALTIMORE WASHINGTON INTERNATIONAL AIRPORT, MD US","39.17329","-76.68408","42.0","2018-10-13","0.06","0.0","0.0",,"60","44","    1",,,,,,,,,,,,,
"USW00093721","BALTIMORE WASHINGTON INTERNATIONAL AIRPORT, MD US","39.17329","-76.68408","42.0","2018-10-14","0.03","0.0","0.0",,"56","44","    1",,,,,,,,,,,,,
"USW00093721","BALTIMORE WASHINGTON INTERNATIONAL AIRPORT, MD US","39.17329","-76.68408","42.0","2018-10-15","0.16","0.0","0.0",,"71","55","    1",,,,,,,,,,,,,
"USW00093721","BALTIMORE WASHINGTON INTERNATIONAL AIRPORT, MD US","39.17329","-76.68408","42.0","2018-10-16","0.00","0.0","0.0",,"64","51",,,,,,,,,,,,,,
"USW00093721","BALTIMORE WASHINGTON INTERNATIONAL AIRPORT, MD US","39.17329","-76.68408","42.0","2018-10-17","0.00","0.0","0.0",,"67","45",,,,,,,,,,,,,,
"USW00093721","BALTIMORE WASHINGTON INTERNATIONAL AIRPORT, MD US","39.17329","-76.68408","42.0","2018-10-18","0.00","0.0","0.0",,"57","39",,,,,,,,,,,,,,
"USW00093721","BALTIMORE WASHINGTON INTERNATIONAL AIRPORT, MD US","39.17329","-76.68408","42.0","2018-10-19","0.01","0.0","0.0",,"64","35",,,,,,,,,,,,,,
"USW00093721","BALTIMORE WASHINGTON INTERNATIONAL AIRPORT, MD US","39.17329","-76.68408","42.0","2018-10-20","0.05","0.0","0.0",,"68","50","    1",,,,,,,,,,,,,
"USW00093721","BALTIMORE WASHINGTON INTERNATIONAL AIRPORT, MD US","39.17329","-76.68408","42.0","2018-10-21","0.00","0.0","0.0",,"54","37",,,,,,,,,,,,,,
"USW00093721","BALTIMORE WASHINGTON INTERNATIONAL AIRPORT, MD US","39.17329","-76.68408","42.0","2018-10-22","0.00","0.0","0.0",,"57","32",,,,,,,,,,,,,,
"USW00093721","BALTIMORE WASHINGTON INTERNATIONAL AIRPORT, MD US","39.17329","-76.68408","42.0","2018-10-23","0.00","0.0","0.0",,"70","42",,,,,,,,,,,,,,
"USW00093721","BALTIMORE WASHINGTON INTERNATIONAL AIRPORT, MD US","39.17329","-76.68408","42.0","2018-10-24","0.00","0.0","0.0",,"55","37",,,,,,,,,,,,,,
"USW00093721","BALTIMORE WASHINGTON INTERNATIONAL AIRPORT, MD US","39.17329","-76.68408","42.0","2018-10-25","0.00","0.0","0.0",,"54","32",,,,,,,,,,,,,,
"USW00093721","BALTIMORE WASHINGTON INTERNATIONAL AIRPORT, MD US","39.17329","-76.68408","42.0","2018-10-26","0.80","0.0","0.0",,"49","37","    1",,,,,,,,,,,,,
"USW00093721","BALTIMORE WASHINGTON INTERNATIONAL AIRPORT, MD US","39.17329","-76.68408","42.0","2018-10-27","0.58","0.0","0.0",,"51","47","    1",,,,,,,,,,,,,
"USW00093721","BALTIMORE WASHINGTON INTERNATIONAL AIRPORT, MD US","39.17329","-76.68408","42.0","2018-10-28","0.04","0.0","0.0",,"59","47",,,,,,,,,,,,,,
"USW00093721","BALTIMORE WASHINGTON INTERNATIONAL AIRPORT, MD US","39.17329","-76.68408","42.0","2018-10-29","0.00","0.0","0.0",,"61","40",,,,,,,,,,,,,,
"USW00093721","BALTIMORE WASHINGTON INTERNATIONAL AIRPORT, MD US","39.17329","-76.68408","42.0","2018-10-30","0.00","0.0","0.0",,"63","35",,,,,,,,,,,,,,
"USW00093721","BALTIMORE WASHINGTON INTERNATIONAL AIRPORT, MD US","39.17329","-76.68408","42.0","2018-10-31","0.00","0.0","0.0",,"70","39",,,,,,,,,,,,,,
"USW00093721","BALTIMORE WASHINGTON INTERNATIONAL AIRPORT, MD US","39.17329","-76.68408","42.0","2018-11-01","0.00","0.0","0.0",,"75","50","    1",,,,,,,,,,,,,
"USW00093721","BALTIMORE WASHINGTON INTERNATIONAL AIRPORT, MD US","39.17329","-76.68408","42.0","2018-11-02","0.75","0.0","0.0",,"73","55","    1",,"    1",,,,,,,,,,,
"USW00093721","BALTIMORE WASHINGTON INTERNATIONAL AIRPORT, MD US","39.17329","-76.68408","42.0","2018-11-03","0.02","0.0","0.0",,"59","38",,,,,,,,,,,,,,
"USW00093721","BALTIMORE WASHINGTON INTERNATIONAL AIRPORT, MD US","39.17329","-76.68408","42.0","2018-11-04","0.00","0.0","0.0",,"56","34",,,,,,,,,,,,,,
"USW00093721","BALTIMORE WASHINGTON INTERNATIONAL AIRPORT, MD US","39.17329","-76.68408","42.0","2018-11-05","1.23","0.0","0.0",,"57","50","    1",,,,,,,,,,,,,
"USW00093721","BALTIMORE WASHINGTON INTERNATIONAL AIRPORT, MD US","39.17329","-76.68408","42.0","2018-11-06","0.92","0.0","0.0",,"60","51","    1","    1","    1",,,,,,,,,,,
"USW00093721","BALTIMORE WASHINGTON INTERNATIONAL AIRPORT, MD US","39.17329","-76.68408","42.0","2018-11-07","0.00","0.0","0.0",,"62","44",,,,,,,,,,,,,,
"USW00093721","BALTIMORE WASHINGTON INTERNATIONAL AIRPORT, MD US","39.17329","-76.68408","42.0","2018-11-08","0.00","0.0","0.0",,"59","47",,,,,,,,,,,,,,
"USW00093721","BALTIMORE WASHINGTON INTERNATIONAL AIRPORT, MD US","39.17329","-76.68408","42.0","2018-11-09","0.59","0.0","0.0",,"50","45","    1",,,,,,,,,,,,,
"USW00093721","BALTIMORE WASHINGTON INTERNATIONAL AIRPORT, MD US","39.17329","-76.68408","42.0","2018-11-10","0.00","0.0","0.0",,"47","30",,,,,,,,,,,,,,
"USW00093721","BALTIMORE WASHINGTON INTERNATIONAL AIRPORT, MD US","39.17329","-76.68408","42.0","2018-11-11","0.00","0.0","0.0",,"48","26",,,,,,,,,,,,,,
"USW00093721","BALTIMORE WASHINGTON INTERNATIONAL AIRPORT, MD US","39.17329","-76.68408","42.0","2018-11-12","0.43","0.0","0.0",,"49","28","    1",,,,,,,,,,,,,
"USW00093721","BALTIMORE WASHINGTON INTERNATIONAL AIRPORT, MD US","39.17329","-76.68408","42.0","2018-11-13","0.60","0.0","0.0",,"49","42","    1",,,,,,,,,,,,,
"USW00093721","BALTIMORE WASHINGTON INTERNATIONAL AIRPORT, MD US","39.17329","-76.68408","42.0","2018-11-14","0.00","0.0","0.0",,"47","36",,,,,,,,,,,,,,
"USW00093721","BALTIMORE WASHINGTON INTERNATIONAL AIRPORT, MD US","39.17329","-76.68408","42.0","2018-11-15","1.33","1.7","0.0",,"40","31","    1",,,"    1",,,,,,,,,,
"USW00093721","BALTIMORE WASHINGTON INTERNATIONAL AIRPORT, MD US","39.17329","-76.68408","42.0","2018-11-16","0.17","0.0","0.0",,"47","34","    1",,,,,,,,,,,,,
"USW00093721","BALTIMORE WASHINGTON INTERNATIONAL AIRPORT, MD US","39.17329","-76.68408","42.0","2018-11-17","0.00","0.0","0.0",,"49","31",,,,,,,,,,,,,,
"USW00093721","BALTIMORE WASHINGTON INTERNATIONAL AIRPORT, MD US","39.17329","-76.68408","42.0","2018-11-18","0.00","0.0","0.0",,"50","28","    1",,,,,,,,,,,,,
"USW00093721","BALTIMORE WASHINGTON INTERNATIONAL AIRPORT, MD US","39.17329","-76.68408","42.0","2018-11-19","0.00","0.0","0.0",,"57","32","    1",,,,,,"    1",,,,,,,
"USW00093721","BALTIMORE WASHINGTON INTERNATIONAL AIRPORT, MD US","39.17329","-76.68408","42.0","2018-11-20","0.00","0.0","0.0",,"52","38","    1",,,,,,"    1",,,,,,,
"USW00093721","BALTIMORE WASHINGTON INTERNATIONAL AIRPORT, MD US","39.17329","-76.68408","42.0","2018-11-21","0.00","0.0","0.0",,"53","28",,,,,,,,,,,,,,
"USW00093721","BALTIMORE WASHINGTON INTERNATIONAL AIRPORT, MD US","39.17329","-76.68408","42.0","2018-11-22","0.00","0.0","0.0",,"40","25",,,,,,,,,,,,,,
"USW00093721","BALTIMORE WASHINGTON INTERNATIONAL AIRPORT, MD US","39.17329","-76.68408","42.0","2018-11-23","0.00","0.0","0.0",,"33","24",,,,,,,,,,,,,,
"USW00093721","BALTIMORE WASHINGTON INTERNATIONAL AIRPORT, MD US","39.17329","-76.68408","42.0","2018-11-24","1.68","0.0","0.0",,"48","28","    1",,,,,,,,,,,,,
"USW00093721","BALTIMORE WASHINGTON INTERNATIONAL AIRPORT, MD US","39.17329","-76.68408","42.0","2018-11-25","0.00","0.0","0.0",,"61","38","    1",,,,,,,,,,,,,
"USW00093721","BALTIMORE WASHINGTON INTERNATIONAL AIRPORT, MD US","39.17329","-76.68408","42.0","2018-11-26","0.42","0.0","0.0",,"51","39","    1",,,,,,,,,,,,,
"USW00093721","BALTIMORE WASHINGTON INTERNATIONAL AIRPORT, MD US","39.17329","-76.68408","42.0","2018-11-27","0.00","0.0","0.0",,"42","34",,,,,,,,,,,,,,
"USW00093721","BALTIMORE WASHINGTON INTERNATIONAL AIRPORT, MD US","39.17329","-76.68408","42.0","2018-11-28","0.00","0.0","0.0",,"39","30",,,,,,,,,,,,,,
"USW00093721","BALTIMORE WASHINGTON INTERNATIONAL AIRPORT, MD US","39.17329","-76.68408","42.0","2018-11-29","0.00","0.0","0.0",,"42","28",,,,,,,,,,,,,,
"USW00093721","BALTIMORE WASHINGTON INTERNATIONAL AIRPORT, MD US","39.17329","-76.68408","42.0","2018-11-30","0.00","0.0","0.0",,"43","33",,,,,,,,,,,,,,
"USW00093721","BALTIMORE WASHINGTON INTERNATIONAL AIRPORT, MD US","39.17329","-76.68408","42.0","2018-12-01","0.23","0.0","0.0",,"44","29","    1",,,,,,"    1",,,,,,,
"USW00093721","BALTIMORE WASHINGTON INTERNATIONAL AIRPORT, MD US","39.17329","-76.68408","42.0","2018-12-02","0.16","0.0","0.0",,"57","44","    1","    1",,,,,,,,,,,,
"USW00093721","BALTIMORE WASHINGTON INTERNATIONAL AIRPORT, MD US","39.17329","-76.68408","42.0","2018-12-03","0.00","0.0","0.0",,"58","43","    1",,,,,,,,,,,,,
"USW00093721","BALTIMORE WASHINGTON INTERNATIONAL AIRPORT, MD US","39.17329","-76.68408","42.0","2018-12-04","0.00","0.0","0.0",,"43","29",,,,,,,,,,,,,,
"USW00093721","BALTIMORE WASHINGTON INTERNATIONAL AIRPORT, MD US","39.17329","-76.68408","42.0","2018-12-05","0.00","0.0","0.0",,"38","28",,,,,,,,,,,,,,
"USW00093721","BALTIMORE WASHINGTON INTERNATIONAL AIRPORT, MD US","39.17329","-76.68408","42.0","2018-12-06","0.00","0.0","0.0",,"43","26",,,,,,,,,,,,,,
"USW00093721","BALTIMORE WASHINGTON INTERNATIONAL AIRPORT, MD US","39.17329","-76.68408","42.0","2018-12-07","0.00","0.0","0.0",,"42","25",,,,,,,,,,,,,,
"USW00093721","BALTIMORE WASHINGTON INTERNATIONAL AIRPORT, MD US","39.17329","-76.68408","42.0","2018-12-08","0.00","0.0","0.0",,"38","19",,,,,,,,,,,,,,
"USW00093721","BALTIMORE WASHINGTON INTERNATIONAL AIRPORT, MD US","39.17329","-76.68408","42.0","2018-12-09","0.00","0.0","0.0",,"33","28",,,,,,,,,,,,,,
"USW00093721","BALTIMORE WASHINGTON INTERNATIONAL AIRPORT, MD US","39.17329","-76.68408","42.0","2018-12-10","0.00","0.0","0.0",,"39","25",,,,,,,,,,,,,,
"USW00093721","BALTIMORE WASHINGTON INTERNATIONAL AIRPORT, MD US","39.17329","-76.68408","42.0","2018-12-11","0.00","0.0","0.0",,"44","20","    1",,,,,,"    1",,,,,,,
"USW00093721","BALTIMORE WASHINGTON INTERNATIONAL AIRPORT, MD US","39.17329","-76.68408","42.0","2018-12-12","0.00","0.0","0.0",,"46","31",,,,,,,,,,,,,,
"USW00093721","BALTIMORE WASHINGTON INTERNATIONAL AIRPORT, MD US","39.17329","-76.68408","42.0","2018-12-13","0.00","0.0","0.0",,"50","35",,,,,,,,,,,,,,
"USW00093721","BALTIMORE WASHINGTON INTERNATIONAL AIRPORT, MD US","39.17329","-76.68408","42.0","2018-12-14","0.22","0.0","0.0",,"48","33","    1","    1",,,,,,,,,,,,
"USW00093721","BALTIMORE WASHINGTON INTERNATIONAL AIRPORT, MD US","39.17329","-76.68408","42.0","2018-12-15","2.24","0.0","0.0",,"53","48","    1",,,,,,,,,,,,,
"USW00093721","BALTIMORE WASHINGTON INTERNATIONAL AIRPORT, MD US","39.17329","-76.68408","42.0","2018-12-16","0.69","0.0","0.0",,"48","36","    1",,,,,,,,,,,,,
"USW00093721","BALTIMORE WASHINGTON INTERNATIONAL AIRPORT, MD US","39.17329","-76.68408","42.0","2018-12-17","0.00","0.0","0.0",,"55","37",,,,,,,,,,,,,,
"USW00093721","BALTIMORE WASHINGTON INTERNATIONAL AIRPORT, MD US","39.17329","-76.68408","42.0","2018-12-18","0.00","0.0","0.0",,"45","24",,,,,,,,,,,,,,
"USW00093721","BALTIMORE WASHINGTON INTERNATIONAL AIRPORT, MD US","39.17329","-76.68408","42.0","2018-12-19","0.00","0.0","0.0",,"49","23",,,,,,,,,,,,,,
"USW00093721","BALTIMORE WASHINGTON INTERNATIONAL AIRPORT, MD US","39.17329","-76.68408","42.0","2018-12-20","0.78","0.0","0.0",,"60","27","    1",,,,,,,,,,,,,
"USW00093721","BALTIMORE WASHINGTON INTERNATIONAL AIRPORT, MD US","39.17329","-76.68408","42.0","2018-12-21","0.43","0.0","0.0",,"63","49","    1","    1",,,,,,,,,,,,
"USW00093721","BALTIMORE WASHINGTON INTERNATIONAL AIRPORT, MD US","39.17329","-76.68408","42.0","2018-12-22","0.01","0.0","0.0",,"51","37",,,,,,,,,,,,,,
"USW00093721","BALTIMORE WASHINGTON INTERNATIONAL AIRPORT, MD US","39.17329","-76.68408","42.0","2018-12-23","0.01","0.0","0.0",,"50","28",,,,,,,,,,,,,,
"USW00093721","BALTIMORE WASHINGTON INTERNATIONAL AIRPORT, MD US","39.17329","-76.68408","42.0","2018-12-24","0.00","0.0","0.0",,"46","35",,,,,,,,,,,,,,
"USW00093721","BALTIMORE WASHINGTON INTERNATIONAL AIRPORT, MD US","39.17329","-76.68408","42.0","2018-12-25","0.00","0.0","0.0",,"42","25",,,,,,,,,,,,,,
"USW00093721","BALTIMORE WASHINGTON INTERNATIONAL AIRPORT, MD US","39.17329","-76.68408","42.0","2018-12-26","0.00","0.0","0.0",,"49","23",,,,,,,,,,,,,,
"USW00093721","BALTIMORE WASHINGTON INTERNATIONAL AIRPORT, MD US","39.17329","-76.68408","42.0","2018-12-27","0.00","0.0","0.0",,"51","26","    1",,,,,,,,,,,,,
"USW00093721","BALTIMORE WASHINGTON INTERNATIONAL AIRPORT, MD US","39.17329","-76.68408","42.0","2018-12-28","1.08","0.0","0.0",,"54","41","    1","    1",,,,,,,,,,,,
"USW00093721","BALTIMORE WASHINGTON INTERNATIONAL AIRPORT, MD US","39.17329","-76.68408","42.0","2018-12-29","0.00","0.0","0.0",,"54","35","    1",,,,,,,,,,,,,
"USW00093721","BALTIMORE WASHINGTON INTERNATIONAL AIRPORT, MD US","39.17329","-76.68408","42.0","2018-12-30","0.00","0.0","0.0",,"48","31",,,,,,,,,,,,,,
"USW00093721","BALTIMORE WASHINGTON INTERNATIONAL AIRPORT, MD US","39.17329","-76.68408","42.0","2018-12-31","0.69","0.0","0.0",,"49","30","    1","    1","    1",,,,,,,,,,,
"USW00093721","BALTIMORE WASHINGTON INTERNATIONAL AIRPORT, MD US","39.17329","-76.68408","42.0","2019-01-01","0.03","0.0","0.0",,"61","41","    1",,,,,,,,,,,,,
"USW00093721","BALTIMORE WASHINGTON INTERNATIONAL AIRPORT, MD US","39.17329","-76.68408","42.0","2019-01-02","0.00","0.0","0.0",,"45","37",,,,,,,,,,,,,,
"USW00093721","BALTIMORE WASHINGTON INTERNATIONAL AIRPORT, MD US","39.17329","-76.68408","42.0","2019-01-03","0.00","0.0","0.0",,"49","30",,,,,,,,,,,,,,
"USW00093721","BALTIMORE WASHINGTON INTERNATIONAL AIRPORT, MD US","39.17329","-76.68408","42.0","2019-01-04","0.04","0.0","0.0",,"48","28","    1",,,,,,,,,,,,,
"USW00093721","BALTIMORE WASHINGTON INTERNATIONAL AIRPORT, MD US","39.17329","-76.68408","42.0","2019-01-05","0.02","0.0","0.0",,"50","44","    1",,,,,,,,,,,,,
"USW00093721","BALTIMORE WASHINGTON INTERNATIONAL AIRPORT, MD US","39.17329","-76.68408","42.0","2019-01-06","0.00","0.0","0.0",,"54","35",,,,,,,,,,,,,,
"USW00093721","BALTIMORE WASHINGTON INTERNATIONAL AIRPORT, MD US","39.17329","-76.68408","42.0","2019-01-07","0.00","0.0","0.0",,"37","32",,,,,,,,,,,,,,
"USW00093721","BALTIMORE WASHINGTON INTERNATIONAL AIRPORT, MD US","39.17329","-76.68408","42.0","2019-01-08","0.16","0.0","0.0",,"52","35","    1",,,,,,,,,,,,,
"USW00093721","BALTIMORE WASHINGTON INTERNATIONAL AIRPORT, MD US","39.17329","-76.68408","42.0","2019-01-09","0.00","0.0","0.0",,"50","29",,,,,,,"    1",,,,,,,
"USW00093721","BALTIMORE WASHINGTON INTERNATIONAL AIRPORT, MD US","39.17329","-76.68408","42.0","2019-01-10","0.00","0.0","0.0",,"37","27",,,,,,,,,,,,,,
"USW00093721","BALTIMORE WASHINGTON INTERNATIONAL AIRPORT, MD US","39.17329","-76.68408","42.0","2019-01-11","0.00","0.0","0.0",,"38","24",,,,,,,,,,,,,,
"USW00093721","BALTIMORE WASHINGTON INTERNATIONAL AIRPORT, MD US","39.17329","-76.68408","42.0","2019-01-12","0.16","1.8","0.0",,"35","23","    1",,,,,,,,,,,,,
"USW00093721","BALTIMORE WASHINGTON INTERNATIONAL AIRPORT, MD US","39.17329","-76.68408","42.0","2019-01-13","0.37","4.8","5.1",,"31","27","    1","    1",,,,,,,,,,,,
"USW00093721","BALTIMORE WASHINGTON INTERNATIONAL AIRPORT, MD US","39.17329","-76.68408","42.0","2019-01-14","0.00","0.0","5.1",,"35","22",,,,,,,,,,,,,,
"USW00093721","BALTIMORE WASHINGTON INTERNATIONAL AIRPORT, MD US","39.17329","-76.68408","42.0","2019-01-15","0.00","0.0","3.1",,"38","20",,,,,,,,,,,,,,
"USW00093721","BALTIMORE WASHINGTON INTERNATIONAL AIRPORT, MD US","39.17329","-76.68408","42.0","2019-01-16","0.00","0.0","2.0",,"39","19","    1",,,,,,,,,,,,,
"USW00093721","BALTIMORE WASHINGTON INTERNATIONAL AIRPORT, MD US","39.17329","-76.68408","42.0","2019-01-17","0.06","0.6","1.2",,"37","30","    1",,,,,,,,,,,,,
"USW00093721","BALTIMORE WASHINGTON INTERNATIONAL AIRPORT, MD US","39.17329","-76.68408","42.0","2019-01-18","0.06","0.3","2.0",,"44","31","    1",,,,,,"    1",,,,,,,
"USW00093721","BALTIMORE WASHINGTON INTERNATIONAL AIRPORT, MD US","39.17329","-76.68408","42.0","2019-01-19","0.76","0.0","1.2",,"38","33","    1",,,,,,"    1",,,,,,,
"USW00093721","BALTIMORE WASHINGTON INTERNATIONAL AIRPORT, MD US","39.17329","-76.68408","42.0","2019-01-20","0.24","0.0","0.0",,"49","16","    1","    1",,,,,,,,,,,,
"USW00093721","BALTIMORE WASHINGTON INTERNATIONAL AIRPORT, MD US","39.17329","-76.68408","42.0","2019-01-21","0.00","0.0","0.0",,"21","12",,,,,,,,,,,,,,
"USW00093721","BALTIMORE WASHINGTON INTERNATIONAL AIRPORT, MD US","39.17329","-76.68408","42.0","2019-01-22","0.00","0.0","0.0",,"33","11",,,,,,,,,,,,,,
"USW00093721","BALTIMORE WASHINGTON INTERNATIONAL AIRPORT, MD US","39.17329","-76.68408","42.0","2019-01-23","0.00","0.0","0.0",,"54","27",,,,,,,,,,,,,,
"USW00093721","BALTIMORE WASHINGTON INTERNATIONAL AIRPORT, MD US","39.17329","-76.68408","42.0","2019-01-24","1.01","0.0","0.0",,"57","31","    1",,,,,,,,,,,,,
"USW00093721","BALTIMORE WASHINGTON INTERNATIONAL AIRPORT, MD US","39.17329","-76.68408","42.0","2019-01-25","0.00","0.0","0.0",,"41","23",,,,,,,,,,,,,,
"USW00093721","BALTIMORE WASHINGTON INTERNATIONAL AIRPORT, MD US","39.17329","-76.68408","42.0","2019-01-26","0.00","0.0","0.0",,"38","18",,,,,,,,,,,,,,
"USW00093721","BALTIMORE WASHINGTON INTERNATIONAL AIRPORT, MD US","39.17329","-76.68408","42.0","2019-01-27","0.00","0.0","0.0",,"47","20","    1",,,,,,,,,,,,,
"USW00093721","BALTIMORE WASHINGTON INTERNATIONAL AIRPORT, MD US","39.17329","-76.68408","42.0","2019-01-28","0.00","0.0","0.0",,"38","24",,,,,,,,,,,,,,
"USW00093721","BALTIMORE WASHINGTON INTERNATIONAL AIRPORT, MD US","39.17329","-76.68408","42.0","2019-01-29","0.24","0.3","0.0",,"38","24","    1",,,"    1",,,,,,,,,,
"USW00093721","BALTIMORE WASHINGTON INTERNATIONAL AIRPORT, MD US","39.17329","-76.68408","42.0","2019-01-30","0.00","0.0","0.0",,"34","8",,,,,,,,"    1",,,,,,
"USW00093721","BALTIMORE WASHINGTON INTERNATIONAL AIRPORT, MD US","39.17329","-76.68408","42.0","2019-01-31","0.00","0.0","0.0",,"21","5",,,,,,,,,,,,,,
"USW00093721","BALTIMORE WASHINGTON INTERNATIONAL AIRPORT, MD US","39.17329","-76.68408","42.0","2019-02-01","0.09","1.1","0.0",,"20","10","    1",,,,,,,,,,,,,
"USW00093721","BALTIMORE WASHINGTON INTERNATIONAL AIRPORT, MD US","39.17329","-76.68408","42.0","2019-02-02","0.00","0.0","1.2",,"38","8","    1",,,,,,,,,,,,,
"USW00093721","BALTIMORE WASHINGTON INTERNATIONAL AIRPORT, MD US","39.17329","-76.68408","42.0","2019-02-03","0.00","0.0","0.0",,"51","22","    1",,,,,,"    1",,,,,,,
"USW00093721","BALTIMORE WASHINGTON INTERNATIONAL AIRPORT, MD US","39.17329","-76.68408","42.0","2019-02-04","0.00","0.0","0.0",,"59","27","    1",,,,,,"    1",,,,,,,
"USW00093721","BALTIMORE WASHINGTON INTERNATIONAL AIRPORT, MD US","39.17329","-76.68408","42.0","2019-02-05","0.00","0.0","0.0",,"71","30","    1",,,,,,,,,,,,,
"USW00093721","BALTIMORE WASHINGTON INTERNATIONAL AIRPORT, MD US","39.17329","-76.68408","42.0","2019-02-06","0.12","0.0","0.0",,"50","36","    1",,,,,,,,,,,,,
"USW00093721","BALTIMORE WASHINGTON INTERNATIONAL AIRPORT, MD US","39.17329","-76.68408","42.0","2019-02-07","0.00","0.0","0.0",,"52","42","    1",,,,,,,,,,,,,
"USW00093721","BALTIMORE WASHINGTON INTERNATIONAL AIRPORT, MD US","39.17329","-76.68408","42.0","2019-02-08","0.02","0.0","0.0",,"57","32","    1",,,,,,,,,,,,,
"USW00093721","BALTIMORE WASHINGTON INTERNATIONAL AIRPORT, MD US","39.17329","-76.68408","42.0","2019-02-09","0.00","0.0","0.0",,"36","23",,,,,,,,,,,,,,
"USW00093721","BALTIMORE WASHINGTON INTERNATIONAL AIRPORT, MD US","39.17329","-76.68408","42.0","2019-02-10","0.07","0.5","0.0",,"38","17","    1",,,"    1",,,,,,,,,,
"USW00093721","BALTIMORE WASHINGTON INTERNATIONAL AIRPORT, MD US","39.17329","-76.68408","42.0","2019-02-11","0.67","0.0","0.0",,"32","30","    1",,,"    1",,"    1",,,,,,,,
"USW00093721","BALTIMORE WASHINGTON INTERNATIONAL AIRPORT, MD US","39.17329","-76.68408","42.0","2019-02-12","0.81","0.0","0.0",,"35","30","    1","    1",,,,"    1",,,,,,,,
"USW00093721","BALTIMORE WASHINGTON INTERNATIONAL AIRPORT, MD US","39.17329","-76.68408","42.0","2019-02-13","0.00","0.0","0.0",,"46","32","    1",,,,,,,,,,,,,
"USW00093721","BALTIMORE WASHINGTON INTERNATIONAL AIRPORT, MD US","39.17329","-76.68408","42.0","2019-02-14","0.00","0.0","0.0",,"52","26",,,,,,,,,,,,,,
"USW00093721","BALTIMORE WASHINGTON INTERNATIONAL AIRPORT, MD US","39.17329","-76.68408","42.0","2019-02-15","0.00","0.0","0.0",,"66","42",,,,,,,,,,,,,,
"USW00093721","BALTIMORE WASHINGTON INTERNATIONAL AIRPORT, MD US","39.17329","-76.68408","42.0","2019-02-16","0.00","0.0","0.0",,"50","32",,,,,,,,,,,,,,
"USW00093721","BALTIMORE WASHINGTON INTERNATIONAL AIRPORT, MD US","39.17329","-76.68408","42.0","2019-02-17","0.21","0.0","0.0",,"37","26","    1",,,,,,,,,,,,,
"USW00093721","BALTIMORE WASHINGTON INTERNATIONAL AIRPORT, MD US","39.17329","-76.68408","42.0","2019-02-18","0.28","0.0","0.0",,"48","33","    1",,,,,,,,,,,,,
"USW00093721","BALTIMORE WASHINGTON INTERNATIONAL AIRPORT, MD US","39.17329","-76.68408","42.0","2019-02-19","0.00","0.0","0.0",,"41","26",,,,,,,,,,,,,,
"USW00093721","BALTIMORE WASHINGTON INTERNATIONAL AIRPORT, MD US","39.17329","-76.68408","42.0","2019-02-20","0.74","4.5","0.0",,"33","28","    1","    1",,,,"    1",,,,,,,,
"USW00093721","BALTIMORE WASHINGTON INTERNATIONAL AIRPORT, MD US","39.17329","-76.68408","42.0","2019-02-21","0.00","0.0","3.1",,"57","30","    1",,,,,"    1",,,,,,,,
"USW00093721","BALTIMORE WASHINGTON INTERNATIONAL AIRPORT, MD US","39.17329","-76.68408","42.0","2019-02-22","0.00","0.0","0.0",,"50","37",,,,,,,,,,,,,,
"USW00093721","BALTIMORE WASHINGTON INTERNATIONAL AIRPORT, MD US","39.17329","-76.68408","42.0","2019-02-23","0.17","0.0","0.0",,"40","36","    1",,,,,,,,,,,,,
"USW00093721","BALTIMORE WASHINGTON INTERNATIONAL AIRPORT, MD US","39.17329","-76.68408","42.0","2019-02-24","0.46","0.0","0.0",,"55","37","    1",,,,,,,,,,,,,
"USW00093721","BALTIMORE WASHINGTON INTERNATIONAL AIRPORT, MD US","39.17329","-76.68408","42.0","2019-02-25","0.00","0.0","0.0",,"47","36",,,,,,,,,,,,,,
"USW00093721","BALTIMORE WASHINGTON INTERNATIONAL AIRPORT, MD US","39.17329","-76.68408","42.0","2019-02-26","0.00","0.0","0.0",,"53","27",,,,,,,,,,,,,,
"USW00093721","BALTIMORE WASHINGTON INTERNATIONAL AIRPORT, MD US","39.17329","-76.68408","42.0","2019-02-27","0.00","0.0","0.0",,"38","29",,,,,,,,,,,,,,
"USW00093721","BALTIMORE WASHINGTON INTERNATIONAL AIRPORT, MD US","39.17329","-76.68408","42.0","2019-02-28","0.00","0.0","0.0",,"46","36",,,,,,,,,,,,,,
"USW00093721","BALTIMORE WASHINGTON INTERNATIONAL AIRPORT, MD US","39.17329","-76.68408","42.0","2019-03-01","0.74","2.3","2.0",,"36","30","    1","    1",,,,,,,,,,,,
"USW00093721","BALTIMORE WASHINGTON INTERNATIONAL AIRPORT, MD US","39.17329","-76.68408","42.0","2019-03-02","0.05","0.0","0.0",,"46","33","    1",,,,,,,,,,,,,
"USW00093721","BALTIMORE WASHINGTON INTERNATIONAL AIRPORT, MD US","39.17329","-76.68408","42.0","2019-03-03","0.79","0.2","0.0",,"41","33","    1",,,,,,,,,,,,,
"USW00093721","BALTIMORE WASHINGTON INTERNATIONAL AIRPORT, MD US","39.17329","-76.68408","42.0","2019-03-04","0.01","0.0","0.0",,"40","27","    1",,,,,,,,,,,,,
"USW00093721","BALTIMORE WASHINGTON INTERNATIONAL AIRPORT, MD US","39.17329","-76.68408","42.0","2019-03-05","0.00","0.0","0.0",,"40","22",,,,,,,,,,,,,,
"USW00093721","BALTIMORE WASHINGTON INTERNATIONAL AIRPORT, MD US","39.17329","-76.68408","42.0","2019-03-06","0.00","0.0","0.0",,"32","18",,,,,,,,,,,,,,
"USW00093721","BALTIMORE WASHINGTON INTERNATIONAL AIRPORT, MD US","39.17329","-76.68408","42.0","2019-03-07","0.00","0.0","0.0",,"42","18",,,,,,,,,,,,,,
"USW00093721","BALTIMORE WASHINGTON INTERNATIONAL AIRPORT, MD US","39.17329","-76.68408","42.0","2019-03-08","0.14","0.2","0.0",,"40","26","    1","    1",,,,,,,,,,,,
"USW00093721","BALTIMORE WASHINGTON INTERNATIONAL AIRPORT, MD US","39.17329","-76.68408","42.0","2019-03-09","0.04","0.0","0.0",,"42","33","    1","    1",,,,,"    1",,,,,,,
"USW00093721","BALTIMORE WASHINGTON INTERNATIONAL AIRPORT, MD US","39.17329","-76.68408","42.0","2019-03-10","0.46","0.0","0.0",,"57","37","    1",,,,,,,,,,,,,
"USW00093721","BALTIMORE WASHINGTON INTERNATIONAL AIRPORT, MD US","39.17329","-76.68408","42.0","2019-03-11","0.00","0.0","0.0",,"62","43",,,,,,,,,,,,,,
"USW00093721","BALTIMORE WASHINGTON INTERNATIONAL AIRPORT, MD US","39.17329","-76.68408","42.0","2019-03-12","0.00","0.0","0.0",,"52","30",,,,,,,,,,,,,,
"USW00093721","BALTIMORE WASHINGTON INTERNATIONAL AIRPORT, MD US","39.17329","-76.68408","42.0","2019-03-13","0.00","0.0","0.0",,"56","25",,,,,,,,,,,,,,
"USW00093721","BALTIMORE WASHINGTON INTERNATIONAL AIRPORT, MD US","39.17329","-76.68408","42.0","2019-03-14","0.00","0.0","0.0",,"72","39",,,,,,,,,,,,,,
"USW00093721","BALTIMORE WASHINGTON INTERNATIONAL AIRPORT, MD US","39.17329","-76.68408","42.0","2019-03-15","0.03","0.0","0.0",,"78","54",,,,,,,"    1",,,,,,,
"USW00093721","BALTIMORE WASHINGTON INTERNATIONAL AIRPORT, MD US","39.17329","-76.68408","42.0","2019-03-16","0.00","0.0","0.0",,"54","39",,,,,,,,,,,,,,
"USW00093721","BALTIMORE WASHINGTON INTERNATIONAL AIRPORT, MD US","39.17329","-76.68408","42.0","2019-03-17","0.00","0.0","0.0",,"51","28",,,,,,,,,,,,,,
"USW00093721","BALTIMORE WASHINGTON INTERNATIONAL AIRPORT, MD US","39.17329","-76.68408","42.0","2019-03-18","0.00","0.0","0.0",,"49","33",,,,,,,,,,,,,,
"USW00093721","BALTIMORE WASHINGTON INTERNATIONAL AIRPORT, MD US","39.17329","-76.68408","42.0","2019-03-19","0.00","0.0","0.0",,"52","27",,,,,,,,,,,,,,
"USW00093721","BALTIMORE WASHINGTON INTERNATIONAL AIRPORT, MD US","39.17329","-76.68408","42.0","2019-03-20","0.01","0.0","0.0",,"52","28",,,,,,,,,,,,,,
"USW00093721","BALTIMORE WASHINGTON INTERNATIONAL AIRPORT, MD US","39.17329","-76.68408","42.0","2019-03-21","1.74","0.0","0.0",,"51","43","    1",,,,,,,,,,,,,
"USW00093721","BALTIMORE WASHINGTON INTERNATIONAL AIRPORT, MD US","39.17329","-76.68408","42.0","2019-03-22","0.11","0.0","0.0",,"53","39","    1",,"    1",,,,,,,,,,,
"USW00093721","BALTIMORE WASHINGTON INTERNATIONAL AIRPORT, MD US","39.17329","-76.68408","42.0","2019-03-23","0.00","0.0","0.0",,"52","34",,,,,,,,,,,,,,
"USW00093721","BALTIMORE WASHINGTON INTERNATIONAL AIRPORT, MD US","39.17329","-76.68408","42.0","2019-03-24","0.00","0.0","0.0",,"65","28",,,,,,,,,,,,,,
"USW00093721","BALTIMORE WASHINGTON INTERNATIONAL AIRPORT, MD US","39.17329","-76.68408","42.0","2019-03-25","0.00","0.0","0.0",,"63","41",,,,,,,,,,,,,,
"USW00093721","BALTIMORE WASHINGTON INTERNATIONAL AIRPORT, MD US","39.17329","-76.68408","42.0","2019-03-26","0.00","0.0","0.0",,"50","30",,,,,,,,,,,,,,
"USW00093721","BALTIMORE WASHINGTON INTERNATIONAL AIRPORT, MD US","39.17329","-76.68408","42.0","2019-03-27","0.00","0.0","0.0",,"51","28",,,,,,,,,,,,,,
"USW00093721","BALTIMORE WASHINGTON INTERNATIONAL AIRPORT, MD US","39.17329","-76.68408","42.0","2019-03-28","0.00","0.0","0.0",,"60","28",,,,,,,,,,,,,,
"USW00093721","BALTIMORE WASHINGTON INTERNATIONAL AIRPORT, MD US","39.17329","-76.68408","42.0","2019-03-29","0.00","0.0","0.0",,"71","41",,,,,,,,,,,,,,
"USW00093721","BALTIMORE WASHINGTON INTERNATIONAL AIRPORT, MD US","39.17329","-76.68408","42.0","2019-03-30","0.00","0.0","0.0",,"77","49",,,,,,,,,,,,,,
"USW00093721","BALTIMORE WASHINGTON INTERNATIONAL AIRPORT, MD US","39.17329","-76.68408","42.0","2019-03-31","0.02","0.0","0.0",,"64","33",,,,,,,,,,,,,,
"USW00093721","BALTIMORE WASHINGTON INTERNATIONAL AIRPORT, MD US","39.17329","-76.68408","42.0","2019-04-01","0.00","0.0","0.0",,"50","31",,,,,,,,,,,,,,
"USW00093721","BALTIMORE WASHINGTON INTERNATIONAL AIRPORT, MD US","39.17329","-76.68408","42.0","2019-04-02","0.03","0.0","0.0",,"49","30",,,,,,,,,,,,,,
"USW00093721","BALTIMORE WASHINGTON INTERNATIONAL AIRPORT, MD US","39.17329","-76.68408","42.0","2019-04-03","0.00","0.0","0.0",,"70","34",,,,,,,,,,,,,,
"USW00093721","BALTIMORE WASHINGTON INTERNATIONAL AIRPORT, MD US","39.17329","-76.68408","42.0","2019-04-04","0.00","0.0","0.0",,"67","40",,,,,,,,,,,,,,
"USW00093721","BALTIMORE WASHINGTON INTERNATIONAL AIRPORT, MD US","39.17329","-76.68408","42.0","2019-04-05","0.02","0.0","0.0",,"53","43","    1",,,,,,,,,,,,,
"USW00093721","BALTIMORE WASHINGTON INTERNATIONAL AIRPORT, MD US","39.17329","-76.68408","42.0","2019-04-06","0.00","0.0","0.0",,"70","43","    1",,,,,,"    1",,,,,,,
"USW00093721","BALTIMORE WASHINGTON INTERNATIONAL AIRPORT, MD US","39.17329","-76.68408","42.0","2019-04-07","0.00","0.0","0.0",,"71","43",,,,,,,,,,,,,,
"USW00093721","BALTIMORE WASHINGTON INTERNATIONAL AIRPORT, MD US","39.17329","-76.68408","42.0","2019-04-08","0.02","0.0","0.0",,"84","54",,,"    1",,,,,,,,,,,
"USW00093721","BALTIMORE WASHINGTON INTERNATIONAL AIRPORT, MD US","39.17329","-76.68408","42.0","2019-04-09","0.00","0.0","0.0",,"80","61",,,,,,,,,,,,,,
"USW00093721","BALTIMORE WASHINGTON INTERNATIONAL AIRPORT, MD US","39.17329","-76.68408","42.0","2019-04-10","0.00","0.0","0.0",,"69","44",,,,,,,,,,,,,,
"USW00093721","BALTIMORE WASHINGTON INTERNATIONAL AIRPORT, MD US","39.17329","-76.68408","42.0","2019-04-11","0.00","0.0","0.0",,"58","45",,,,,,,,,,,,,,
"USW00093721","BALTIMORE WASHINGTON INTERNATIONAL AIRPORT, MD US","39.17329","-76.68408","42.0","2019-04-12","0.04","0.0","0.0",,"72","47","    1",,,,,,,,,,,,,
"USW00093721","BALTIMORE WASHINGTON INTERNATIONAL AIRPORT, MD US","39.17329","-76.68408","42.0","2019-04-13","0.10","0.0","0.0",,"77","61","    1",,,,,,,,,,,,,
"USW00093721","BALTIMORE WASHINGTON INTERNATIONAL AIRPORT, MD US","39.17329","-76.68408","42.0","2019-04-14","0.00","0.0","0.0",,"73","57","    1",,,,,,,,,,,,,
"USW00093721","BALTIMORE WASHINGTON INTERNATIONAL AIRPORT, MD US","39.17329","-76.68408","42.0","2019-04-15","0.40","0.0","0.0",,"71","43","    1",,"    1",,,,,,,,,,,
"USW00093721","BALTIMORE WASHINGTON INTERNATIONAL AIRPORT, MD US","39.17329","-76.68408","42.0","2019-04-16","0.00","0.0","0.0",,"69","42",,,,,,,,,,,,,,
"USW00093721","BALTIMORE WASHINGTON INTERNATIONAL AIRPORT, MD US","39.17329","-76.68408","42.0","2019-04-17","0.00","0.0","0.0",,"67","49",,,,,,,,,,,,,,
"USW00093721","BALTIMORE WASHINGTON INTERNATIONAL AIRPORT, MD US","39.17329","-76.68408","42.0","2019-04-18","0.00","0.0","0.0",,"79","53","    1",,,,,,,,,,,,,
"USW00093721","BALTIMORE WASHINGTON INTERNATIONAL AIRPORT, MD US","39.17329","-76.68408","42.0","2019-04-19","0.35","0.0","0.0",,"77","64","    1",,,,,,,,,,,,,
"USW00093721","BALTIMORE WASHINGTON INTERNATIONAL AIRPORT, MD US","39.17329","-76.68408","42.0","2019-04-20","0.01","0.0","0.0",,"74","59","    1",,,,,,,,,,,,,
"USW00093721","BALTIMORE WASHINGTON INTERNATIONAL AIRPORT, MD US","39.17329","-76.68408","42.0","2019-04-21","0.00","0.0","0.0",,"69","52",,,,,,,,,,,,,,
"USW00093721","BALTIMORE WASHINGTON INTERNATIONAL AIRPORT, MD US","39.17329","-76.68408","42.0","2019-04-22","0.00","0.0","0.0",,"73","52",,,,,,,,,,,,,,
"USW00093721","BALTIMORE WASHINGTON INTERNATIONAL AIRPORT, MD US","39.17329","-76.68408","42.0","2019-04-23","0.00","0.0","0.0",,"84","48",,,,,,,,,,,,,,
"USW00093721","BALTIMORE WASHINGTON INTERNATIONAL AIRPORT, MD US","39.17329","-76.68408","42.0","2019-04-24","0.00","0.0","0.0",,"76","56",,,,,,,,,,,,,,
"USW00093721","BALTIMORE WASHINGTON INTERNATIONAL AIRPORT, MD US","39.17329","-76.68408","42.0","2019-04-25","0.01","0.0","0.0",,"73","56",,,,,,,,,,,,,,
"USW00093721","BALTIMORE WASHINGTON INTERNATIONAL AIRPORT, MD US","39.17329","-76.68408","42.0","2019-04-26","0.44","0.0","0.0",,"77","56","    1",,"    1",,,,,,,,,,,
"USW00093721","BALTIMORE WASHINGTON INTERNATIONAL AIRPORT, MD US","39.17329","-76.68408","42.0","2019-04-27","0.02","0.0","0.0",,"70","51",,,,,,,,,,,,,,
"USW00093721","BALTIMORE WASHINGTON INTERNATIONAL AIRPORT, MD US","39.17329","-76.68408","42.0","2019-04-28","0.02","0.0","0.0",,"73","48",,,,,,,,,,,,,,
"USW00093721","BALTIMORE WASHINGTON INTERNATIONAL AIRPORT, MD US","39.17329","-76.68408","42.0","2019-04-29","0.00","0.0","0.0",,"62","38",,,,,,,,,,,,,,
"USW00093721","BALTIMORE WASHINGTON INTERNATIONAL AIRPORT, MD US","39.17329","-76.68408","42.0","2019-04-30","0.00","0.0","0.0",,"82","51",,,,,,,,,,,,,,
"USW00093721","BALTIMORE WASHINGTON INTERNATIONAL AIRPORT, MD US","39.17329","-76.68408","42.0","2019-05-01","0.00","0.0","0.0",,"65","57","    1",,,,,,"    1",,,,,,,
"USW00093721","BALTIMORE WASHINGTON INTERNATIONAL AIRPORT, MD US","39.17329","-76.68408","42.0","2019-05-02","0.82","0.0","0.0",,"88","59","    1","    1","    1",,,,"    1",,,,,,,
"USW00093721","BALTIMORE WASHINGTON INTERNATIONAL AIRPORT, MD US","39.17329","-76.68408","42.0","2019-05-03","0.02","0.0","0.0",,"71","58","    1","    1",,,,,"    1",,,,,,,
"USW00093721","BALTIMORE WASHINGTON INTERNATIONAL AIRPORT, MD US","39.17329","-76.68408","42.0","2019-05-04","0.08","0.0","0.0",,"75","62","    1",,,,,,"    1",,,,,,,
"USW00093721","BALTIMORE WASHINGTON INTERNATIONAL AIRPORT, MD US","39.17329","-76.68408","42.0","2019-05-05","0.84","0.0","0.0",,"66","56","    1",,,,,,,,,,,,,
"USW00093721","BALTIMORE WASHINGTON INTERNATIONAL AIRPORT, MD US","39.17329","-76.68408","42.0","2019-05-06","0.00","0.0","0.0",,"78","57",,,,,,,,,,,,,,
"USW00093721","BALTIMORE WASHINGTON INTERNATIONAL AIRPORT, MD US","39.17329","-76.68408","42.0","2019-05-07","0.00","0.0","0.0",,"82","55","    1",,,,,,"    1",,,,,,,
"USW00093721","BALTIMORE WASHINGTON INTERNATIONAL AIRPORT, MD US","39.17329","-76.68408","42.0","2019-05-08","0.00","0.0","0.0",,"69","60",,,,,,,"    1",,,,,,,
"USW00093721","BALTIMORE WASHINGTON INTERNATIONAL AIRPORT, MD US","39.17329","-76.68408","42.0","2019-05-09","0.00","0.0","0.0",,"75","59",,,,,,,,,,,,,,
"USW00093721","BALTIMORE WASHINGTON INTERNATIONAL AIRPORT, MD US","39.17329","-76.68408","42.0","2019-05-10","0.56","0.0","0.0",,"82","65","    1",,"    1",,,,,,,,,,,
"USW00093721","BALTIMORE WASHINGTON INTERNATIONAL AIRPORT, MD US","39.17329","-76.68408","42.0","2019-05-11","0.50","0.0","0.0",,"69","57","    1",,,,,,,,,,,,,
"USW00093721","BALTIMORE WASHINGTON INTERNATIONAL AIRPORT, MD US","39.17329","-76.68408","42.0","2019-05-12","0.76","0.0","0.0",,"60","49","    1",,,,,,,,,,,,,
"USW00093721","BALTIMORE WASHINGTON INTERNATIONAL AIRPORT, MD US","39.17329","-76.68408","42.0","2019-05-13","0.68","0.0","0.0",,"56","49","    1",,,,,,,,,,,,,
"USW00093721","BALTIMORE WASHINGTON INTERNATIONAL AIRPORT, MD US","39.17329","-76.68408","42.0","2019-05-14","0.00","0.0","0.0",,"62","44","    1",,,,,,,,,,,,,
"USW00093721","BALTIMORE WASHINGTON INTERNATIONAL AIRPORT, MD US","39.17329","-76.68408","42.0","2019-05-15","0.00","0.0","0.0",,"75","44",,,,,,,"    1",,,,,,,
"USW00093721","BALTIMORE WASHINGTON INTERNATIONAL AIRPORT, MD US","39.17329","-76.68408","42.0","2019-05-16","0.02","0.0","0.0",,"78","51",,,,,,,,,,,,,,
"USW00093721","BALTIMORE WASHINGTON INTERNATIONAL AIRPORT, MD US","39.17329","-76.68408","42.0","2019-05-17","0.00","0.0","0.0",,"84","52",,,,,,,,,,,,,,
"USW00093721","BALTIMORE WASHINGTON INTERNATIONAL AIRPORT, MD US","39.17329","-76.68408","42.0","2019-05-18","0.24","0.0","0.0",,"81","63","    1",,"    1",,,,,,,,,,,
"USW00093721","BALTIMORE WASHINGTON INTERNATIONAL AIRPORT, MD US","39.17329","-76.68408","42.0","2019-05-19","0.00","0.0","0.0",,"87","61","    1",,,,,,,,,,,,,
"USW00093721","BALTIMORE WASHINGTON INTERNATIONAL AIRPORT, MD US","39.17329","-76.68408","42.0","2019-05-20","0.00","0.0","0.0",,"91","71",,,,,,,,,,,,,,
"USW00093721","BALTIMORE WASHINGTON INTERNATIONAL AIRPORT, MD US","39.17329","-76.68408","42.0","2019-05-21","0.00","0.0","0.0",,"72","56",,,,,,,,,,,,,,
"USW00093721","BALTIMORE WASHINGTON INTERNATIONAL AIRPORT, MD US","39.17329","-76.68408","42.0","2019-05-22","0.00","0.0","0.0",,"73","49",,,,,,,,,,,,,,
"USW00093721","BALTIMORE WASHINGTON INTERNATIONAL AIRPORT, MD US","39.17329","-76.68408","42.0","2019-05-23","0.47","0.0","0.0",,"86","59","    1",,"    1",,,,,,,,,,,
"USW00093721","BALTIMORE WASHINGTON INTERNATIONAL AIRPORT, MD US","39.17329","-76.68408","42.0","2019-05-24","0.00","0.0","0.0",,"84","63",,,,,,,,,,,,,,
"USW00093721","BALTIMORE WASHINGTON INTERNATIONAL AIRPORT, MD US","39.17329","-76.68408","42.0","2019-05-25","0.00","0.0","0.0",,"78","63",,,"    1",,,,,,,,,,,
"USW00093721","BALTIMORE WASHINGTON INTERNATIONAL AIRPORT, MD US","39.17329","-76.68408","42.0","2019-05-26","0.03","0.0","0.0",,"89","64",,,"    1",,,,,,,,,,,
"USW00093721","BALTIMORE WASHINGTON INTERNATIONAL AIRPORT, MD US","39.17329","-76.68408","42.0","2019-05-27","0.00","0.0","0.0",,"85","65",,,,,,,,,,,,,,
"USW00093721","BALTIMORE WASHINGTON INTERNATIONAL AIRPORT, MD US","39.17329","-76.68408","42.0","2019-05-28","0.09","0.0","0.0",,"91","64","    1",,"    1",,,,,,,,,,,
"USW00093721","BALTIMORE WASHINGTON INTERNATIONAL AIRPORT, MD US","39.17329","-76.68408","42.0","2019-05-29","0.00","0.0","0.0",,"94","66",,,"    1",,,,,,,,,,,
"USW00093721","BALTIMORE WASHINGTON INTERNATIONAL AIRPORT, MD US","39.17329","-76.68408","42.0","2019-05-30","0.40","0.0","0.0",,"91","68","    1",,"    1",,,,"    1",,,,,,,
"USW00093721","BALTIMORE WASHINGTON INTERNATIONAL AIRPORT, MD US","39.17329","-76.68408","42.0","2019-05-31","0.00","0.0","0.0",,"85","65",,,,,,,,,,,,,,
"USW00093721","BALTIMORE WASHINGTON INTERNATIONAL AIRPORT, MD US","39.17329","-76.68408","42.0","2019-06-01","0.00","0.0","0.0",,"87","64",,,,,,,,,,,,,,
"USW00093721","BALTIMORE WASHINGTON INTERNATIONAL AIRPORT, MD US","39.17329","-76.68408","42.0","2019-06-02","0.54","0.0","0.0",,"87","62","    1",,"    1",,,,,,,,,,,
"USW00093721","BALTIMORE WASHINGTON INTERNATIONAL AIRPORT, MD US","39.17329","-76.68408","42.0","2019-06-03","0.00","0.0","0.0",,"74","53",,,,,,,,,,,,,,
"USW00093721","BALTIMORE WASHINGTON INTERNATIONAL AIRPORT, MD US","39.17329","-76.68408","42.0","2019-06-04","0.00","0.0","0.0",,"77","46",,,,,,,,,,,,,,
"USW00093721","BALTIMORE WASHINGTON INTERNATIONAL AIRPORT, MD US","39.17329","-76.68408","42.0","2019-06-05","0.05","0.0","0.0",,"83","62","    1",,,,,,"    1",,,,,,,
"USW00093721","BALTIMORE WASHINGTON INTERNATIONAL AIRPORT, MD US","39.17329","-76.68408","42.0","2019-06-06","0.02","0.0","0.0",,"89","70","    1",,,,,,,,,,,,,
"USW00093721","BALTIMORE WASHINGTON INTERNATIONAL AIRPORT, MD US","39.17329","-76.68408","42.0","2019-06-07","0.00","0.0","0.0",,"84","72",,,,,,,,,,,,,,
"USW00093721","BALTIMORE WASHINGTON INTERNATIONAL AIRPORT, MD US","39.17329","-76.68408","42.0","2019-06-08","0.00","0.0","0.0",,"85","68",,,,,,,,,,,,,,
"USW00093721","BALTIMORE WASHINGTON INTERNATIONAL AIRPORT, MD US","39.17329","-76.68408","42.0","2019-06-09","0.11","0.0","0.0",,"79","64","    1",,,,,,,,,,,,,
"USW00093721","BALTIMORE WASHINGTON INTERNATIONAL AIRPORT, MD US","39.17329","-76.68408","42.0","2019-06-10","0.37","0.0","0.0",,"80","63","    1",,,,,,,,,,,,,
"USW00093721","BALTIMORE WASHINGTON INTERNATIONAL AIRPORT, MD US","39.17329","-76.68408","42.0","2019-06-11","0.01","0.0","0.0",,"81","60",,,,,,,,,,,,,,
"USW00093721","BALTIMORE WASHINGTON INTERNATIONAL AIRPORT, MD US","39.17329","-76.68408","42.0","2019-06-12","0.06","0.0","0.0",,"78","60",,,,,,,,,,,,,,
"USW00093721","BALTIMORE WASHINGTON INTERNATIONAL AIRPORT, MD US","39.17329","-76.68408","42.0","2019-06-13","0.52","0.0","0.0",,"76","60","    1",,,,,,,,,,,,,
"USW00093721","BALTIMORE WASHINGTON INTERNATIONAL AIRPORT, MD US","39.17329","-76.68408","42.0","2019-06-14","0.00","0.0","0.0",,"77","56",,,,,,,,,,,,,,
"USW00093721","BALTIMORE WASHINGTON INTERNATIONAL AIRPORT, MD US","39.17329","-76.68408","42.0","2019-06-15","0.00","0.0","0.0",,"86","53",,,,,,,,,,,,,,
"USW00093721","BALTIMORE WASHINGTON INTERNATIONAL AIRPORT, MD US","39.17329","-76.68408","42.0","2019-06-16","0.00","0.0","0.0",,"86","69",,,"    1",,,,,,,,,,,
"USW00093721","BALTIMORE WASHINGTON INTERNATIONAL AIRPORT, MD US","39.17329","-76.68408","42.0","2019-06-17","0.32","0.0","0.0",,"92","71","    1",,"    1",,,,,,,,,,,
"USW00093721","BALTIMORE WASHINGTON INTERNATIONAL AIRPORT, MD US","39.17329","-76.68408","42.0","2019-06-18","0.37","0.0","0.0",,"86","71","    1",,,,,,,,,,,,,
"USW00093721","BALTIMORE WASHINGTON INTERNATIONAL AIRPORT, MD US","39.17329","-76.68408","42.0","2019-06-19","0.10","0.0","0.0",,"88","70","    1",,,,,,,,,,,,,
"USW00093721","BALTIMORE WASHINGTON INTERNATIONAL AIRPORT, MD US","39.17329","-76.68408","42.0","2019-06-20","0.10","0.0","0.0",,"91","72","    1",,"    1",,,,,,,,,,,
"USW00093721","BALTIMORE WASHINGTON INTERNATIONAL AIRPORT, MD US","39.17329","-76.68408","42.0","2019-06-21","0.01","0.0","0.0",,"84","70",,,,,,,,,,,,,,
"USW00093721","BALTIMORE WASHINGTON INTERNATIONAL AIRPORT, MD US","39.17329","-76.68408","42.0","2019-06-22","0.00","0.0","0.0",,"83","59",,,,,,,,,,,,,,
"USW00093721","BALTIMORE WASHINGTON INTERNATIONAL AIRPORT, MD US","39.17329","-76.68408","42.0","2019-06-23","0.00","0.0","0.0",,"86","57",,,,,,,,,,,,,,
"USW00093721","BALTIMORE WASHINGTON INTERNATIONAL AIRPORT, MD US","39.17329","-76.68408","42.0","2019-06-24","0.00","0.0","0.0",,"91","62",,,,,,,,,,,,,,
"USW00093721","BALTIMORE WASHINGTON INTERNATIONAL AIRPORT, MD US","39.17329","-76.68408","42.0","2019-06-25","0.06","0.0","0.0",,"91","70","    1",,"    1",,,,,,,,,,,
"USW00093721","BALTIMORE WASHINGTON INTERNATIONAL AIRPORT, MD US","39.17329","-76.68408","42.0","2019-06-26","0.00","0.0","0.0",,"93","68",,,,,,,,,,,,,,
"USW00093721","BALTIMORE WASHINGTON INTERNATIONAL AIRPORT, MD US","39.17329","-76.68408","42.0","2019-06-27","0.00","0.0","0.0",,"96","73",,,,,,,,,,,,,,
"USW00093721","BALTIMORE WASHINGTON INTERNATIONAL AIRPORT, MD US","39.17329","-76.68408","42.0","2019-06-28","0.00","0.0","0.0",,"97","68",,,"    1",,,,,,,,,,,
"USW00093721","BALTIMORE WASHINGTON INTERNATIONAL AIRPORT, MD US","39.17329","-76.68408","42.0","2019-06-29","0.31","0.0","0.0",,"97","73","    1",,"    1",,,,,,,,,,,
"USW00093721","BALTIMORE WASHINGTON INTERNATIONAL AIRPORT, MD US","39.17329","-76.68408","42.0","2019-06-30","0.00","0.0","0.0",,"92","73",,,,,,,,,,,,,,
"USW00093721","BALTIMORE WASHINGTON INTERNATIONAL AIRPORT, MD US","39.17329","-76.68408","42.0","2019-07-01","0.00","0.0","0.0",,"88","62",,,,,,,,,,,,,,
"USW00093721","BALTIMORE WASHINGTON INTERNATIONAL AIRPORT, MD US","39.17329","-76.68408","42.0","2019-07-02","0.49","0.0","0.0",,"97","64","    1",,"    1",,,,,,,,,,,
"USW00093721","BALTIMORE WASHINGTON INTERNATIONAL AIRPORT, MD US","39.17329","-76.68408","42.0","2019-07-03","0.00","0.0","0.0",,"93","71",,,,,,,,,,,,,,
"USW00093721","BALTIMORE WASHINGTON INTERNATIONAL AIRPORT, MD US","39.17329","-76.68408","42.0","2019-07-04","0.99","0.0","0.0",,"91","74","    1",,"    1",,,,,,,,,,,
"USW00093721","BALTIMORE WASHINGTON INTERNATIONAL AIRPORT, MD US","39.17329","-76.68408","42.0","2019-07-05","0.02","0.0","0.0",,"91","75","    1",,"    1",,,,,,,,,,,
"USW00093721","BALTIMORE WASHINGTON INTERNATIONAL AIRPORT, MD US","39.17329","-76.68408","42.0","2019-07-06","0.13","0.0","0.0",,"95","74","    1",,"    1",,,,"    1",,,,,,,
"USW00093721","BALTIMORE WASHINGTON INTERNATIONAL AIRPORT, MD US","39.17329","-76.68408","42.0","2019-07-07","0.00","0.0","0.0",,"89","73",,,,,,,,,,,,,,
"USW00093721","BALTIMORE WASHINGTON INTERNATIONAL AIRPORT, MD US","39.17329","-76.68408","42.0","2019-07-08","0.75","0.0","0.0",,"79","66","    1",,"    1",,,,"    1",,,,,,,
"USW00093721","BALTIMORE WASHINGTON INTERNATIONAL AIRPORT, MD US","39.17329","-76.68408","42.0","2019-07-09","0.00","0.0","0.0",,"87","64",,,,,,,,,,,,,,
"USW00093721","BALTIMORE WASHINGTON INTERNATIONAL AIRPORT, MD US","39.17329","-76.68408","42.0","2019-07-10","0.00","0.0","0.0",,"89","67",,,,,,,,,,,,,,
"USW00093721","BALTIMORE WASHINGTON INTERNATIONAL AIRPORT, MD US","39.17329","-76.68408","42.0","2019-07-11","0.35","0.0","0.0",,"89","72","    1",,"    1",,,,"    1",,,,,,,
"USW00093721","BALTIMORE WASHINGTON INTERNATIONAL AIRPORT, MD US","39.17329","-76.68408","42.0","2019-07-12","0.00","0.0","0.0",,"90","70","    1",,,,,,,,,,,,,
"USW00093721","BALTIMORE WASHINGTON INTERNATIONAL AIRPORT, MD US","39.17329","-76.68408","42.0","2019-07-13","0.00","0.0","0.0",,"90","67",,,,,,,,,,,,,,
"USW00093721","BALTIMORE WASHINGTON INTERNATIONAL AIRPORT, MD US","39.17329","-76.68408","42.0","2019-07-14","0.00","0.0","0.0",,"93","70",,,,,,,,,,,,,,
"USW00093721","BALTIMORE WASHINGTON INTERNATIONAL AIRPORT, MD US","39.17329","-76.68408","42.0","2019-07-15","0.00","0.0","0.0",,"91","66",,,,,,,,,,,,,,
"USW00093721","BALTIMORE WASHINGTON INTERNATIONAL AIRPORT, MD US","39.17329","-76.68408","42.0","2019-07-16","0.02","0.0","0.0",,"95","69",,,,,,,,,,,,,,
"USW00093721","BALTIMORE WASHINGTON INTERNATIONAL AIRPORT, MD US","39.17329","-76.68408","42.0","2019-07-17","0.41","0.0","0.0",,"98","74","    1",,"    1",,,,,,,,,,,
"USW00093721","BALTIMORE WASHINGTON INTERNATIONAL AIRPORT, MD US","39.17329","-76.68408","42.0","2019-07-18","0.00","0.0","0.0",,"93","75",,,"    1",,,,,,,,,,,
"USW00093721","BALTIMORE WASHINGTON INTERNATIONAL AIRPORT, MD US","39.17329","-76.68408","42.0","2019-07-19","0.00","0.0","0.0",,"97","75",,,,,,,,,,,,,,
"USW00093721","BALTIMORE WASHINGTON INTERNATIONAL AIRPORT, MD US","39.17329","-76.68408","42.0","2019-07-20","0.00","0.0","0.0",,"100","78",,,,,,,,,,,,,,
"USW00093721","BALTIMORE WASHINGTON INTERNATIONAL AIRPORT, MD US","39.17329","-76.68408","42.0","2019-07-21","0.00","0.0","0.0",,"100","78",,,"    1",,,,,,,,,,,
"USW00093721","BALTIMORE WASHINGTON INTERNATIONAL AIRPORT, MD US","39.17329","-76.68408","42.0","2019-07-22","0.11","0.0","0.0",,"96","73",,,"    1",,,,"    1",,,,,,,
"USW00093721","BALTIMORE WASHINGTON INTERNATIONAL AIRPORT, MD US","39.17329","-76.68408","42.0","2019-07-23","0.58","0.0","0.0",,"77","67","    1",,,,,,,,,,,,,
"USW00093721","BALTIMORE WASHINGTON INTERNATIONAL AIRPORT, MD US","39.17329","-76.68408","42.0","2019-07-24","0.00","0.0","0.0",,"85","65",,,,,,,"    1",,,,,,,
"USW00093721","BALTIMORE WASHINGTON INTERNATIONAL AIRPORT, MD US","39.17329","-76.68408","42.0","2019-07-25","0.00","0.0","0.0",,"88","61",,,,,,,,,,,,,,
"USW00093721","BALTIMORE WASHINGTON INTERNATIONAL AIRPORT, MD US","39.17329","-76.68408","42.0","2019-07-26","0.00","0.0","0.0",,"89","63",,,,,,,,,,,,,,
"USW00093721","BALTIMORE WASHINGTON INTERNATIONAL AIRPORT, MD US","39.17329","-76.68408","42.0","2019-07-27","0.00","0.0","0.0",,"92","65",,,,,,,"    1",,,,,,,
"USW00093721","BALTIMORE WASHINGTON INTERNATIONAL AIRPORT, MD US","39.17329","-76.68408","42.0","2019-07-28","0.00","0.0","0.0",,"95","71",,,,,,,"    1",,,,,,,
"USW00093721","BALTIMORE WASHINGTON INTERNATIONAL AIRPORT, MD US","39.17329","-76.68408","42.0","2019-07-29","0.00","0.0","0.0",,"96","72",,,,,,,,,,,,,,
"USW00093721","BALTIMORE WASHINGTON INTERNATIONAL AIRPORT, MD US","39.17329","-76.68408","42.0","2019-07-30","0.00","0.0","0.0",,"98","74",,,,,,,,,,,,,,
"USW00093721","BALTIMORE WASHINGTON INTERNATIONAL AIRPORT, MD US","39.17329","-76.68408","42.0","2019-07-31","0.00","0.0","0.0",,"91","72",,,"    1",,,,,,,,,,,
"USW00093721","BALTIMORE WASHINGTON INTERNATIONAL AIRPORT, MD US","39.17329","-76.68408","42.0","2019-08-01","0.00","0.0","0.0",,"91","68",,,"    1",,,,,,,,,,,
"USW00093721","BALTIMORE WASHINGTON INTERNATIONAL AIRPORT, MD US","39.17329","-76.68408","42.0","2019-08-02","0.00","0.0","0.0",,"89","70","    1",,,,,,,,,,,,,
"USW00093721","BALTIMORE WASHINGTON INTERNATIONAL AIRPORT, MD US","39.17329","-76.68408","42.0","2019-08-03","0.27","0.0","0.0",,"90","69","    1",,"    1",,,,"    1",,,,,,,
"USW00093721","BALTIMORE WASHINGTON INTERNATIONAL AIRPORT, MD US","39.17329","-76.68408","42.0","2019-08-04","0.03","0.0","0.0",,"92","70","    1",,"    1",,,,,,,,,,,
"USW00093721","BALTIMORE WASHINGTON INTERNATIONAL AIRPORT, MD US","39.17329","-76.68408","42.0","2019-08-05","0.00","0.0","0.0",,"89","70",,,"    1",,,,,,,,,,,
"USW00093721","BALTIMORE WASHINGTON INTERNATIONAL AIRPORT, MD US","39.17329","-76.68408","42.0","2019-08-06","0.17","0.0","0.0",,"92","69","    1",,"    1",,,,"    1",,,,,,,
"USW00093721","BALTIMORE WASHINGTON INTERNATIONAL AIRPORT, MD US","39.17329","-76.68408","42.0","2019-08-07","0.50","0.0","0.0",,"92","68","    1",,"    1",,,,"    1",,,,,,,
"USW00093721","BALTIMORE WASHINGTON INTERNATIONAL AIRPORT, MD US","39.17329","-76.68408","42.0","2019-08-08","0.00","0.0","0.0",,"91","67",,,,,,,,,,,,,,
"USW00093721","BALTIMORE WASHINGTON INTERNATIONAL AIRPORT, MD US","39.17329","-76.68408","42.0","2019-08-09","0.00","0.0","0.0",,"91","70",,,,,,,,,,,,,,
"USW00093721","BALTIMORE WASHINGTON INTERNATIONAL AIRPORT, MD US","39.17329","-76.68408","42.0","2019-08-10","0.00","0.0","0.0",,"86","60",,,,,,,,,,,,,,
"USW00093721","BALTIMORE WASHINGTON INTERNATIONAL AIRPORT, MD US","39.17329","-76.68408","42.0","2019-08-11","0.00","0.0","0.0",,"87","62",,,,,,,,,,,,,,
"USW00093721","BALTIMORE WASHINGTON INTERNATIONAL AIRPORT, MD US","39.17329","-76.68408","42.0","2019-08-12","0.00","0.0","0.0",,"93","60",,,,,,,,,,,,,,
"USW00093721","BALTIMORE WASHINGTON INTERNATIONAL AIRPORT, MD US","39.17329","-76.68408","42.0","2019-08-13","0.03","0.0","0.0",,"85","76","    1",,,,,,,,,,,,,
"USW00093721","BALTIMORE WASHINGTON INTERNATIONAL AIRPORT, MD US","39.17329","-76.68408","42.0","2019-08-14","0.03","0.0","0.0",,"88","75","    1",,,,,,"    1",,,,,,,
"USW00093721","BALTIMORE WASHINGTON INTERNATIONAL AIRPORT, MD US","39.17329","-76.68408","42.0","2019-08-15","0.00","0.0","0.0",,"87","72","    1",,,,,,"    1",,,,,,,
"USW00093721","BALTIMORE WASHINGTON INTERNATIONAL AIRPORT, MD US","39.17329","-76.68408","42.0","2019-08-16","0.00","0.0","0.0",,"89","73","    1",,,,,,"    1",,,,,,,
"USW00093721","BALTIMORE WASHINGTON INTERNATIONAL AIRPORT, MD US","39.17329","-76.68408","42.0","2019-08-17","0.00","0.0","0.0",,"92","73","    1",,"    1",,,,"    1",,,,,,,
"USW00093721","BALTIMORE WASHINGTON INTERNATIONAL AIRPORT, MD US","39.17329","-76.68408","42.0","2019-08-18","0.01","0.0","0.0",,"96","72","    1",,"    1",,,,,,,,,,,
"USW00093721","BALTIMORE WASHINGTON INTERNATIONAL AIRPORT, MD US","39.17329","-76.68408","42.0","2019-08-19","0.00","0.0","0.0",,"99","70",,,"    1",,,,,,,,,,,
"USW00093721","BALTIMORE WASHINGTON INTERNATIONAL AIRPORT, MD US","39.17329","-76.68408","42.0","2019-08-20","0.00","0.0","0.0",,"97","72",,,"    1",,,,,,,,,,,
"USW00093721","BALTIMORE WASHINGTON INTERNATIONAL AIRPORT, MD US","39.17329","-76.68408","42.0","2019-08-21","0.07","0.0","0.0",,"95","71","    1",,,,,,,,,,,,,
"USW00093721","BALTIMORE WASHINGTON INTERNATIONAL AIRPORT, MD US","39.17329","-76.68408","42.0","2019-08-22","1.21","0.0","0.0",,"95","71","    1",,"    1",,,,,,,,,,,
"USW00093721","BALTIMORE WASHINGTON INTERNATIONAL AIRPORT, MD US","39.17329","-76.68408","42.0","2019-08-23","0.07","0.0","0.0",,"74","64","    1",,,,,,,,,,,,,
"USW00093721","BALTIMORE WASHINGTON INTERNATIONAL AIRPORT, MD US","39.17329","-76.68408","42.0","2019-08-24","0.00","0.0","0.0",,"79","62",,,,,,,,,,,,,,
"USW00093721","BALTIMORE WASHINGTON INTERNATIONAL AIRPORT, MD US","39.17329","-76.68408","42.0","2019-08-25","0.00","0.0","0.0",,"80","60",,,,,,,,,,,,,,
"USW00093721","BALTIMORE WASHINGTON INTERNATIONAL AIRPORT, MD US","39.17329","-76.68408","42.0","2019-08-26","0.00","0.0","0.0",,"77","63",,,,,,,,,,,,,,
"USW00093721","BALTIMORE WASHINGTON INTERNATIONAL AIRPORT, MD US","39.17329","-76.68408","42.0","2019-08-27","0.00","0.0","0.0",,"80","63",,,,,,,,,,,,,,
"USW00093721","BALTIMORE WASHINGTON INTERNATIONAL AIRPORT, MD US","39.17329","-76.68408","42.0","2019-08-28","0.00","0.0","0.0",,"82","65",,,,,,,,,,,,,,
"USW00093721","BALTIMORE WASHINGTON INTERNATIONAL AIRPORT, MD US","39.17329","-76.68408","42.0","2019-08-29","0.00","0.0","0.0",,"84","62","    1",,,,,,,,,,,,,
"USW00093721","BALTIMORE WASHINGTON INTERNATIONAL AIRPORT, MD US","39.17329","-76.68408","42.0","2019-08-30","0.00","0.0","0.0",,"91","58",,,,,,,,,,,,,,
"USW00093721","BALTIMORE WASHINGTON INTERNATIONAL AIRPORT, MD US","39.17329","-76.68408","42.0","2019-08-31","0.00","0.0","0.0",,"88","64",,,,,,,,,,,,,,
"USW00093721","BALTIMORE WASHINGTON INTERNATIONAL AIRPORT, MD US","39.17329","-76.68408","42.0","2019-09-01","0.00","0.0","0.0",,"83","70",,,,,,,,,,,,,,
"USW00093721","BALTIMORE WASHINGTON INTERNATIONAL AIRPORT, MD US","39.17329","-76.68408","42.0","2019-09-02","0.00","0.0","0.0",,"90","69","    1",,"    1",,,,,,,,,,,
"USW00093721","BALTIMORE WASHINGTON INTERNATIONAL AIRPORT, MD US","39.17329","-76.68408","42.0","2019-09-03","0.00","0.0","0.0",,"89","66",,,,,,,,,,,,,,
"USW00093721","BALTIMORE WASHINGTON INTERNATIONAL AIRPORT, MD US","39.17329","-76.68408","42.0","2019-09-04","0.00","0.0","0.0",,"96","68","    1",,"    1",,,,"    1",,,,,,,
"USW00093721","BALTIMORE WASHINGTON INTERNATIONAL AIRPORT, MD US","39.17329","-76.68408","42.0","2019-09-05","0.00","0.0","0.0",,"81","71",,,,,,,,,,,,,,
"USW00093721","BALTIMORE WASHINGTON INTERNATIONAL AIRPORT, MD US","39.17329","-76.68408","42.0","2019-09-06","0.00","0.0","0.0",,"72","60",,,,,,,,,,,,,,
"USW00093721","BALTIMORE WASHINGTON INTERNATIONAL AIRPORT, MD US","39.17329","-76.68408","42.0","2019-09-07","0.00","0.0","0.0",,"85","56","    1",,,,,,,,,,,,,
"USW00093721","BALTIMORE WASHINGTON INTERNATIONAL AIRPORT, MD US","39.17329","-76.68408","42.0","2019-09-08","0.00","0.0","0.0",,"86","58",,,,,,,,,,,,,,
"USW00093721","BALTIMORE WASHINGTON INTERNATIONAL AIRPORT, MD US","39.17329","-76.68408","42.0","2019-09-09","0.00","0.0","0.0",,"86","65",,,,,,,,,,,,,,
"USW00093721","BALTIMORE WASHINGTON INTERNATIONAL AIRPORT, MD US","39.17329","-76.68408","42.0","2019-09-10","0.00","0.0","0.0",,"88","63",,,,,,,,,,,,,,
"USW00093721","BALTIMORE WASHINGTON INTERNATIONAL AIRPORT, MD US","39.17329","-76.68408","42.0","2019-09-11","0.00","0.0","0.0",,"98","69",,,,,,,,,,,,,,
"USW00093721","BALTIMORE WASHINGTON INTERNATIONAL AIRPORT, MD US","39.17329","-76.68408","42.0","2019-09-12","0.12","0.0","0.0",,"97","71","    1",,,,,,"    1",,,,,,,
"USW00093721","BALTIMORE WASHINGTON INTERNATIONAL AIRPORT, MD US","39.17329","-76.68408","42.0","2019-09-13","0.03","0.0","0.0",,"73","66","    1",,,,,,,,,,,,,
"USW00093721","BALTIMORE WASHINGTON INTERNATIONAL AIRPORT, MD US","39.17329","-76.68408","42.0","2019-09-14","0.00","0.0","0.0",,"80","63",,,,,,,"    1",,,,,,,
"USW00093721","BALTIMORE WASHINGTON INTERNATIONAL AIRPORT, MD US","39.17329","-76.68408","42.0","2019-09-15","0.00","0.0","0.0",,"89","63",,,,,,,,,,,,,,
"USW00093721","BALTIMORE WASHINGTON INTERNATIONAL AIRPORT, MD US","39.17329","-76.68408","42.0","2019-09-16","0.00","0.0","0.0",,"93","60",,,,,,,,,,,,,,
"USW00093721","BALTIMORE WASHINGTON INTERNATIONAL AIRPORT, MD US","39.17329","-76.68408","42.0","2019-09-17","0.00","0.0","0.0",,"82","62",,,,,,,,,,,,,,
"USW00093721","BALTIMORE WASHINGTON INTERNATIONAL AIRPORT, MD US","39.17329","-76.68408","42.0","2019-09-18","0.00","0.0","0.0",,"78","56",,,,,,,,,,,,,,
"USW00093721","BALTIMORE WASHINGTON INTERNATIONAL AIRPORT, MD US","39.17329","-76.68408","42.0","2019-09-19","0.00","0.0","0.0",,"73","50",,,,,,,,,,,,,,
"USW00093721","BALTIMORE WASHINGTON INTERNATIONAL AIRPORT, MD US","39.17329","-76.68408","42.0","2019-09-20","0.00","0.0","0.0",,"81","49",,,,,,,,,,,,,,
"USW00093721","BALTIMORE WASHINGTON INTERNATIONAL AIRPORT, MD US","39.17329","-76.68408","42.0","2019-09-21","0.00","0.0","0.0",,"91","52",,,,,,,,,,,,,,
"USW00093721","BALTIMORE WASHINGTON INTERNATIONAL AIRPORT, MD US","39.17329","-76.68408","42.0","2019-09-22","0.00","0.0","0.0",,"91","62",,,,,,,,,,,,,,
"USW00093721","BALTIMORE WASHINGTON INTERNATIONAL AIRPORT, MD US","39.17329","-76.68408","42.0","2019-09-23","0.00","0.0","0.0",,"95","69",,,,,,,"    1",,,,,,,
"USW00093721","BALTIMORE WASHINGTON INTERNATIONAL AIRPORT, MD US","39.17329","-76.68408","42.0","2019-09-24","0.00","0.0","0.0",,"82","60",,,,,,,,,,,,,,
"USW00093721","BALTIMORE WASHINGTON INTERNATIONAL AIRPORT, MD US","39.17329","-76.68408","42.0","2019-09-25","0.00","0.0","0.0",,"84","54",,,,,,,"    1",,,,,,,
"USW00093721","BALTIMORE WASHINGTON INTERNATIONAL AIRPORT, MD US","39.17329","-76.68408","42.0","2019-09-26","0.01","0.0","0.0",,"89","58",,,,,,,,,,,,,,
"USW00093721","BALTIMORE WASHINGTON INTERNATIONAL AIRPORT, MD US","39.17329","-76.68408","42.0","2019-09-27","0.00","0.0","0.0",,"82","57",,,,,,,,,,,,,,
"USW00093721","BALTIMORE WASHINGTON INTERNATIONAL AIRPORT, MD US","39.17329","-76.68408","42.0","2019-09-28","0.00","0.0","0.0",,"89","64",,,,,,,,,,,,,,
"USW00093721","BALTIMORE WASHINGTON INTERNATIONAL AIRPORT, MD US","39.17329","-76.68408","42.0","2019-09-29","0.00","0.0","0.0",,"87","69",,,,,,,,,,,,,,
"USW00093721","BALTIMORE WASHINGTON INTERNATIONAL AIRPORT, MD US","39.17329","-76.68408","42.0","2019-09-30","0.00","0.0","0.0",,"75","64",,,,,,,,,,,,,,
"USW00093721","BALTIMORE WASHINGTON INTERNATIONAL AIRPORT, MD US","39.17329","-76.68408","42.0","2019-10-01","0.00","0.0","0.0",,"90","68",,,,,,,,,,,,,,
"USW00093721","BALTIMORE WASHINGTON INTERNATIONAL AIRPORT, MD US","39.17329","-76.68408","42.0","2019-10-02","0.00","0.0","0.0",,"98","72",,,,,,,,,,,,,,
"USW00093721","BALTIMORE WASHINGTON INTERNATIONAL AIRPORT, MD US","39.17329","-76.68408","42.0","2019-10-03","0.00","0.0","0.0",,"84","70","    1",,,,,,,,,,,,,
"USW00093721","BALTIMORE WASHINGTON INTERNATIONAL AIRPORT, MD US","39.17329","-76.68408","42.0","2019-10-04","0.00","0.0","0.0",,"79","47","    1",,,,,,,,,,,,,
"USW00093721","BALTIMORE WASHINGTON INTERNATIONAL AIRPORT, MD US","39.17329","-76.68408","42.0","2019-10-05","0.00","0.0","0.0",,"67","47",,,,,,,"    1",,,,,,,
"USW00093721","BALTIMORE WASHINGTON INTERNATIONAL AIRPORT, MD US","39.17329","-76.68408","42.0","2019-10-06","0.00","0.0","0.0",,"73","60",,,,,,,,,,,,,,
"USW00093721","BALTIMORE WASHINGTON INTERNATIONAL AIRPORT, MD US","39.17329","-76.68408","42.0","2019-10-07","0.16","0.0","0.0",,"83","60","    1",,,,,,,,,,,,,
"USW00093721","BALTIMORE WASHINGTON INTERNATIONAL AIRPORT, MD US","39.17329","-76.68408","42.0","2019-10-08","0.00","0.0","0.0",,"69","56",,,,,,,,,,,,,,
"USW00093721","BALTIMORE WASHINGTON INTERNATIONAL AIRPORT, MD US","39.17329","-76.68408","42.0","2019-10-09","0.09","0.0","0.0",,"71","55","    1",,,,,,,,,,,,,
"USW00093721","BALTIMORE WASHINGTON INTERNATIONAL AIRPORT, MD US","39.17329","-76.68408","42.0","2019-10-10","0.00","0.0","0.0",,"79","56",,,,,,,,,,,,,,
"USW00093721","BALTIMORE WASHINGTON INTERNATIONAL AIRPORT, MD US","39.17329","-76.68408","42.0","2019-10-11","0.00","0.0","0.0",,"76","52",,,,,,,,,,,,,,
"USW00093721","BALTIMORE WASHINGTON INTERNATIONAL AIRPORT, MD US","39.17329","-76.68408","42.0","2019-10-12","0.00","0.0","0.0",,"75","49","    1",,,,,,,,,,,,,
"USW00093721","BALTIMORE WASHINGTON INTERNATIONAL AIRPORT, MD US","39.17329","-76.68408","42.0","2019-10-13","0.00","0.0","0.0",,"66","51",,,"    1",,,,,,,,,,,
"USW00093721","BALTIMORE WASHINGTON INTERNATIONAL AIRPORT, MD US","39.17329","-76.68408","42.0","2019-10-14","0.00","0.0","0.0",,"77","47","    1",,,,,,,,,,,,,
"USW00093721","BALTIMORE WASHINGTON INTERNATIONAL AIRPORT, MD US","39.17329","-76.68408","42.0","2019-10-15","0.00","0.0","0.0",,"71","45",,,,,,,"    1",,,,,,,
"USW00093721","BALTIMORE WASHINGTON INTERNATIONAL AIRPORT, MD US","39.17329","-76.68408","42.0","2019-10-16","1.29","0.0","0.0",,"65","48","    1",,,,,,,,,,,,,
"USW00093721","BALTIMORE WASHINGTON INTERNATIONAL AIRPORT, MD US","39.17329","-76.68408","42.0","2019-10-17","0.00","0.0","0.0",,"61","49",,,,,,,,,,,,,,
"USW00093721","BALTIMORE WASHINGTON INTERNATIONAL AIRPORT, MD US","39.17329","-76.68408","42.0","2019-10-18","0.00","0.0","0.0",,"65","46",,,,,,,,,,,,,,
"USW00093721","BALTIMORE WASHINGTON INTERNATIONAL AIRPORT, MD US","39.17329","-76.68408","42.0","2019-10-19","0.00","0.0","0.0",,"66","40","    1",,,,,,,,,,,,,
"USW00093721","BALTIMORE WASHINGTON INTERNATIONAL AIRPORT, MD US","39.17329","-76.68408","42.0","2019-10-20","1.35","0.0","0.0",,"57","49","    1",,,,,,,,,,,,,
"USW00093721","BALTIMORE WASHINGTON INTERNATIONAL AIRPORT, MD US","39.17329","-76.68408","42.0","2019-10-21","0.00","0.0","0.0",,"69","54",,,,,,,,,,,,,,
"USW00093721","BALTIMORE WASHINGTON INTERNATIONAL AIRPORT, MD US","39.17329","-76.68408","42.0","2019-10-22","0.72","0.0","0.0",,"63","55","    1",,,,,,,,,,,,,
"USW00093721","BALTIMORE WASHINGTON INTERNATIONAL AIRPORT, MD US","39.17329","-76.68408","42.0","2019-10-23","0.00","0.0","0.0",,"68","44",,,,,,,,,,,,,,
"USW00093721","BALTIMORE WASHINGTON INTERNATIONAL AIRPORT, MD US","39.17329","-76.68408","42.0","2019-10-24","0.00","0.0","0.0",,"70","40",,,,,,,,,,,,,,
"USW00093721","BALTIMORE WASHINGTON INTERNATIONAL AIRPORT, MD US","39.17329","-76.68408","42.0","2019-10-25","0.00","0.0","0.0",,"68","45","    1",,,,,,,,,,,,,
"USW00093721","BALTIMORE WASHINGTON INTERNATIONAL AIRPORT, MD US","39.17329","-76.68408","42.0","2019-10-26","0.01","0.0","0.0",,"65","56",,,,,,,,,,,,,,
"USW00093721","BALTIMORE WASHINGTON INTERNATIONAL AIRPORT, MD US","39.17329","-76.68408","42.0","2019-10-27","1.27","0.0","0.0",,"80","54","    1",,,,,,,,,,,,,
"USW00093721","BALTIMORE WASHINGTON INTERNATIONAL AIRPORT, MD US","39.17329","-76.68408","42.0","2019-10-28","0.00","0.0","0.0",,"68","48",,,,,,,,,,,,,,
"USW00093721","BALTIMORE WASHINGTON INTERNATIONAL AIRPORT, MD US","39.17329","-76.68408","42.0","2019-10-29","0.00","0.0","0.0",,"65","53",,,,,,,,,,,,,,
"USW00093721","BALTIMORE WASHINGTON INTERNATIONAL AIRPORT, MD US","39.17329","-76.68408","42.0","2019-10-30","0.34","0.0","0.0",,"67","55","    1",,,,,,,,,,,,,
"USW00093721","BALTIMORE WASHINGTON INTERNATIONAL AIRPORT, MD US","39.17329","-76.68408","42.0","2019-10-31","0.98","0.0","0.0",,"77","51","    1",,"    1",,,,,,,,,,,
"USW00093721","BALTIMORE WASHINGTON INTERNATIONAL AIRPORT, MD US","39.17329","-76.68408","42.0","2019-11-01","0.00","0.0","0.0",,"54","38",,,,,,,,,,,,,,
"USW00093721","BALTIMORE WASHINGTON INTERNATIONAL AIRPORT, MD US","39.17329","-76.68408","42.0","2019-11-02","0.00","0.0","0.0",,"55","32",,,,,,,,,,,,,,
"USW00093721","BALTIMORE WASHINGTON INTERNATIONAL AIRPORT, MD US","39.17329","-76.68408","42.0","2019-11-03","0.00","0.0","0.0",,"56","34",,,,,,,,,,,,,,
"USW00093721","BALTIMORE WASHINGTON INTERNATIONAL AIRPORT, MD US","39.17329","-76.68408","42.0","2019-11-04","0.00","0.0","0.0",,"62","31",,,,,,,"    1",,,,,,,
"USW00093721","BALTIMORE WASHINGTON INTERNATIONAL AIRPORT, MD US","39.17329","-76.68408","42.0","2019-11-05","0.00","0.0","0.0",,"68","37",,,,,,,,,,,,,,
"USW00093721","BALTIMORE WASHINGTON INTERNATIONAL AIRPORT, MD US","39.17329","-76.68408","42.0","2019-11-06","0.00","0.0","0.0",,"60","39",,,,,,,,,,,,,,
"USW00093721","BALTIMORE WASHINGTON INTERNATIONAL AIRPORT, MD US","39.17329","-76.68408","42.0","2019-11-07","0.10","0.0","0.0",,"59","44",,,,,,,,,,,,,,
"USW00093721","BALTIMORE WASHINGTON INTERNATIONAL AIRPORT, MD US","39.17329","-76.68408","42.0","2019-11-08","0.00","0.0","0.0",,"47","30",,,,,,,,,,,,,,
"USW00093721","BALTIMORE WASHINGTON INTERNATIONAL AIRPORT, MD US","39.17329","-76.68408","42.0","2019-11-09","0.00","0.0","0.0",,"44","24",,,,,,,,,,,,,,
"USW00093721","BALTIMORE WASHINGTON INTERNATIONAL AIRPORT, MD US","39.17329","-76.68408","42.0","2019-11-10","0.00","0.0","0.0",,"59","33",,,,,,,,,,,,,,
"USW00093721","BALTIMORE WASHINGTON INTERNATIONAL AIRPORT, MD US","39.17329","-76.68408","42.0","2019-11-11","0.00","0.0","0.0",,"69","34","    1",,,,,,,,,,,,,
"USW00093721","BALTIMORE WASHINGTON INTERNATIONAL AIRPORT, MD US","39.17329","-76.68408","42.0","2019-11-12","0.08","0.0","0.0",,"63","29","    1",,,,,,,,,,,,,
"USW00093721","BALTIMORE WASHINGTON INTERNATIONAL AIRPORT, MD US","39.17329","-76.68408","42.0","2019-11-13","0.00","0.0","0.0",,"38","22",,,,,,,,,,,,,,
"USW00093721","BALTIMORE WASHINGTON INTERNATIONAL AIRPORT, MD US","39.17329","-76.68408","42.0","2019-11-14","0.00","0.0","0.0",,"44","22",,,,,,,,,,,,,,
"USW00093721","BALTIMORE WASHINGTON INTERNATIONAL AIRPORT, MD US","39.17329","-76.68408","42.0","2019-11-15","0.00","0.0","0.0",,"55","29",,,,,,,"    1",,,,,,,
"USW00093721","BALTIMORE WASHINGTON INTERNATIONAL AIRPORT, MD US","39.17329","-76.68408","42.0","2019-11-16","0.00","0.0","0.0",,"47","37",,,,,,,,,,,,,,
"USW00093721","BALTIMORE WASHINGTON INTERNATIONAL AIRPORT, MD US","39.17329","-76.68408","42.0","2019-11-17","0.00","0.0","0.0",,"45","35",,,,,,,,,,,,,,
"USW00093721","BALTIMORE WASHINGTON INTERNATIONAL AIRPORT, MD US","39.17329","-76.68408","42.0","2019-11-18","0.10","0.0","0.0",,"53","39","    1",,,,,,,,,,,,,
"USW00093721","BALTIMORE WASHINGTON INTERNATIONAL AIRPORT, MD US","39.17329","-76.68408","42.0","2019-11-19","0.03","0.0","0.0",,"57","42","    1",,,,,,"    1",,,,,,,
"USW00093721","BALTIMORE WASHINGTON INTERNATIONAL AIRPORT, MD US","39.17329","-76.68408","42.0","2019-11-20","0.00","0.0","0.0",,"55","43",,,,,,,"    1",,,,,,,
"USW00093721","BALTIMORE WASHINGTON INTERNATIONAL AIRPORT, MD US","39.17329","-76.68408","42.0","2019-11-21","0.00","0.0","0.0",,"56","34",,,,,,,"    1",,,,,,,
"USW00093721","BALTIMORE WASHINGTON INTERNATIONAL AIRPORT, MD US","39.17329","-76.68408","42.0","2019-11-22","0.03","0.0","0.0",,"55","39",,,,,,,,,,,,,,
"USW00093721","BALTIMORE WASHINGTON INTERNATIONAL AIRPORT, MD US","39.17329","-76.68408","42.0","2019-11-23","0.29","0.0","0.0",,"45","28","    1",,,,,,,,,,,,,
"USW00093721","BALTIMORE WASHINGTON INTERNATIONAL AIRPORT, MD US","39.17329","-76.68408","42.0","2019-11-24","0.46","0.0","0.0",,"52","38","    1",,,,,,,,,,,,,
"USW00093721","BALTIMORE WASHINGTON INTERNATIONAL AIRPORT, MD US","39.17329","-76.68408","42.0","2019-11-25","0.00","0.0","0.0",,"59","34",,,,,,,,,,,,,,
"USW00093721","BALTIMORE WASHINGTON INTERNATIONAL AIRPORT, MD US","39.17329","-76.68408","42.0","2019-11-26","0.00","0.0","0.0",,"64","31","    1",,,,,,,,,,,,,
"USW00093721","BALTIMORE WASHINGTON INTERNATIONAL AIRPORT, MD US","39.17329","-76.68408","42.0","2019-11-27","0.01","0.0","0.0",,"59","39","    1",,,,,,,,,,,,,
"USW00093721","BALTIMORE WASHINGTON INTERNATIONAL AIRPORT, MD US","39.17329","-76.68408","42.0","2019-11-28","0.00","0.0","0.0",,"53","41",,,,,,,,,,,,,,
"USW00093721","BALTIMORE WASHINGTON INTERNATIONAL AIRPORT, MD US","39.17329","-76.68408","42.0","2019-11-29","0.00","0.0","0.0",,"51","34",,,,,,,,,,,,,,
"USW00093721","BALTIMORE WASHINGTON INTERNATIONAL AIRPORT, MD US","39.17329","-76.68408","42.0","2019-11-30","0.00","0.0","0.0",,"44","37",,,,,,,,,,,,,,
"USW00093721","BALTIMORE WASHINGTON INTERNATIONAL AIRPORT, MD US","39.17329","-76.68408","42.0","2019-12-01","0.62","0.0","0.0",,"45","39","    1",,,,,,"    1",,,,,,,
"USW00093721","BALTIMORE WASHINGTON INTERNATIONAL AIRPORT, MD US","39.17329","-76.68408","42.0","2019-12-02","0.06","0.0","0.0",,"42","38","    1",,,,,,,,,,,,,
"USW00093721","BALTIMORE WASHINGTON INTERNATIONAL AIRPORT, MD US","39.17329","-76.68408","42.0","2019-12-03","0.00","0.0","0.0",,"48","35",,,,,,,,,,,,,,
"USW00093721","BALTIMORE WASHINGTON INTERNATIONAL AIRPORT, MD US","39.17329","-76.68408","42.0","2019-12-04","0.00","0.0","0.0",,"47","34","    1",,,,,,,,,,,,,
"USW00093721","BALTIMORE WASHINGTON INTERNATIONAL AIRPORT, MD US","39.17329","-76.68408","42.0","2019-12-05","0.00","0.0","0.0",,"48","30",,,,,,,,,,,,,,
"USW00093721","BALTIMORE WASHINGTON INTERNATIONAL AIRPORT, MD US","39.17329","-76.68408","42.0","2019-12-06","0.00","0.0","0.0",,"55","28",,,,,,,,,,,,,,
"USW00093721","BALTIMORE WASHINGTON INTERNATIONAL AIRPORT, MD US","39.17329","-76.68408","42.0","2019-12-07","0.00","0.0","0.0",,"45","27",,,,,,,,,,,,,,
"USW00093721","BALTIMORE WASHINGTON INTERNATIONAL AIRPORT, MD US","39.17329","-76.68408","42.0","2019-12-08","0.00","0.0","0.0",,"47","22",,,,,,,,,,,,,,
"USW00093721","BALTIMORE WASHINGTON INTERNATIONAL AIRPORT, MD US","39.17329","-76.68408","42.0","2019-12-09","0.89","0.0","0.0",,"53","43","    1",,,,,,,,,,,,,
"USW00093721","BALTIMORE WASHINGTON INTERNATIONAL AIRPORT, MD US","39.17329","-76.68408","42.0","2019-12-10","0.13","0.0","0.0",,"59","38","    1",,,"    1",,,,,,,,,,
"USW00093721","BALTIMORE WASHINGTON INTERNATIONAL AIRPORT, MD US","39.17329","-76.68408","42.0","2019-12-11","0.05","0.2","0.0",,"40","26","    1",,,,,,,,,,,,,
"USW00093721","BALTIMORE WASHINGTON INTERNATIONAL AIRPORT, MD US","39.17329","-76.68408","42.0","2019-12-12","0.00","0.0","0.0",,"38","26",,,,,,,,,,,,,,
"USW00093721","BALTIMORE WASHINGTON INTERNATIONAL AIRPORT, MD US","39.17329","-76.68408","42.0","2019-12-13","0.35","0.0","0.0",,"49","29","    1","    1",,,,,,,,,,,,
"USW00093721","BALTIMORE WASHINGTON INTERNATIONAL AIRPORT, MD US","39.17329","-76.68408","42.0","2019-12-14","0.19","0.0","0.0",,"50","43","    1","    1",,,,,,,,,,,,
"USW00093721","BALTIMORE WASHINGTON INTERNATIONAL AIRPORT, MD US","39.17329","-76.68408","42.0","2019-12-15","0.00","0.0","0.0",,"54","37",,,,,,,,,,,,,,
"USW00093721","BALTIMORE WASHINGTON INTERNATIONAL AIRPORT, MD US","39.17329","-76.68408","42.0","2019-12-16","0.31","0.1","0.0",,"39","33","    1",,,"    1",,,,,,,,,,
"USW00093721","BALTIMORE WASHINGTON INTERNATIONAL AIRPORT, MD US","39.17329","-76.68408","42.0","2019-12-17","0.14","0.0","0.0",,"41","36","    1","    1",,,,,,,,,,,,
"USW00093721","BALTIMORE WASHINGTON INTERNATIONAL AIRPORT, MD US","39.17329","-76.68408","42.0","2019-12-18","0.00","0.0","0.0",,"41","25",,,,,,,"    1",,,,,,,
"USW00093721","BALTIMORE WASHINGTON INTERNATIONAL AIRPORT, MD US","39.17329","-76.68408","42.0","2019-12-19","0.00","0.0","0.0",,"33","20",,,,,,,,,,,,,,
"USW00093721","BALTIMORE WASHINGTON INTERNATIONAL AIRPORT, MD US","39.17329","-76.68408","42.0","2019-12-20","0.00","0.0","0.0",,"41","19",,,,,,,,,,,,,,
"USW00093721","BALTIMORE WASHINGTON INTERNATIONAL AIRPORT, MD US","39.17329","-76.68408","42.0","2019-12-21","0.00","0.0","0.0",,"38","23",,,,,,,,,,,,,,
"USW00093721","BALTIMORE WASHINGTON INTERNATIONAL AIRPORT, MD US","39.17329","-76.68408","42.0","2019-12-22","0.00","0.0","0.0",,"52","20","    1",,,,,,"    1",,,,,,,
"USW00093721","BALTIMORE WASHINGTON INTERNATIONAL AIRPORT, MD US","39.17329","-76.68408","42.0","2019-12-23","0.00","0.0","0.0",,"55","25","    1",,,,,,"    1",,,,,,,
"USW00093721","BALTIMORE WASHINGTON INTERNATIONAL AIRPORT, MD US","39.17329","-76.68408","42.0","2019-12-24","0.00","0.0","0.0",,"53","28",,,,,,,,,,,,,,
"USW00093721","BALTIMORE WASHINGTON INTERNATIONAL AIRPORT, MD US","39.17329","-76.68408","42.0","2019-12-25","0.00","0.0","0.0",,"49","25",,,,,,,,,,,,,,
"USW00093721","BALTIMORE WASHINGTON INTERNATIONAL AIRPORT, MD US","39.17329","-76.68408","42.0","2019-12-26","0.00","0.0","0.0",,"51","26",,,,,,,,,,,,,,
"USW00093721","BALTIMORE WASHINGTON INTERNATIONAL AIRPORT, MD US","39.17329","-76.68408","42.0","2019-12-27","0.00","0.0","0.0",,"58","41","    1","    1",,,,,,,,,,,,
"USW00093721","BALTIMORE WASHINGTON INTERNATIONAL AIRPORT, MD US","39.17329","-76.68408","42.0","2019-12-28","0.00","0.0","0.0",,"65","35","    1",,,,,,"    1",,,,,,,
"USW00093721","BALTIMORE WASHINGTON INTERNATIONAL AIRPORT, MD US","39.17329","-76.68408","42.0","2019-12-29","0.59","0.0","0.0",,"48","40","    1",,,,,,"    1",,,,,,,
"USW00093721","BALTIMORE WASHINGTON INTERNATIONAL AIRPORT, MD US","39.17329","-76.68408","42.0","2019-12-30","0.24","0.0","0.0",,"62","43","    1","    1",,,,,"    1",,,,,,,
"USW00093721","BALTIMORE WASHINGTON INTERNATIONAL AIRPORT, MD US","39.17329","-76.68408","42.0","2019-12-31","0.00","0.0","0.0",,"53","42","    1",,,,,,"    1",,,,,,,
"USW00093721","BALTIMORE WASHINGTON INTERNATIONAL AIRPORT, MD US","39.17329","-76.68408","42.0","2020-01-01","0.00","0.0","0.0",,"49","29",,,,,,,,,,,,,,
"USW00093721","BALTIMORE WASHINGTON INTERNATIONAL AIRPORT, MD US","39.17329","-76.68408","42.0","2020-01-02","0.00","0.0","0.0",,"54","25",,,,,,,,,,,,,,
"USW00093721","BALTIMORE WASHINGTON INTERNATIONAL AIRPORT, MD US","39.17329","-76.68408","42.0","2020-01-03","0.25","0.0","0.0",,"53","47","    1","    1",,,,,,,,,,,,
"USW00093721","BALTIMORE WASHINGTON INTERNATIONAL AIRPORT, MD US","39.17329","-76.68408","42.0","2020-01-04","0.19","0.0","0.0",,"59","45","    1","    1",,,,,,,,,,,,
"USW00093721","BALTIMORE WASHINGTON INTERNATIONAL AIRPORT, MD US","39.17329","-76.68408","42.0","2020-01-05","0.00","0.0","0.0",,"45","30",,,,,,,,,,,,,,
"USW00093721","BALTIMORE WASHINGTON INTERNATIONAL AIRPORT, MD US","39.17329","-76.68408","42.0","2020-01-06","0.00","0.0","0.0",,"54","34",,,,,,,,,,,,,,
"USW00093721","BALTIMORE WASHINGTON INTERNATIONAL AIRPORT, MD US","39.17329","-76.68408","42.0","2020-01-07","0.42","1.5","0.0",,"47","28","    1","    1",,,,,,,,,,,,
"USW00093721","BALTIMORE WASHINGTON INTERNATIONAL AIRPORT, MD US","39.17329","-76.68408","42.0","2020-01-08","0.00","0.0","1.2",,"44","29",,,,,,,,,,,,,,
"USW00093721","BALTIMORE WASHINGTON INTERNATIONAL AIRPORT, MD US","39.17329","-76.68408","42.0","2020-01-09","0.00","0.0","0.0",,"37","23",,,,,,,,,,,,,,
"USW00093721","BALTIMORE WASHINGTON INTERNATIONAL AIRPORT, MD US","39.17329","-76.68408","42.0","2020-01-10","0.00","0.0","0.0",,"55","31",,,,,,,,,,,,,,
"USW00093721","BALTIMORE WASHINGTON INTERNATIONAL AIRPORT, MD US","39.17329","-76.68408","42.0","2020-01-11","0.00","0.0","0.0",,"72","44",,,,,,,,,,,,,,
"USW00093721","BALTIMORE WASHINGTON INTERNATIONAL AIRPORT, MD US","39.17329","-76.68408","42.0","2020-01-12","0.29","0.0","0.0",,"70","47","    1",,,,,,"    1",,,,,,,
"USW00093721","BALTIMORE WASHINGTON INTERNATIONAL AIRPORT, MD US","39.17329","-76.68408","42.0","2020-01-13","0.00","0.0","0.0",,"53","40",,,,,,,,,,,,,,
"USW00093721","BALTIMORE WASHINGTON INTERNATIONAL AIRPORT, MD US","39.17329","-76.68408","42.0","2020-01-14","0.06","0.0","0.0",,"46","38","    1","    1",,,,,,,,,,,,
"USW00093721","BALTIMORE WASHINGTON INTERNATIONAL AIRPORT, MD US","39.17329","-76.68408","42.0","2020-01-15","0.00","0.0","0.0",,"58","40","    1","    1",,,,,,,,,,,,
"USW00093721","BALTIMORE WASHINGTON INTERNATIONAL AIRPORT, MD US","39.17329","-76.68408","42.0","2020-01-16","0.00","0.0","0.0",,"54","36","    1",,,,,,,,,,,,,
"USW00093721","BALTIMORE WASHINGTON INTERNATIONAL AIRPORT, MD US","39.17329","-76.68408","42.0","2020-01-17","0.00","0.0","0.0",,"38","26",,,,,,,,,,,,,,
"USW00093721","BALTIMORE WASHINGTON INTERNATIONAL AIRPORT, MD US","39.17329","-76.68408","42.0","2020-01-18","0.35","0.0","0.0",,"41","26","    1",,,"    1",,"    1",,,,,,,,
"USW00093721","BALTIMORE WASHINGTON INTERNATIONAL AIRPORT, MD US","39.17329","-76.68408","42.0","2020-01-19","0.03","0.0","0.0",,"45","26","    1",,,,,,,,,,,,,
"USW00093721","BALTIMORE WASHINGTON INTERNATIONAL AIRPORT, MD US","39.17329","-76.68408","42.0","2020-01-20","0.00","0.0","0.0",,"36","23",,,,,,,,,,,,,,
"USW00093721","BALTIMORE WASHINGTON INTERNATIONAL AIRPORT, MD US","39.17329","-76.68408","42.0","2020-01-21","0.00","0.0","0.0",,"37","19",,,,,,,,,,,,,,
"USW00093721","BALTIMORE WASHINGTON INTERNATIONAL AIRPORT, MD US","39.17329","-76.68408","42.0","2020-01-22","0.00","0.0","0.0",,"42","19",,,,,,,,,,,,,,
"USW00093721","BALTIMORE WASHINGTON INTERNATIONAL AIRPORT, MD US","39.17329","-76.68408","42.0","2020-01-23","0.00","0.0","0.0",,"41","21",,,,,,,,,,,,,,
"USW00093721","BALTIMORE WASHINGTON INTERNATIONAL AIRPORT, MD US","39.17329","-76.68408","42.0","2020-01-24","0.00","0.0","0.0",,"51","28",,,,,,,,,,,,,,
"USW00093721","BALTIMORE WASHINGTON INTERNATIONAL AIRPORT, MD US","39.17329","-76.68408","42.0","2020-01-25","1.49","0.0","0.0",,"52","37","    1",,,,,,,,,,,,,
"USW00093721","BALTIMORE WASHINGTON INTERNATIONAL AIRPORT, MD US","39.17329","-76.68408","42.0","2020-01-26","0.00","0.0","0.0",,"48","33",,,,,,,,,,,,,,
"USW00093721","BALTIMORE WASHINGTON INTERNATIONAL AIRPORT, MD US","39.17329","-76.68408","42.0","2020-01-27","0.00","0.0","0.0",,"50","36",,,,,,,,,,,,,,
"USW00093721","BALTIMORE WASHINGTON INTERNATIONAL AIRPORT, MD US","39.17329","-76.68408","42.0","2020-01-28","0.00","0.0","0.0",,"45","36",,,,,,,,,,,,,,
"USW00093721","BALTIMORE WASHINGTON INTERNATIONAL AIRPORT, MD US","39.17329","-76.68408","42.0","2020-01-29","0.00","0.0","0.0",,"47","29",,,,,,,,,,,,,,
"USW00093721","BALTIMORE WASHINGTON INTERNATIONAL AIRPORT, MD US","39.17329","-76.68408","42.0","2020-01-30","0.00","0.0","0.0",,"41","27",,,,,,,,,,,,,,
"USW00093721","BALTIMORE WASHINGTON INTERNATIONAL AIRPORT, MD US","39.17329","-76.68408","42.0","2020-01-31","0.03","0.0","0.0",,"45","30","    1",,,,,,,,,,,,,
"USW00093721","BALTIMORE WASHINGTON INTERNATIONAL AIRPORT, MD US","39.17329","-76.68408","42.0","2020-02-01","0.11","0.0","0.0",,"49","29","    1","    1",,,,,"    1",,,,,,,
"USW00093721","BALTIMORE WASHINGTON INTERNATIONAL AIRPORT, MD US","39.17329","-76.68408","42.0","2020-02-02","0.00","0.0","0.0",,"52","33","    1",,,,,,,,,,,,,
"USW00093721","BALTIMORE WASHINGTON INTERNATIONAL AIRPORT, MD US","39.17329","-76.68408","42.0","2020-02-03","0.00","0.0","0.0",,"67","30",,,,,,,,,,,,,,
"USW00093721","BALTIMORE WASHINGTON INTERNATIONAL AIRPORT, MD US","39.17329","-76.68408","42.0","2020-02-04","0.06","0.0","0.0",,"67","48",,,,,,,,,,,,,,
"USW00093721","BALTIMORE WASHINGTON INTERNATIONAL AIRPORT, MD US","39.17329","-76.68408","42.0","2020-02-05","0.08","0.0","0.0",,"56","38","    1",,,,,,"    1",,,,,,,
"USW00093721","BALTIMORE WASHINGTON INTERNATIONAL AIRPORT, MD US","39.17329","-76.68408","42.0","2020-02-06","0.64","0.0","0.0",,"43","38","    1",,,,,,,,,,,,,
"USW00093721","BALTIMORE WASHINGTON INTERNATIONAL AIRPORT, MD US","39.17329","-76.68408","42.0","2020-02-07","0.66","0.0","0.0",,"61","34","    1","    1","    1",,,,,,,,,,,
"USW00093721","BALTIMORE WASHINGTON INTERNATIONAL AIRPORT, MD US","39.17329","-76.68408","42.0","2020-02-08","0.00","0.0","0.0",,"45","28",,,,,,,,,,,,,,
"USW00093721","BALTIMORE WASHINGTON INTERNATIONAL AIRPORT, MD US","39.17329","-76.68408","42.0","2020-02-09","0.00","0.0","0.0",,"50","25",,,,,,,,,,,,,,
"USW00093721","BALTIMORE WASHINGTON INTERNATIONAL AIRPORT, MD US","39.17329","-76.68408","42.0","2020-02-10","0.29","0.0","0.0",,"49","42","    1",,,,,,,,,,,,,
"USW00093721","BALTIMORE WASHINGTON INTERNATIONAL AIRPORT, MD US","39.17329","-76.68408","42.0","2020-02-11","0.43","0.0","0.0",,"56","47","    1",,,,,,,,,,,,,
"USW00093721","BALTIMORE WASHINGTON INTERNATIONAL AIRPORT, MD US","39.17329","-76.68408","42.0","2020-02-12","0.08","0.0","0.0",,"50","39","    1",,,,,,,,,,,,,
"USW00093721","BALTIMORE WASHINGTON INTERNATIONAL AIRPORT, MD US","39.17329","-76.68408","42.0","2020-02-13","0.20","0.0","0.0",,"57","39","    1",,,,,,,,,,,,,
"USW00093721","BALTIMORE WASHINGTON INTERNATIONAL AIRPORT, MD US","39.17329","-76.68408","42.0","2020-02-14","0.00","0.0","0.0",,"42","24",,,,,,,,,,,,,,
"USW00093721","BALTIMORE WASHINGTON INTERNATIONAL AIRPORT, MD US","39.17329","-76.68408","42.0","2020-02-15","0.00","0.0","0.0",,"35","19",,,,,,,,,,,,,,
"USW00093721","BALTIMORE WASHINGTON INTERNATIONAL AIRPORT, MD US","39.17329","-76.68408","42.0","2020-02-16","0.00","0.0","0.0",,"54","29",,,,,,,,,,,,,,
"USW00093721","BALTIMORE WASHINGTON INTERNATIONAL AIRPORT, MD US","39.17329","-76.68408","42.0","2020-02-17","0.00","0.0","0.0",,"55","33",,,,,,,,,,,,,,
"USW00093721","BALTIMORE WASHINGTON INTERNATIONAL AIRPORT, MD US","39.17329","-76.68408","42.0","2020-02-18","0.00","0.0","0.0",,"62","38",,,,,,,"    1",,,,,,,
"USW00093721","BALTIMORE WASHINGTON INTERNATIONAL AIRPORT, MD US","39.17329","-76.68408","42.0","2020-02-19","0.00","0.0","0.0",,"54","32",,,,,,,,,,,,,,
"USW00093721","BALTIMORE WASHINGTON INTERNATIONAL AIRPORT, MD US","39.17329","-76.68408","42.0","2020-02-20","0.00","0.0","0.0",,"40","27",,,,,,,,,,,,,,
"USW00093721","BALTIMORE WASHINGTON INTERNATIONAL AIRPORT, MD US","39.17329","-76.68408","42.0","2020-02-21","0.00","0.0","0.0",,"39","23",,,,,,,,,,,,,,
"USW00093721","BALTIMORE WASHINGTON INTERNATIONAL AIRPORT, MD US","39.17329","-76.68408","42.0","2020-02-22","0.00","0.0","0.0",,"54","25",,,,,,,,,,,,,,
"USW00093721","BALTIMORE WASHINGTON INTERNATIONAL AIRPORT, MD US","39.17329","-76.68408","42.0","2020-02-23","0.00","0.0","0.0",,"60","23",,,,,,,,,,,,,,
"USW00093721","BALTIMORE WASHINGTON INTERNATIONAL AIRPORT, MD US","39.17329","-76.68408","42.0","2020-02-24","0.00","0.0","0.0",,"59","28",,,,,,,"    1",,,,,,,
"USW00093721","BALTIMORE WASHINGTON INTERNATIONAL AIRPORT, MD US","39.17329","-76.68408","42.0","2020-02-25","0.22","0.0","0.0",,"51","46","    1","    1",,,,,,,,,,,,
"USW00093721","BALTIMORE WASHINGTON INTERNATIONAL AIRPORT, MD US","39.17329","-76.68408","42.0","2020-02-26","0.12","0.0","0.0",,"50","43","    1","    1",,,,,,,,,,,,
"USW00093721","BALTIMORE WASHINGTON INTERNATIONAL AIRPORT, MD US","39.17329","-76.68408","42.0","2020-02-27","0.09","0.0","0.0",,"44","32","    1",,,,,,,,,,,,,
"USW00093721","BALTIMORE WASHINGTON INTERNATIONAL AIRPORT, MD US","39.17329","-76.68408","42.0","2020-02-28","0.00","0.0","0.0",,"48","31",,,,,,,,,,,,,,
"USW00093721","BALTIMORE WASHINGTON INTERNATIONAL AIRPORT, MD US","39.17329","-76.68408","42.0","2020-02-29","0.00","0.0","0.0",,"38","25",,,,,,,,,,,,,,
"USW00093721","BALTIMORE WASHINGTON INTERNATIONAL AIRPORT, MD US","39.17329","-76.68408","42.0","2020-03-01","0.00","0.0","0.0",,"51","20",,,,,,,,,,,,,,
"USW00093721","BALTIMORE WASHINGTON INTERNATIONAL AIRPORT, MD US","39.17329","-76.68408","42.0","2020-03-02","0.08","0.0","0.0",,"67","27",,,,,,,,,,,,,,
"USW00093721","BALTIMORE WASHINGTON INTERNATIONAL AIRPORT, MD US","39.17329","-76.68408","42.0","2020-03-03","0.05","0.0","0.0",,"64","41","    1",,"    1",,,,"    1",,,,,,,
"USW00093721","BALTIMORE WASHINGTON INTERNATIONAL AIRPORT, MD US","39.17329","-76.68408","42.0","2020-03-04","0.00","0.0","0.0",,"64","43",,,,,,,,,,,,,,
"USW00093721","BALTIMORE WASHINGTON INTERNATIONAL AIRPORT, MD US","39.17329","-76.68408","42.0","2020-03-05","0.00","0.0","0.0",,"55","38",,,,,,,,,,,,,,
"USW00093721","BALTIMORE WASHINGTON INTERNATIONAL AIRPORT, MD US","39.17329","-76.68408","42.0","2020-03-06","0.16","0.0","0.0",,"49","30","    1",,,,,,"    1",,,,,,,
"USW00093721","BALTIMORE WASHINGTON INTERNATIONAL AIRPORT, MD US","39.17329","-76.68408","42.0","2020-03-07","0.00","0.0","0.0",,"52","34",,,,,,,,,,,,,,
"USW00093721","BALTIMORE WASHINGTON INTERNATIONAL AIRPORT, MD US","39.17329","-76.68408","42.0","2020-03-08","0.00","0.0","0.0",,"62","29",,,,,,,"    1",,,,,,,
"USW00093721","BALTIMORE WASHINGTON INTERNATIONAL AIRPORT, MD US","39.17329","-76.68408","42.0","2020-03-09","0.00","0.0","0.0",,"75","34",,,,,,,,,,,,,,
"USW00093721","BALTIMORE WASHINGTON INTERNATIONAL AIRPORT, MD US","39.17329","-76.68408","42.0","2020-03-10","0.02","0.0","0.0",,"73","56",,,,,,,,,,,,,,
"USW00093721","BALTIMORE WASHINGTON INTERNATIONAL AIRPORT, MD US","39.17329","-76.68408","42.0","2020-03-11","0.00","0.0","0.0",,"56","43",,,,,,,,,,,,,,
"USW00093721","BALTIMORE WASHINGTON INTERNATIONAL AIRPORT, MD US","39.17329","-76.68408","42.0","2020-03-12","0.00","0.0","0.0",,"62","41","    1","    1",,,,,,,,,,,,
"USW00093721","BALTIMORE WASHINGTON INTERNATIONAL AIRPORT, MD US","39.17329","-76.68408","42.0","2020-03-13","0.26","0.0","0.0",,"75","50","    1","    1",,,,,,,,,,,,
"USW00093721","BALTIMORE WASHINGTON INTERNATIONAL AIRPORT, MD US","39.17329","-76.68408","42.0","2020-03-14","0.12","0.0","0.0",,"58","41","    1",,,,,,,,,,,,,
"USW00093721","BALTIMORE WASHINGTON INTERNATIONAL AIRPORT, MD US","39.17329","-76.68408","42.0","2020-03-15","0.11","0.0","0.0",,"55","37","    1",,,,,,,,,,,,,
"USW00093721","BALTIMORE WASHINGTON INTERNATIONAL AIRPORT, MD US","39.17329","-76.68408","42.0","2020-03-16","0.00","0.0","0.0",,"54","36",,,,,,,,,,,,,,
"USW00093721","BALTIMORE WASHINGTON INTERNATIONAL AIRPORT, MD US","39.17329","-76.68408","42.0","2020-03-17","0.00","0.0","0.0",,"66","44",,,,,,,,,,,,,,
"USW00093721","BALTIMORE WASHINGTON INTERNATIONAL AIRPORT, MD US","39.17329","-76.68408","42.0","2020-03-18","0.24","0.0","0.0",,"57","42","    1",,,,,,,,,,,,,
"USW00093721","BALTIMORE WASHINGTON INTERNATIONAL AIRPORT, MD US","39.17329","-76.68408","42.0","2020-03-19","0.56","0.0","0.0",,"64","48","    1",,,,,,"    1",,,,,,,
"USW00093721","BALTIMORE WASHINGTON INTERNATIONAL AIRPORT, MD US","39.17329","-76.68408","42.0","2020-03-20","0.00","0.0","0.0",,"83","53","    1","    1",,,,,,,,,,,,
"USW00093721","BALTIMORE WASHINGTON INTERNATIONAL AIRPORT, MD US","39.17329","-76.68408","42.0","2020-03-21","0.06","0.0","0.0",,"68","45",,,,,,,,,,,,,,
"USW00093721","BALTIMORE WASHINGTON INTERNATIONAL AIRPORT, MD US","39.17329","-76.68408","42.0","2020-03-22","0.00","0.0","0.0",,"52","36",,,,,,,,,,,,,,
"USW00093721","BALTIMORE WASHINGTON INTERNATIONAL AIRPORT, MD US","39.17329","-76.68408","42.0","2020-03-23","0.35","0.0","0.0",,"48","40","    1",,,,,,,,,,,,,
"USW00093721","BALTIMORE WASHINGTON INTERNATIONAL AIRPORT, MD US","39.17329","-76.68408","42.0","2020-03-24","0.00","0.0","0.0",,"58","38",,,,,,,,,,,,,,
"USW00093721","BALTIMORE WASHINGTON INTERNATIONAL AIRPORT, MD US","39.17329","-76.68408","42.0","2020-03-25","0.30","0.0","0.0",,"49","42","    1",,,,,,,,,,,,,
"USW00093721","BALTIMORE WASHINGTON INTERNATIONAL AIRPORT, MD US","39.17329","-76.68408","42.0","2020-03-26","0.00","0.0","0.0",,"62","35","    1",,,,,,,,,,,,,
"USW00093721","BALTIMORE WASHINGTON INTERNATIONAL AIRPORT, MD US","39.17329","-76.68408","42.0","2020-03-27","0.00","0.0","0.0",,"67","47",,,,,,,,,,,,,,
"USW00093721","BALTIMORE WASHINGTON INTERNATIONAL AIRPORT, MD US","39.17329","-76.68408","42.0","2020-03-28","0.65","0.0","0.0",,"59","50","    1",,"    1",,,,,,,,,,,
"USW00093721","BALTIMORE WASHINGTON INTERNATIONAL AIRPORT, MD US","39.17329","-76.68408","42.0","2020-03-29","0.00","0.0","0.0",,"61","50","    1","    1",,,,,,,,,,,,
"USW00093721","BALTIMORE WASHINGTON INTERNATIONAL AIRPORT, MD US","39.17329","-76.68408","42.0","2020-03-30","0.00","0.0","0.0",,"73","53","    1",,,,,,"    1",,,,,,,
"USW00093721","BALTIMORE WASHINGTON INTERNATIONAL AIRPORT, MD US","39.17329","-76.68408","42.0","2020-03-31","0.09","0.0","0.0",,"54","42","    1",,,,,,,,,,,,,
"USW00093721","BALTIMORE WASHINGTON INTERNATIONAL AIRPORT, MD US","39.17329","-76.68408","42.0","2020-04-01","0.00","0.0","0.0",,"57","41",,,,,,,,,,,,,,
"USW00093721","BALTIMORE WASHINGTON INTERNATIONAL AIRPORT, MD US","39.17329","-76.68408","42.0","2020-04-02","0.00","0.0","0.0",,"63","39",,,,,,,,,,,,,,
"USW00093721","BALTIMORE WASHINGTON INTERNATIONAL AIRPORT, MD US","39.17329","-76.68408","42.0","2020-04-03","0.00","0.0","0.0",,"65","46",,,,,,,,,,,,,,
"USW00093721","BALTIMORE WASHINGTON INTERNATIONAL AIRPORT, MD US","39.17329","-76.68408","42.0","2020-04-04","0.02","0.0","0.0",,"59","47",,,,,,,,,,,,,,
"USW00093721","BALTIMORE WASHINGTON INTERNATIONAL AIRPORT, MD US","39.17329","-76.68408","42.0","2020-04-05","0.00","0.0","0.0",,"69","50",,,,,,,,,,,,,,
"USW00093721","BALTIMORE WASHINGTON INTERNATIONAL AIRPORT, MD US","39.17329","-76.68408","42.0","2020-04-06","0.00","0.0","0.0",,"70","48",,,,,,,,,,,,,,
"USW00093721","BALTIMORE WASHINGTON INTERNATIONAL AIRPORT, MD US","39.17329","-76.68408","42.0","2020-04-07","0.04","0.0","0.0",,"72","45","    1",,"    1",,,,,,,,,,,
"USW00093721","BALTIMORE WASHINGTON INTERNATIONAL AIRPORT, MD US","39.17329","-76.68408","42.0","2020-04-08","0.04","0.0","0.0",,"78","53","    1",,,,,,,,,,,,,
"USW00093721","BALTIMORE WASHINGTON INTERNATIONAL AIRPORT, MD US","39.17329","-76.68408","42.0","2020-04-09","0.09","0.0","0.0",,"71","44","    1",,"    1",,,,"    1",,,,,,,
"USW00093721","BALTIMORE WASHINGTON INTERNATIONAL AIRPORT, MD US","39.17329","-76.68408","42.0","2020-04-10","0.00","0.0","0.0",,"52","39",,,,,,,,,,,,,,
"USW00093721","BALTIMORE WASHINGTON INTERNATIONAL AIRPORT, MD US","39.17329","-76.68408","42.0","2020-04-11","0.00","0.0","0.0",,"61","37",,,,,,,,,,,,,,
"USW00093721","BALTIMORE WASHINGTON INTERNATIONAL AIRPORT, MD US","39.17329","-76.68408","42.0","2020-04-12","0.21","0.0","0.0",,"72","37","    1",,,,,,,,,,,,,
"USW00093721","BALTIMORE WASHINGTON INTERNATIONAL AIRPORT, MD US","39.17329","-76.68408","42.0","2020-04-13","1.97","0.0","0.0",,"78","52","    1",,"    1",,,,,,,,,,,
"USW00093721","BALTIMORE WASHINGTON INTERNATIONAL AIRPORT, MD US","39.17329","-76.68408","42.0","2020-04-14","0.12","0.0","0.0",,"59","40","    1",,,,,,,,,,,,,
"USW00093721","BALTIMORE WASHINGTON INTERNATIONAL AIRPORT, MD US","39.17329","-76.68408","42.0","2020-04-15","0.05","0.0","0.0",,"54","38",,,,,,,,,,,,,,
"USW00093721","BALTIMORE WASHINGTON INTERNATIONAL AIRPORT, MD US","39.17329","-76.68408","42.0","2020-04-16","0.00","0.0","0.0",,"53","33",,,,,,,,,,,,,,
"USW00093721","BALTIMORE WASHINGTON INTERNATIONAL AIRPORT, MD US","39.17329","-76.68408","42.0","2020-04-17","0.00","0.0","0.0",,"57","32",,,,,,,,,,,,,,
"USW00093721","BALTIMORE WASHINGTON INTERNATIONAL AIRPORT, MD US","39.17329","-76.68408","42.0","2020-04-18","0.05","0.0","0.0",,"54","35","    1",,,,,,,,,,,,,
"USW00093721","BALTIMORE WASHINGTON INTERNATIONAL AIRPORT, MD US","39.17329","-76.68408","42.0","2020-04-19","0.00","0.0","0.0",,"66","32",,,,,,,,,,,,,,
"USW00093721","BALTIMORE WASHINGTON INTERNATIONAL AIRPORT, MD US","39.17329","-76.68408","42.0","2020-04-20","0.00","0.0","0.0",,"64","50",,,,,,,,,,,,,,
"USW00093721","BALTIMORE WASHINGTON INTERNATIONAL AIRPORT, MD US","39.17329","-76.68408","42.0","2020-04-21","0.03","0.0","0.0",,"68","43",,,"    1",,,,,,,,,,,
"USW00093721","BALTIMORE WASHINGTON INTERNATIONAL AIRPORT, MD US","39.17329","-76.68408","42.0","2020-04-22","0.00","0.0","0.0",,"60","34",,,,,,,,,,,,,,
"USW00093721","BALTIMORE WASHINGTON INTERNATIONAL AIRPORT, MD US","39.17329","-76.68408","42.0","2020-04-23","0.65","0.0","0.0",,"56","42","    1",,,,,,,,,,,,,
"USW00093721","BALTIMORE WASHINGTON INTERNATIONAL AIRPORT, MD US","39.17329","-76.68408","42.0","2020-04-24","0.52","0.0","0.0",,"57","50","    1",,,,,,,,,,,,,
"USW00093721","BALTIMORE WASHINGTON INTERNATIONAL AIRPORT, MD US","39.17329","-76.68408","42.0","2020-04-25","0.03","0.0","0.0",,"65","41","    1",,,,,,"    1",,,,,,,
"USW00093721","BALTIMORE WASHINGTON INTERNATIONAL AIRPORT, MD US","39.17329","-76.68408","42.0","2020-04-26","0.43","0.0","0.0",,"55","47","    1",,,,,,,,,,,,,
"USW00093721","BALTIMORE WASHINGTON INTERNATIONAL AIRPORT, MD US","39.17329","-76.68408","42.0","2020-04-27","0.03","0.0","0.0",,"58","44","    1",,,,,,,,,,,,,
"USW00093721","BALTIMORE WASHINGTON INTERNATIONAL AIRPORT, MD US","39.17329","-76.68408","42.0","2020-04-28","0.00","0.0","0.0",,"60","39",,,,,,,,,,,,,,
"USW00093721","BALTIMORE WASHINGTON INTERNATIONAL AIRPORT, MD US","39.17329","-76.68408","42.0","2020-04-29","0.00","0.0","0.0",,"74","48",,,,,,,,,,,,,,
"USW00093721","BALTIMORE WASHINGTON INTERNATIONAL AIRPORT, MD US","39.17329","-76.68408","42.0","2020-04-30","1.24","0.0","0.0",,"67","57","    1",,,,,,,,,,,,,
"USW00093721","BALTIMORE WASHINGTON INTERNATIONAL AIRPORT, MD US","39.17329","-76.68408","42.0","2020-05-01","0.10","0.0","0.0",,"66","52","    1",,,,,,"    1",,,,,,,
"USW00093721","BALTIMORE WASHINGTON INTERNATIONAL AIRPORT, MD US","39.17329","-76.68408","42.0","2020-05-02","0.00","0.0","0.0",,"73","49",,,,,,,,,,,,,,
"USW00093721","BALTIMORE WASHINGTON INTERNATIONAL AIRPORT, MD US","39.17329","-76.68408","42.0","2020-05-03","0.36","0.0","0.0",,"80","60","    1",,"    1",,,,,,,,,,,
"USW00093721","BALTIMORE WASHINGTON INTERNATIONAL AIRPORT, MD US","39.17329","-76.68408","42.0","2020-05-04","0.04","0.0","0.0",,"74","53","    1",,,,,,,,,,,,,
"USW00093721","BALTIMORE WASHINGTON INTERNATIONAL AIRPORT, MD US","39.17329","-76.68408","42.0","2020-05-05","0.04","0.0","0.0",,"60","43","    1",,,,,,,,,,,,,
"USW00093721","BALTIMORE WASHINGTON INTERNATIONAL AIRPORT, MD US","39.17329","-76.68408","42.0","2020-05-06","0.36","0.0","0.0",,"53","46","    1",,,,,,"    1",,,,,,,
"USW00093721","BALTIMORE WASHINGTON INTERNATIONAL AIRPORT, MD US","39.17329","-76.68408","42.0","2020-05-07","0.00","0.0","0.0",,"67","41",,,,,,,,,,,,,,
"USW00093721","BALTIMORE WASHINGTON INTERNATIONAL AIRPORT, MD US","39.17329","-76.68408","42.0","2020-05-08","0.21","0.0","0.0",,"62","40","    1",,,,,,,,,,,,,
"USW00093721","BALTIMORE WASHINGTON INTERNATIONAL AIRPORT, MD US","39.17329","-76.68408","42.0","2020-05-09","0.00","0.0","0.0",,"51","34",,,,,,,,,,,,,,
"USW00093721","BALTIMORE WASHINGTON INTERNATIONAL AIRPORT, MD US","39.17329","-76.68408","42.0","2020-05-10","0.00","0.0","0.0",,"65","34",,,,,,,,,,,,,,
"USW00093721","BALTIMORE WASHINGTON INTERNATIONAL AIRPORT, MD US","39.17329","-76.68408","42.0","2020-05-11","0.02","0.0","0.0",,"62","42",,,,,,,,,,,,,,
"USW00093721","BALTIMORE WASHINGTON INTERNATIONAL AIRPORT, MD US","39.17329","-76.68408","42.0","2020-05-12","0.00","0.0","0.0",,"62","38",,,,,,,,,,,,,,
"USW00093721","BALTIMORE WASHINGTON INTERNATIONAL AIRPORT, MD US","39.17329","-76.68408","42.0","2020-05-13","0.00","0.0","0.0",,"71","36",,,,,,,"    1",,,,,,,
"USW00093721","BALTIMORE WASHINGTON INTERNATIONAL AIRPORT, MD US","39.17329","-76.68408","42.0","2020-05-14","0.00","0.0","0.0",,"73","42",,,,,,,,,,,,,,
"USW00093721","BALTIMORE WASHINGTON INTERNATIONAL AIRPORT, MD US","39.17329","-76.68408","42.0","2020-05-15","0.00","0.0","0.0",,"88","62",,,,,,,,,,,,,,
"USW00093721","BALTIMORE WASHINGTON INTERNATIONAL AIRPORT, MD US","39.17329","-76.68408","42.0","2020-05-16","0.00","0.0","0.0",,"83","61",,,,,,,,,,,,,,
"USW00093721","BALTIMORE WASHINGTON INTERNATIONAL AIRPORT, MD US","39.17329","-76.68408","42.0","2020-05-17","0.00","0.0","0.0",,"68","58",,,,,,,,,,,,,,
"USW00093721","BALTIMORE WASHINGTON INTERNATIONAL AIRPORT, MD US","39.17329","-76.68408","42.0","2020-05-18","0.00","0.0","0.0",,"68","56","    1",,,,,,"    1",,,,,,,
"USW00093721","BALTIMORE WASHINGTON INTERNATIONAL AIRPORT, MD US","39.17329","-76.68408","42.0","2020-05-19","0.00","0.0","0.0",,"71","55",,,,,,,,,,,,,,
"USW00093721","BALTIMORE WASHINGTON INTERNATIONAL AIRPORT, MD US","39.17329","-76.68408","42.0","2020-05-20","0.00","0.0","0.0",,"64","51",,,,,,,,,,,,,,
"USW00093721","BALTIMORE WASHINGTON INTERNATIONAL AIRPORT, MD US","39.17329","-76.68408","42.0","2020-05-21","0.00","0.0","0.0",,"72","47",,,,,,,,,,,,,,
"USW00093721","BALTIMORE WASHINGTON INTERNATIONAL AIRPORT, MD US","39.17329","-76.68408","42.0","2020-05-22","0.36","0.0","0.0",,"73","59","    1",,,,,,,,,,,,,
"USW00093721","BALTIMORE WASHINGTON INTERNATIONAL AIRPORT, MD US","39.17329","-76.68408","42.0","2020-05-23","0.19","0.0","0.0",,"83","63","    1","    1",,,,,,,,,,,,
"USW00093721","BALTIMORE WASHINGTON INTERNATIONAL AIRPORT, MD US","39.17329","-76.68408","42.0","2020-05-24","0.00","0.0","0.0",,"67","59","    1",,,,,,,,,,,,,
"USW00093721","BALTIMORE WASHINGTON INTERNATIONAL AIRPORT, MD US","39.17329","-76.68408","42.0","2020-05-25","0.00","0.0","0.0",,"75","60",,,,,,,,,,,,,,
"USW00093721","BALTIMORE WASHINGTON INTERNATIONAL AIRPORT, MD US","39.17329","-76.68408","42.0","2020-05-26","0.00","0.0","0.0",,"80","55","    1","    1",,,,,"    1",,,,,,,
"USW00093721","BALTIMORE WASHINGTON INTERNATIONAL AIRPORT, MD US","39.17329","-76.68408","42.0","2020-05-27","0.00","0.0","0.0",,"82","65","    1","    1",,,,,"    1",,,,,,,
"USW00093721","BALTIMORE WASHINGTON INTERNATIONAL AIRPORT, MD US","39.17329","-76.68408","42.0","2020-05-28","0.08","0.0","0.0",,"79","71","    1",,,,,,"    1",,,,,,,
"USW00093721","BALTIMORE WASHINGTON INTERNATIONAL AIRPORT, MD US","39.17329","-76.68408","42.0","2020-05-29","0.00","0.0","0.0",,"88","73","    1",,,,,,"    1",,,,,,,
"USW00093721","BALTIMORE WASHINGTON INTERNATIONAL AIRPORT, MD US","39.17329","-76.68408","42.0","2020-05-30","0.00","0.0","0.0",,"85","66",,,,,,,,,,,,,,
"USW00093721","BALTIMORE WASHINGTON INTERNATIONAL AIRPORT, MD US","39.17329","-76.68408","42.0","2020-05-31","0.00","0.0","0.0",,"77","57",,,,,,,,,,,,,,
"USW00093721","BALTIMORE WASHINGTON INTERNATIONAL AIRPORT, MD US","39.17329","-76.68408","42.0","2020-06-01","0.00","0.0","0.0",,"76","47",,,,,,,,,,,,,,
"USW00093721","BALTIMORE WASHINGTON INTERNATIONAL AIRPORT, MD US","39.17329","-76.68408","42.0","2020-06-02","0.00","0.0","0.0",,"78","52",,,,,,,,,,,,,,
"USW00093721","BALTIMORE WASHINGTON INTERNATIONAL AIRPORT, MD US","39.17329","-76.68408","42.0","2020-06-03","0.00","0.0","0.0",,"96","61",,,,,,,,,,,,,,
"USW00093721","BALTIMORE WASHINGTON INTERNATIONAL AIRPORT, MD US","39.17329","-76.68408","42.0","2020-06-04","2.18","0.0","0.0",,"92","69","    1",,"    1",,,,,,,,,,,
"USW00093721","BALTIMORE WASHINGTON INTERNATIONAL AIRPORT, MD US","39.17329","-76.68408","42.0","2020-06-05","0.61","0.0","0.0",,"90","69","    1",,"    1",,,,,,,,,,,
"USW00093721","BALTIMORE WASHINGTON INTERNATIONAL AIRPORT, MD US","39.17329","-76.68408","42.0","2020-06-06","0.00","0.0","0.0",,"91","69","    1",,,,,,"    1",,,,,,,
"USW00093721","BALTIMORE WASHINGTON INTERNATIONAL AIRPORT, MD US","39.17329","-76.68408","42.0","2020-06-07","0.00","0.0","0.0",,"82","61",,,,,,,,,,,,,,
"USW00093721","BALTIMORE WASHINGTON INTERNATIONAL AIRPORT, MD US","39.17329","-76.68408","42.0","2020-06-08","0.00","0.0","0.0",,"83","59",,,,,,,,,,,,,,
"USW00093721","BALTIMORE WASHINGTON INTERNATIONAL AIRPORT, MD US","39.17329","-76.68408","42.0","2020-06-09","0.00","0.0","0.0",,"91","57",,,,,,,,,,,,,,
"USW00093721","BALTIMORE WASHINGTON INTERNATIONAL AIRPORT, MD US","39.17329","-76.68408","42.0","2020-06-10","0.09","0.0","0.0",,"90","73","    1",,"    1",,,,,,,,,,,
"USW00093721","BALTIMORE WASHINGTON INTERNATIONAL AIRPORT, MD US","39.17329","-76.68408","42.0","2020-06-11","0.88","0.0","0.0",,"88","70","    1",,"    1",,,,"    1",,,,,,,
"USW00093721","BALTIMORE WASHINGTON INTERNATIONAL AIRPORT, MD US","39.17329","-76.68408","42.0","2020-06-12","0.00","0.0","0.0",,"87","65",,,,,,,,,,,,,,
"USW00093721","BALTIMORE WASHINGTON INTERNATIONAL AIRPORT, MD US","39.17329","-76.68408","42.0","2020-06-13","0.00","0.0","0.0",,"80","59",,,,,,,,,,,,,,
"USW00093721","BALTIMORE WASHINGTON INTERNATIONAL AIRPORT, MD US","39.17329","-76.68408","42.0","2020-06-14","0.00","0.0","0.0",,"76","61",,,,,,,,,,,,,,
"USW00093721","BALTIMORE WASHINGTON INTERNATIONAL AIRPORT, MD US","39.17329","-76.68408","42.0","2020-06-15","0.00","0.0","0.0",,"78","61",,,,,,,,,,,,,,
"USW00093721","BALTIMORE WASHINGTON INTERNATIONAL AIRPORT, MD US","39.17329","-76.68408","42.0","2020-06-16","0.00","0.0","0.0",,"78","63",,,,,,,,,,,,,,
"USW00093721","BALTIMORE WASHINGTON INTERNATIONAL AIRPORT, MD US","39.17329","-76.68408","42.0","2020-06-17","0.39","0.0","0.0",,"74","64","    1",,,,,,,,,,,,,
"USW00093721","BALTIMORE WASHINGTON INTERNATIONAL AIRPORT, MD US","39.17329","-76.68408","42.0","2020-06-18","0.05","0.0","0.0",,"83","67","    1",,,,,,,,,,,,,
"USW00093721","BALTIMORE WASHINGTON INTERNATIONAL AIRPORT, MD US","39.17329","-76.68408","42.0","2020-06-19","0.02","0.0","0.0",,"84","65",,,"    1",,,,,,,,,,,
"USW00093721","BALTIMORE WASHINGTON INTERNATIONAL AIRPORT, MD US","39.17329","-76.68408","42.0","2020-06-20","0.93","0.0","0.0",,"80","66","    1",,"    1",,,,"    1",,,,,,,
"USW00093721","BALTIMORE WASHINGTON INTERNATIONAL AIRPORT, MD US","39.17329","-76.68408","42.0","2020-06-21","0.16","0.0","0.0",,"84","66","    1",,,,,,"    1",,,,,,,
"USW00093721","BALTIMORE WASHINGTON INTERNATIONAL AIRPORT, MD US","39.17329","-76.68408","42.0","2020-06-22","0.00","0.0","0.0",,"89","68",,,"    1",,,,,,,,,,,
"USW00093721","BALTIMORE WASHINGTON INTERNATIONAL AIRPORT, MD US","39.17329","-76.68408","42.0","2020-06-23","0.21","0.0","0.0",,"89","66",,,"    1",,,,,,,,,,,
"USW00093721","BALTIMORE WASHINGTON INTERNATIONAL AIRPORT, MD US","39.17329","-76.68408","42.0","2020-06-24","0.00","0.0","0.0",,"85","71",,,,,,,,,,,,,,
"USW00093721","BALTIMORE WASHINGTON INTERNATIONAL AIRPORT, MD US","39.17329","-76.68408","42.0","2020-06-25","0.17","0.0","0.0",,"86","65","    1",,"    1",,,,,,,,,,,
"USW00093721","BALTIMORE WASHINGTON INTERNATIONAL AIRPORT, MD US","39.17329","-76.68408","42.0","2020-06-26","0.00","0.0","0.0",,"89","62",,,,,,,,,,,,,,
"USW00093721","BALTIMORE WASHINGTON INTERNATIONAL AIRPORT, MD US","39.17329","-76.68408","42.0","2020-06-27","0.00","0.0","0.0",,"91","73",,,,,,,,,,,,,,
"USW00093721","BALTIMORE WASHINGTON INTERNATIONAL AIRPORT, MD US","39.17329","-76.68408","42.0","2020-06-28","0.00","0.0","0.0",,"90","72",,,,,,,,,,,,,,
"USW00093721","BALTIMORE WASHINGTON INTERNATIONAL AIRPORT, MD US","39.17329","-76.68408","42.0","2020-06-29","0.00","0.0","0.0",,"92","72",,,,,,,,,,,,,,
"USW00093721","BALTIMORE WASHINGTON INTERNATIONAL AIRPORT, MD US","39.17329","-76.68408","42.0","2020-06-30","0.26","0.0","0.0",,"90","69","    1",,,,,,,,,,,,,
"USW00093721","BALTIMORE WASHINGTON INTERNATIONAL AIRPORT, MD US","39.17329","-76.68408","42.0","2020-07-01","0.24","0.0","0.0",,"88","69","    1",,"    1",,,,"    1",,,,,,,
"USW00093721","BALTIMORE WASHINGTON INTERNATIONAL AIRPORT, MD US","39.17329","-76.68408","42.0","2020-07-02","0.00","0.0","0.0",,"92","68",,,,,,,,,,,,,,
"USW00093721","BALTIMORE WASHINGTON INTERNATIONAL AIRPORT, MD US","39.17329","-76.68408","42.0","2020-07-03","0.00","0.0","0.0",,"96","73",,,,,,,,,,,,,,
"USW00093721","BALTIMORE WASHINGTON INTERNATIONAL AIRPORT, MD US","39.17329","-76.68408","42.0","2020-07-04","0.00","0.0","0.0",,"90","72",,,"    1",,,,"    1",,,,,,,
"USW00093721","BALTIMORE WASHINGTON INTERNATIONAL AIRPORT, MD US","39.17329","-76.68408","42.0","2020-07-05","0.00","0.0","0.0",,"94","75","    1",,"    1",,,,"    1",,,,,,,
"USW00093721","BALTIMORE WASHINGTON INTERNATIONAL AIRPORT, MD US","39.17329","-76.68408","42.0","2020-07-06","1.40","0.0","0.0",,"96","71","    1","    1","    1",,,,"    1",,,,,,,
"USW00093721","BALTIMORE WASHINGTON INTERNATIONAL AIRPORT, MD US","39.17329","-76.68408","42.0","2020-07-07","0.01","0.0","0.0",,"88","71","    1",,"    1",,,,,,,,,,,
"USW00093721","BALTIMORE WASHINGTON INTERNATIONAL AIRPORT, MD US","39.17329","-76.68408","42.0","2020-07-08","0.00","0.0","0.0",,"90","75",,,,,,,,,,,,,,
"USW00093721","BALTIMORE WASHINGTON INTERNATIONAL AIRPORT, MD US","39.17329","-76.68408","42.0","2020-07-09","0.00","0.0","0.0",,"90","72",,,,,,,,,,,,,,
"USW00093721","BALTIMORE WASHINGTON INTERNATIONAL AIRPORT, MD US","39.17329","-76.68408","42.0","2020-07-10","0.06","0.0","0.0",,"88","76","    1",,,,,,,,,,,,,
"USW00093721","BALTIMORE WASHINGTON INTERNATIONAL AIRPORT, MD US","39.17329","-76.68408","42.0","2020-07-11","0.00","0.0","0.0",,"90","74",,,"    1",,,,,,,,,,,
"USW00093721","BALTIMORE WASHINGTON INTERNATIONAL AIRPORT, MD US","39.17329","-76.68408","42.0","2020-07-12","0.02","0.0","0.0",,"91","69",,,,,,,,,,,,,,
"USW00093721","BALTIMORE WASHINGTON INTERNATIONAL AIRPORT, MD US","39.17329","-76.68408","42.0","2020-07-13","0.00","0.0","0.0",,"91","68","    1",,,,,,,,,,,,,
"USW00093721","BALTIMORE WASHINGTON INTERNATIONAL AIRPORT, MD US","39.17329","-76.68408","42.0","2020-07-14","0.00","0.0","0.0",,"90","68",,,,,,,,,,,,,,
"USW00093721","BALTIMORE WASHINGTON INTERNATIONAL AIRPORT, MD US","39.17329","-76.68408","42.0","2020-07-15","0.00","0.0","0.0",,"91","67",,,,,,,,,,,,,,
"USW00093721","BALTIMORE WASHINGTON INTERNATIONAL AIRPORT, MD US","39.17329","-76.68408","42.0","2020-07-16","0.00","0.0","0.0",,"88","74",,,,,,,"    1",,,,,,,
"USW00093721","BALTIMORE WASHINGTON INTERNATIONAL AIRPORT, MD US","39.17329","-76.68408","42.0","2020-07-17","0.01","0.0","0.0",,"98","75",,,,,,,,,,,,,,
"USW00093721","BALTIMORE WASHINGTON INTERNATIONAL AIRPORT, MD US","39.17329","-76.68408","42.0","2020-07-18","0.00","0.0","0.0",,"98","73",,,,,,,,,,,,,,
"USW00093721","BALTIMORE WASHINGTON INTERNATIONAL AIRPORT, MD US","39.17329","-76.68408","42.0","2020-07-19","0.00","0.0","0.0",,"100","70",,,,,,,,,,,,,,
"USW00093721","BALTIMORE WASHINGTON INTERNATIONAL AIRPORT, MD US","39.17329","-76.68408","42.0","2020-07-20","0.00","0.0","0.0",,"100","79",,,,,,,,,,,,,,
"USW00093721","BALTIMORE WASHINGTON INTERNATIONAL AIRPORT, MD US","39.17329","-76.68408","42.0","2020-07-21","0.21","0.0","0.0",,"98","74","    1",,"    1",,,,,,,,,,,
"USW00093721","BALTIMORE WASHINGTON INTERNATIONAL AIRPORT, MD US","39.17329","-76.68408","42.0","2020-07-22","0.81","0.0","0.0",,"96","72","    1",,"    1",,,,,,,,,,,
"USW00093721","BALTIMORE WASHINGTON INTERNATIONAL AIRPORT, MD US","39.17329","-76.68408","42.0","2020-07-23","0.03","0.0","0.0",,"95","73","    1",,"    1",,,,,,,,,,,
"USW00093721","BALTIMORE WASHINGTON INTERNATIONAL AIRPORT, MD US","39.17329","-76.68408","42.0","2020-07-24","0.14","0.0","0.0",,"87","72","    1",,"    1",,,,,,,,,,,
"USW00093721","BALTIMORE WASHINGTON INTERNATIONAL AIRPORT, MD US","39.17329","-76.68408","42.0","2020-07-25","0.00","0.0","0.0",,"91","71","    1",,,,,,,,,,,,,
"USW00093721","BALTIMORE WASHINGTON INTERNATIONAL AIRPORT, MD US","39.17329","-76.68408","42.0","2020-07-26","0.00","0.0","0.0",,"95","76",,,,,,,,,,,,,,
"USW00093721","BALTIMORE WASHINGTON INTERNATIONAL AIRPORT, MD US","39.17329","-76.68408","42.0","2020-07-27","0.00","0.0","0.0",,"97","74",,,,,,,,,,,,,,
"USW00093721","BALTIMORE WASHINGTON INTERNATIONAL AIRPORT, MD US","39.17329","-76.68408","42.0","2020-07-28","0.00","0.0","0.0",,"94","77",,,,,,,,,,,,,,
"USW00093721","BALTIMORE WASHINGTON INTERNATIONAL AIRPORT, MD US","39.17329","-76.68408","42.0","2020-07-29","0.00","0.0","0.0",,"95","73",,,,,,,,,,,,,,
"USW00093721","BALTIMORE WASHINGTON INTERNATIONAL AIRPORT, MD US","39.17329","-76.68408","42.0","2020-07-30","0.08","0.0","0.0",,"97","74","    1",,"    1",,,,,,,,,,,
"USW00093721","BALTIMORE WASHINGTON INTERNATIONAL AIRPORT, MD US","39.17329","-76.68408","42.0","2020-07-31","0.42","0.0","0.0",,"81","72","    1",,,,,,,,,,,,,
"USW00093721","BALTIMORE WASHINGTON INTERNATIONAL AIRPORT, MD US","39.17329","-76.68408","42.0","2020-08-01","0.00","0.0","0.0",,"89","71","    1",,,,,,,,,,,,,
"USW00093721","BALTIMORE WASHINGTON INTERNATIONAL AIRPORT, MD US","39.17329","-76.68408","42.0","2020-08-02","0.00","0.0","0.0",,"94","78",,,,,,,,,,,,,,
"USW00093721","BALTIMORE WASHINGTON INTERNATIONAL AIRPORT, MD US","39.17329","-76.68408","42.0","2020-08-03","0.24","0.0","0.0",,"89","72","    1",,"    1",,,,,,,,,,,
"USW00093721","BALTIMORE WASHINGTON INTERNATIONAL AIRPORT, MD US","39.17329","-76.68408","42.0","2020-08-04","2.32","0.0","0.0",,"87","69","    1",,"    1",,,,,,,,,,,
"USW00093721","BALTIMORE WASHINGTON INTERNATIONAL AIRPORT, MD US","39.17329","-76.68408","42.0","2020-08-05","0.00","0.0","0.0",,"89","67",,,,,,,,,,,,,,
"USW00093721","BALTIMORE WASHINGTON INTERNATIONAL AIRPORT, MD US","39.17329","-76.68408","42.0","2020-08-06","0.97","0.0","0.0",,"85","71","    1",,"    1",,,,"    1",,,,,,,
"USW00093721","BALTIMORE WASHINGTON INTERNATIONAL AIRPORT, MD US","39.17329","-76.68408","42.0","2020-08-07","0.25","0.0","0.0",,"87","70","    1",,"    1",,,,,,,,,,,
"USW00093721","BALTIMORE WASHINGTON INTERNATIONAL AIRPORT, MD US","39.17329","-76.68408","42.0","2020-08-08","0.00","0.0","0.0",,"87","71",,,,,,,,,,,,,,
"USW00093721","BALTIMORE WASHINGTON INTERNATIONAL AIRPORT, MD US","39.17329","-76.68408","42.0","2020-08-09","0.00","0.0","0.0",,"91","70","    1",,,,,,,,,,,,,
"USW00093721","BALTIMORE WASHINGTON INTERNATIONAL AIRPORT, MD US","39.17329","-76.68408","42.0","2020-08-10","0.00","0.0","0.0",,"93","75","    1",,"    1",,,,,,,,,,,
"USW00093721","BALTIMORE WASHINGTON INTERNATIONAL AIRPORT, MD US","39.17329","-76.68408","42.0","2020-08-11","0.00","0.0","0.0",,"93","75","    1",,"    1",,,,,,,,,,,
"USW00093721","BALTIMORE WASHINGTON INTERNATIONAL AIRPORT, MD US","39.17329","-76.68408","42.0","2020-08-12","3.51","0.0","0.0",,"93","72","    1",,"    1",,,,,,,,,,,
"USW00093721","BALTIMORE WASHINGTON INTERNATIONAL AIRPORT, MD US","39.17329","-76.68408","42.0","2020-08-13","0.56","0.0","0.0",,"84","74","    1",,,,,,,,,,,,,
"USW00093721","BALTIMORE WASHINGTON INTERNATIONAL AIRPORT, MD US","39.17329","-76.68408","42.0","2020-08-14","0.49","0.0","0.0",,"89","73","    1",,"    1",,,,"    1",,,,,,,
"USW00093721","BALTIMORE WASHINGTON INTERNATIONAL AIRPORT, MD US","39.17329","-76.68408","42.0","2020-08-15","0.18","0.0","0.0",,"80","71","    1",,,,,,,,,,,,,
"USW00093721","BALTIMORE WASHINGTON INTERNATIONAL AIRPORT, MD US","39.17329","-76.68408","42.0","2020-08-16","1.06","0.0","0.0",,"76","64","    1",,,,,,"    1",,,,,,,
"USW00093721","BALTIMORE WASHINGTON INTERNATIONAL AIRPORT, MD US","39.17329","-76.68408","42.0","2020-08-17","0.26","0.0","0.0",,"86","62","    1",,"    1",,,,,,,,,,,
"USW00093721","BALTIMORE WASHINGTON INTERNATIONAL AIRPORT, MD US","39.17329","-76.68408","42.0","2020-08-18","0.00","0.0","0.0",,"87","64","    1",,,,,,,,,,,,,
"USW00093721","BALTIMORE WASHINGTON INTERNATIONAL AIRPORT, MD US","39.17329","-76.68408","42.0","2020-08-19","0.63","0.0","0.0",,"85","67","    1",,"    1",,,,,,,,,,,
"USW00093721","BALTIMORE WASHINGTON INTERNATIONAL AIRPORT, MD US","39.17329","-76.68408","42.0","2020-08-20","0.00","0.0","0.0",,"83","65",,,,,,,,,,,,,,
"USW00093721","BALTIMORE WASHINGTON INTERNATIONAL AIRPORT, MD US","39.17329","-76.68408","42.0","2020-08-21","0.00","0.0","0.0",,"86","64",,,,,,,,,,,,,,
"USW00093721","BALTIMORE WASHINGTON INTERNATIONAL AIRPORT, MD US","39.17329","-76.68408","42.0","2020-08-22","0.03","0.0","0.0",,"85","73",,,,,,,,,,,,,,
"USW00093721","BALTIMORE WASHINGTON INTERNATIONAL AIRPORT, MD US","39.17329","-76.68408","42.0","2020-08-23","0.15","0.0","0.0",,"91","73","    1",,"    1",,,,,,,,,,,
"USW00093721","BALTIMORE WASHINGTON INTERNATIONAL AIRPORT, MD US","39.17329","-76.68408","42.0","2020-08-24","0.03","0.0","0.0",,"91","71",,,"    1",,,,,,,,,,,
"USW00093721","BALTIMORE WASHINGTON INTERNATIONAL AIRPORT, MD US","39.17329","-76.68408","42.0","2020-08-25","0.10","0.0","0.0",,"91","74",,,"    1",,,,"    1",,,,,,,
"USW00093721","BALTIMORE WASHINGTON INTERNATIONAL AIRPORT, MD US","39.17329","-76.68408","42.0","2020-08-26","0.00","0.0","0.0",,"87","67",,,,,,,,,,,,,,
"USW00093721","BALTIMORE WASHINGTON INTERNATIONAL AIRPORT, MD US","39.17329","-76.68408","42.0","2020-08-27","0.00","0.0","0.0",,"94","73",,,"    1",,,,,,,,,,,
"USW00093721","BALTIMORE WASHINGTON INTERNATIONAL AIRPORT, MD US","39.17329","-76.68408","42.0","2020-08-28","0.76","0.0","0.0",,"92","72","    1",,"    1",,,,"    1",,,,,,,
"USW00093721","BALTIMORE WASHINGTON INTERNATIONAL AIRPORT, MD US","39.17329","-76.68408","42.0","2020-08-29","0.15","0.0","0.0",,"86","73","    1",,,,,,,,,,,,,
"USW00093721","BALTIMORE WASHINGTON INTERNATIONAL AIRPORT, MD US","39.17329","-76.68408","42.0","2020-08-30","0.00","0.0","0.0",,"83","64",,,,,,,,,,,,,,
"USW00093721","BALTIMORE WASHINGTON INTERNATIONAL AIRPORT, MD US","39.17329","-76.68408","42.0","2020-08-31","0.12","0.0","0.0",,"76","64","    1",,,,,,,,,,,,,
"USW00093721","BALTIMORE WASHINGTON INTERNATIONAL AIRPORT, MD US","39.17329","-76.68408","42.0","2020-09-01","0.01","0.0","0.0",,"83","69",,,,,,,,,,,,,,
"USW00093721","BALTIMORE WASHINGTON INTERNATIONAL AIRPORT, MD US","39.17329","-76.68408","42.0","2020-09-02","0.12","0.0","0.0",,"90","73","    1",,"    1",,,,"    1",,,,,,,
"USW00093721","BALTIMORE WASHINGTON INTERNATIONAL AIRPORT, MD US","39.17329","-76.68408","42.0","2020-09-03","1.57","0.0","0.0",,"89","71","    1","    1","    1",,,,,,,,,,,
"USW00093721","BALTIMORE WASHINGTON INTERNATIONAL AIRPORT, MD US","39.17329","-76.68408","42.0","2020-09-04","0.00","0.0","0.0",,"89","68",,,,,,,,,,,,,,
"USW00093721","BALTIMORE WASHINGTON INTERNATIONAL AIRPORT, MD US","39.17329","-76.68408","42.0","2020-09-05","0.00","0.0","0.0",,"82","59",,,,,,,,,,,,,,
"USW00093721","BALTIMORE WASHINGTON INTERNATIONAL AIRPORT, MD US","39.17329","-76.68408","42.0","2020-09-06","0.00","0.0","0.0",,"86","58",,,,,,,,,,,,,,
"USW00093721","BALTIMORE WASHINGTON INTERNATIONAL AIRPORT, MD US","39.17329","-76.68408","42.0","2020-09-07","0.00","0.0","0.0",,"83","60","    1",,,,,,,,,,,,,
"USW00093721","BALTIMORE WASHINGTON INTERNATIONAL AIRPORT, MD US","39.17329","-76.68408","42.0","2020-09-08","0.00","0.0","0.0",,"85","60",,,,,,,,,,,,,,
"USW00093721","BALTIMORE WASHINGTON INTERNATIONAL AIRPORT, MD US","39.17329","-76.68408","42.0","2020-09-09","0.03","0.0","0.0",,"80","71","    1",,,,,,"    1",,,,,,,
"USW00093721","BALTIMORE WASHINGTON INTERNATIONAL AIRPORT, MD US","39.17329","-76.68408","42.0","2020-09-10","0.63","0.0","0.0",,"83","75","    1",,,,,,"    1",,,,,,,
"USW00093721","BALTIMORE WASHINGTON INTERNATIONAL AIRPORT, MD US","39.17329","-76.68408","42.0","2020-09-11","0.00","0.0","0.0",,"80","71","    1",,,,,,,,,,,,,
"USW00093721","BALTIMORE WASHINGTON INTERNATIONAL AIRPORT, MD US","39.17329","-76.68408","42.0","2020-09-12","0.00","0.0","0.0",,"75","63",,,,,,,,,,,,,,
"USW00093721","BALTIMORE WASHINGTON INTERNATIONAL AIRPORT, MD US","39.17329","-76.68408","42.0","2020-09-13","0.00","0.0","0.0",,"83","58",,,,,,,,,,,,,,
"USW00093721","BALTIMORE WASHINGTON INTERNATIONAL AIRPORT, MD US","39.17329","-76.68408","42.0","2020-09-14","0.00","0.0","0.0",,"79","62",,,,,,,,,,,,,,
"USW00093721","BALTIMORE WASHINGTON INTERNATIONAL AIRPORT, MD US","39.17329","-76.68408","42.0","2020-09-15","0.00","0.0","0.0",,"69","51",,,,,,,,,,,,,,
"USW00093721","BALTIMORE WASHINGTON INTERNATIONAL AIRPORT, MD US","39.17329","-76.68408","42.0","2020-09-16","0.00","0.0","0.0",,"74","49",,,,,,,,,,,,,,
"USW00093721","BALTIMORE WASHINGTON INTERNATIONAL AIRPORT, MD US","39.17329","-76.68408","42.0","2020-09-17","0.14","0.0","0.0",,"75","60","    1",,,,,,,,,,,,,
"USW00093721","BALTIMORE WASHINGTON INTERNATIONAL AIRPORT, MD US","39.17329","-76.68408","42.0","2020-09-18","0.03","0.0","0.0",,"76","57","    1",,,,,,,,,,,,,
"USW00093721","BALTIMORE WASHINGTON INTERNATIONAL AIRPORT, MD US","39.17329","-76.68408","42.0","2020-09-19","0.00","0.0","0.0",,"67","45",,,,,,,,,,,,,,
"USW00093721","BALTIMORE WASHINGTON INTERNATIONAL AIRPORT, MD US","39.17329","-76.68408","42.0","2020-09-20","0.00","0.0","0.0",,"69","42",,,,,,,,,,,,,,
"USW00093721","BALTIMORE WASHINGTON INTERNATIONAL AIRPORT, MD US","39.17329","-76.68408","42.0","2020-09-21","0.00","0.0","0.0",,"67","42",,,,,,,,,,,,,,
"USW00093721","BALTIMORE WASHINGTON INTERNATIONAL AIRPORT, MD US","39.17329","-76.68408","42.0","2020-09-22","0.00","0.0","0.0",,"73","40",,,,,,,,,,,,,,
"USW00093721","BALTIMORE WASHINGTON INTERNATIONAL AIRPORT, MD US","39.17329","-76.68408","42.0","2020-09-23","0.00","0.0","0.0",,"81","51",,,,,,,,,,,,,,
"USW00093721","BALTIMORE WASHINGTON INTERNATIONAL AIRPORT, MD US","39.17329","-76.68408","42.0","2020-09-24","0.00","0.0","0.0",,"73","58",,,,,,,,,,,,,,
"USW00093721","BALTIMORE WASHINGTON INTERNATIONAL AIRPORT, MD US","39.17329","-76.68408","42.0","2020-09-25","0.14","0.0","0.0",,"72","58","    1","    1",,,,,,,,,,,,
"USW00093721","BALTIMORE WASHINGTON INTERNATIONAL AIRPORT, MD US","39.17329","-76.68408","42.0","2020-09-26","0.96","0.0","0.0",,"72","62","    1",,,,,,"    1",,,,,,,
"USW00093721","BALTIMORE WASHINGTON INTERNATIONAL AIRPORT, MD US","39.17329","-76.68408","42.0","2020-09-27","0.06","0.0","0.0",,"79","68","    1","    1",,,,,,,,,,,,
"USW00093721","BALTIMORE WASHINGTON INTERNATIONAL AIRPORT, MD US","39.17329","-76.68408","42.0","2020-09-28","0.05","0.0","0.0",,"82","66",,,,,,,"    1",,,,,,,
"USW00093721","BALTIMORE WASHINGTON INTERNATIONAL AIRPORT, MD US","39.17329","-76.68408","42.0","2020-09-29","0.65","0.0","0.0",,"82","56","    1",,,,,,,,,,,,,
"USW00093721","BALTIMORE WASHINGTON INTERNATIONAL AIRPORT, MD US","39.17329","-76.68408","42.0","2020-09-30","0.09","0.0","0.0",,"72","56","    1",,,,,,,,,,,,,
"USW00093721","BALTIMORE WASHINGTON INTERNATIONAL AIRPORT, MD US","39.17329","-76.68408","42.0","2020-10-01","0.05","0.0","0.0",,"74","54","    1",,,,,,,,,,,,,
"USW00093721","BALTIMORE WASHINGTON INTERNATIONAL AIRPORT, MD US","39.17329","-76.68408","42.0","2020-10-02","0.11","0.0","0.0",,"70","48","    1",,,,,,,,,,,,,
"USW00093721","BALTIMORE WASHINGTON INTERNATIONAL AIRPORT, MD US","39.17329","-76.68408","42.0","2020-10-03","0.00","0.0","0.0",,"68","44",,,,,,,,,,,,,,
"USW00093721","BALTIMORE WASHINGTON INTERNATIONAL AIRPORT, MD US","39.17329","-76.68408","42.0","2020-10-04","0.00","0.0","0.0",,"68","43",,,,,,,,,,,,,,
"USW00093721","BALTIMORE WASHINGTON INTERNATIONAL AIRPORT, MD US","39.17329","-76.68408","42.0","2020-10-05","0.03","0.0","0.0",,"71","50",,,,,,,,,,,,,,
"USW00093721","BALTIMORE WASHINGTON INTERNATIONAL AIRPORT, MD US","39.17329","-76.68408","42.0","2020-10-06","0.00","0.0","0.0",,"76","45",,,,,,,,,,,,,,
"USW00093721","BALTIMORE WASHINGTON INTERNATIONAL AIRPORT, MD US","39.17329","-76.68408","42.0","2020-10-07","0.00","0.0","0.0",,"81","51",,,,,,,,,,,,,,
"USW00093721","BALTIMORE WASHINGTON INTERNATIONAL AIRPORT, MD US","39.17329","-76.68408","42.0","2020-10-08","0.00","0.0","0.0",,"71","50",,,,,,,,,,,,,,
"USW00093721","BALTIMORE WASHINGTON INTERNATIONAL AIRPORT, MD US","39.17329","-76.68408","42.0","2020-10-09","0.00","0.0","0.0",,"72","44",,,,,,,,,,,,,,
"USW00093721","BALTIMORE WASHINGTON INTERNATIONAL AIRPORT, MD US","39.17329","-76.68408","42.0","2020-10-10","0.00","0.0","0.0",,"74","54",,,,,,,,,,,,,,
"USW00093721","BALTIMORE WASHINGTON INTERNATIONAL AIRPORT, MD US","39.17329","-76.68408","42.0","2020-10-11","0.63","0.0","0.0",,"71","63","    1",,,,,,,,,,,,,
"USW00093721","BALTIMORE WASHINGTON INTERNATIONAL AIRPORT, MD US","39.17329","-76.68408","42.0","2020-10-12","0.76","0.0","0.0",,"64","57","    1",,,,,,,,,,,,,
"USW00093721","BALTIMORE WASHINGTON INTERNATIONAL AIRPORT, MD US","39.17329","-76.68408","42.0","2020-10-13","0.02","0.0","0.0",,"69","50","    1",,,,,,,,,,,,,
"USW00093721","BALTIMORE WASHINGTON INTERNATIONAL AIRPORT, MD US","39.17329","-76.68408","42.0","2020-10-14","0.00","0.0","0.0",,"74","44","    1",,,,,,,,,,,,,
"USW00093721","BALTIMORE WASHINGTON INTERNATIONAL AIRPORT, MD US","39.17329","-76.68408","42.0","2020-10-15","0.00","0.0","0.0",,"77","51",,,,,,,,,,,,,,
"USW00093721","BALTIMORE WASHINGTON INTERNATIONAL AIRPORT, MD US","39.17329","-76.68408","42.0","2020-10-16","0.23","0.0","0.0",,"66","51","    1",,,,,,,,,,,,,
"USW00093721","BALTIMORE WASHINGTON INTERNATIONAL AIRPORT, MD US","39.17329","-76.68408","42.0","2020-10-17","0.00","0.0","0.0",,"63","40",,,,,,,,,,,,,,
"USW00093721","BALTIMORE WASHINGTON INTERNATIONAL AIRPORT, MD US","39.17329","-76.68408","42.0","2020-10-18","0.00","0.0","0.0",,"66","38","    1",,,,,,,,,,,,,
"USW00093721","BALTIMORE WASHINGTON INTERNATIONAL AIRPORT, MD US","39.17329","-76.68408","42.0","2020-10-19","0.00","0.0","0.0",,"72","49",,,,,,,,,,,,,,
"USW00093721","BALTIMORE WASHINGTON INTERNATIONAL AIRPORT, MD US","39.17329","-76.68408","42.0","2020-10-20","0.00","0.0","0.0",,"75","54","    1","    1",,,,,,,,,,,,
"USW00093721","BALTIMORE WASHINGTON INTERNATIONAL AIRPORT, MD US","39.17329","-76.68408","42.0","2020-10-21","0.00","0.0","0.0",,"79","57","    1","    1",,,,,"    1",,,,,,,
"USW00093721","BALTIMORE WASHINGTON INTERNATIONAL AIRPORT, MD US","39.17329","-76.68408","42.0","2020-10-22","0.00","0.0","0.0",,"78","59","    1","    1",,,,,"    1",,,,,,,
"USW00093721","BALTIMORE WASHINGTON INTERNATIONAL AIRPORT, MD US","39.17329","-76.68408","42.0","2020-10-23","0.00","0.0","0.0",,"76","58","    1","    1",,,,,,,,,,,,
"USW00093721","BALTIMORE WASHINGTON INTERNATIONAL AIRPORT, MD US","39.17329","-76.68408","42.0","2020-10-24","0.00","0.0","0.0",,"78","56","    1",,,,,,,,,,,,,
"USW00093721","BALTIMORE WASHINGTON INTERNATIONAL AIRPORT, MD US","39.17329","-76.68408","42.0","2020-10-25","0.09","0.0","0.0",,"56","47","    1",,,,,,"    1",,,,,,,
"USW00093721","BALTIMORE WASHINGTON INTERNATIONAL AIRPORT, MD US","39.17329","-76.68408","42.0","2020-10-26","0.00","0.0","0.0",,"65","48","    1",,,,,,"    1",,,,,,,
"USW00093721","BALTIMORE WASHINGTON INTERNATIONAL AIRPORT, MD US","39.17329","-76.68408","42.0","2020-10-27","0.00","0.0","0.0",,"63","54",,,,,,,,,,,,,,
"USW00093721","BALTIMORE WASHINGTON INTERNATIONAL AIRPORT, MD US","39.17329","-76.68408","42.0","2020-10-28","0.00","0.0","0.0",,"71","60","    1",,,,,,"    1",,,,,,,
"USW00093721","BALTIMORE WASHINGTON INTERNATIONAL AIRPORT, MD US","39.17329","-76.68408","42.0","2020-10-29","2.21","0.0","0.0",,"61","51","    1",,,,,,,,,,,,,
"USW00093721","BALTIMORE WASHINGTON INTERNATIONAL AIRPORT, MD US","39.17329","-76.68408","42.0","2020-10-30","0.23","0.0","0.0",,"53","43","    1",,,,,,,,,,,,,
"USW00093721","BALTIMORE WASHINGTON INTERNATIONAL AIRPORT, MD US","39.17329","-76.68408","42.0","2020-10-31","0.00","0.0","0.0",,"49","37",,,,,,,,,,,,,,
"USW00093721","BALTIMORE WASHINGTON INTERNATIONAL AIRPORT, MD US","39.17329","-76.68408","42.0","2020-11-01","0.40","0.0","0.0",,"58","41","    1",,,,,,,,,,,,,
"USW00093721","BALTIMORE WASHINGTON INTERNATIONAL AIRPORT, MD US","39.17329","-76.68408","42.0","2020-11-02","0.00","0.0","0.0",,"50","38",,,,,,,,,,,,,,
"USW00093721","BALTIMORE WASHINGTON INTERNATIONAL AIRPORT, MD US","39.17329","-76.68408","42.0","2020-11-03","0.00","0.0","0.0",,"63","38",,,,,,,,,,,,,,
"USW00093721","BALTIMORE WASHINGTON INTERNATIONAL AIRPORT, MD US","39.17329","-76.68408","42.0","2020-11-04","0.00","0.0","0.0",,"70","35",,,,,,,,,,,,,,
"USW00093721","BALTIMORE WASHINGTON INTERNATIONAL AIRPORT, MD US","39.17329","-76.68408","42.0","2020-11-05","0.00","0.0","0.0",,"71","38","    1",,,,,,,,,,,,,
"USW00093721","BALTIMORE WASHINGTON INTERNATIONAL AIRPORT, MD US","39.17329","-76.68408","42.0","2020-11-06","0.00","0.0","0.0",,"75","45",,,,,,,,,,,,,,
"USW00093721","BALTIMORE WASHINGTON INTERNATIONAL AIRPORT, MD US","39.17329","-76.68408","42.0","2020-11-07","0.00","0.0","0.0",,"77","41","    1",,,,,,,,,,,,,
"USW00093721","BALTIMORE WASHINGTON INTERNATIONAL AIRPORT, MD US","39.17329","-76.68408","42.0","2020-11-08","0.00","0.0","0.0",,"78","43","    1",,,,,,,,,,,,,
"USW00093721","BALTIMORE WASHINGTON INTERNATIONAL AIRPORT, MD US","39.17329","-76.68408","42.0","2020-11-09","0.00","0.0","0.0",,"77","48","    1","    1",,,,,,,,,,,,
"USW00093721","BALTIMORE WASHINGTON INTERNATIONAL AIRPORT, MD US","39.17329","-76.68408","42.0","2020-11-10","0.00","0.0","0.0",,"78","47","    1",,,,,,,,,,,,,
"USW00093721","BALTIMORE WASHINGTON INTERNATIONAL AIRPORT, MD US","39.17329","-76.68408","42.0","2020-11-11","1.91","0.0","0.0",,"70","58","    1",,,,,,,,,,,,,
"USW00093721","BALTIMORE WASHINGTON INTERNATIONAL AIRPORT, MD US","39.17329","-76.68408","42.0","2020-11-12","0.83","0.0","0.0",,"70","50","    1",,,,,,"    1",,,,,,,
"USW00093721","BALTIMORE WASHINGTON INTERNATIONAL AIRPORT, MD US","39.17329","-76.68408","42.0","2020-11-13","0.01","0.0","0.0",,"62","41","    1",,,,,,"    1",,,,,,,
"USW00093721","BALTIMORE WASHINGTON INTERNATIONAL AIRPORT, MD US","39.17329","-76.68408","42.0","2020-11-14","0.00","0.0","0.0",,"58","39",,,,,,,,,,,,,,
"USW00093721","BALTIMORE WASHINGTON INTERNATIONAL AIRPORT, MD US","39.17329","-76.68408","42.0","2020-11-15","0.36","0.0","0.0",,"68","40",,,,,,,,,,,,,,
"USW00093721","BALTIMORE WASHINGTON INTERNATIONAL AIRPORT, MD US","39.17329","-76.68408","42.0","2020-11-16","0.00","0.0","0.0",,"60","44",,,,,,,,,,,,,,
"USW00093721","BALTIMORE WASHINGTON INTERNATIONAL AIRPORT, MD US","39.17329","-76.68408","42.0","2020-11-17","0.00","0.0","0.0",,"57","35",,,,,,,,,,,,,,
"USW00093721","BALTIMORE WASHINGTON INTERNATIONAL AIRPORT, MD US","39.17329","-76.68408","42.0","2020-11-18","0.00","0.0","0.0",,"45","27",,,,,,,"    1",,,,,,,
"USW00093721","BALTIMORE WASHINGTON INTERNATIONAL AIRPORT, MD US","39.17329","-76.68408","42.0","2020-11-19","0.00","0.0","0.0",,"53","25",,,,,,,,,,,,,,
"USW00093721","BALTIMORE WASHINGTON INTERNATIONAL AIRPORT, MD US","39.17329","-76.68408","42.0","2020-11-20","0.00","0.0","0.0",,"66","35",,,,,,,,,,,,,,
"USW00093721","BALTIMORE WASHINGTON INTERNATIONAL AIRPORT, MD US","39.17329","-76.68408","42.0","2020-11-21","0.00","0.0","0.0",,"68","43",,,,,,,,,,,,,,
"USW00093721","BALTIMORE WASHINGTON INTERNATIONAL AIRPORT, MD US","39.17329","-76.68408","42.0","2020-11-22","0.00","0.0","0.0",,"57","50",,,,,,,,,,,,,,
"USW00093721","BALTIMORE WASHINGTON INTERNATIONAL AIRPORT, MD US","39.17329","-76.68408","42.0","2020-11-23","0.01","0.0","0.0",,"59","40",,,,,,,,,,,,,,
"USW00093721","BALTIMORE WASHINGTON INTERNATIONAL AIRPORT, MD US","39.17329","-76.68408","42.0","2020-11-24","0.00","0.0","0.0",,"52","34",,,,,,,,,,,,,,
"USW00093721","BALTIMORE WASHINGTON INTERNATIONAL AIRPORT, MD US","39.17329","-76.68408","42.0","2020-11-25","0.01","0.0","0.0",,"58","43",,,,,,,,,,,,,,
"USW00093721","BALTIMORE WASHINGTON INTERNATIONAL AIRPORT, MD US","39.17329","-76.68408","42.0","2020-11-26","0.08","0.0","0.0",,"70","49","    1",,,,,,,,,,,,,
"USW00093721","BALTIMORE WASHINGTON INTERNATIONAL AIRPORT, MD US","39.17329","-76.68408","42.0","2020-11-27","0.00","0.0","0.0",,"60","49",,,,,,,,,,,,,,
"USW00093721","BALTIMORE WASHINGTON INTERNATIONAL AIRPORT, MD US","39.17329","-76.68408","42.0","2020-11-28","0.00","0.0","0.0",,"59","36",,,,,,,,,,,,,,
"USW00093721","BALTIMORE WASHINGTON INTERNATIONAL AIRPORT, MD US","39.17329","-76.68408","42.0","2020-11-29","0.00","0.0","0.0",,"59","30",,,,,,,,,,,,,,
"USW00093721","BALTIMORE WASHINGTON INTERNATIONAL AIRPORT, MD US","39.17329","-76.68408","42.0","2020-11-30","2.74","0.0","0.0",,"63","48","    1",,"    1",,,,,,,,,,,
"USW00093721","BALTIMORE WASHINGTON INTERNATIONAL AIRPORT, MD US","39.17329","-76.68408","42.0","2020-12-01","0.00","0.0","0.0",,"49","39",,,,,,,,,,,,,,
"USW00093721","BALTIMORE WASHINGTON INTERNATIONAL AIRPORT, MD US","39.17329","-76.68408","42.0","2020-12-02","0.00","0.0","0.0",,"48","33",,,,,,,,,,,,,,
"USW00093721","BALTIMORE WASHINGTON INTERNATIONAL AIRPORT, MD US","39.17329","-76.68408","42.0","2020-12-03","0.00","0.0","0.0",,"56","28",,,,,,,,,,,,,,
"USW00093721","BALTIMORE WASHINGTON INTERNATIONAL AIRPORT, MD US","39.17329","-76.68408","42.0","2020-12-04","0.29","0.0","0.0",,"51","44","    1",,,,,,,,,,,,,
"USW00093721","BALTIMORE WASHINGTON INTERNATIONAL AIRPORT, MD US","39.17329","-76.68408","42.0","2020-12-05","0.61","0.0","0.0",,"50","38","    1",,,,,,,,,,,,,
"USW00093721","BALTIMORE WASHINGTON INTERNATIONAL AIRPORT, MD US","39.17329","-76.68408","42.0","2020-12-06","0.00","0.0","0.0",,"46","31",,,,,,,,,,,,,,
"USW00093721","BALTIMORE WASHINGTON INTERNATIONAL AIRPORT, MD US","39.17329","-76.68408","42.0","2020-12-07","0.00","0.0","0.0",,"41","27",,,,,,,,,,,,,,
"USW00093721","BALTIMORE WASHINGTON INTERNATIONAL AIRPORT, MD US","39.17329","-76.68408","42.0","2020-12-08","0.00","0.0","0.0",,"47","30",,,,,,,,,,,,,,
"USW00093721","BALTIMORE WASHINGTON INTERNATIONAL AIRPORT, MD US","39.17329","-76.68408","42.0","2020-12-09","0.00","0.0","0.0",,"44","27",,,,,,,,,,,,,,
"USW00093721","BALTIMORE WASHINGTON INTERNATIONAL AIRPORT, MD US","39.17329","-76.68408","42.0","2020-12-10","0.00","0.0","0.0",,"53","27","    1",,,,,,,,,,,,,
"USW00093721","BALTIMORE WASHINGTON INTERNATIONAL AIRPORT, MD US","39.17329","-76.68408","42.0","2020-12-11","0.00","0.0","0.0",,"63","28","    1",,,,,,"    1",,,,,,,
"USW00093721","BALTIMORE WASHINGTON INTERNATIONAL AIRPORT, MD US","39.17329","-76.68408","42.0","2020-12-12","0.00","0.0","0.0",,"64","34","    1","    1",,,,,"    1",,,,,,,
"USW00093721","BALTIMORE WASHINGTON INTERNATIONAL AIRPORT, MD US","39.17329","-76.68408","42.0","2020-12-13","0.00","0.0","0.0",,"66","40",,,,,,,,,,,,,,
"USW00093721","BALTIMORE WASHINGTON INTERNATIONAL AIRPORT, MD US","39.17329","-76.68408","42.0","2020-12-14","1.17","0.0","0.0",,"44","35","    1",,,,,,,,,,,,,
"USW00093721","BALTIMORE WASHINGTON INTERNATIONAL AIRPORT, MD US","39.17329","-76.68408","42.0","2020-12-15","0.00","0.0","0.0",,"42","27",,,,,,,,,,,,,,
"USW00093721","BALTIMORE WASHINGTON INTERNATIONAL AIRPORT, MD US","39.17329","-76.68408","42.0","2020-12-16","1.42","1.6","0.0",,"36","28","    1","    1",,"    1",,"    1",,,,,,,,
"USW00093721","BALTIMORE WASHINGTON INTERNATIONAL AIRPORT, MD US","39.17329","-76.68408","42.0","2020-12-17","0.02","0.0","1.2",,"39","25","    1",,,,,"    1","    1",,,,,,,
"USW00093721","BALTIMORE WASHINGTON INTERNATIONAL AIRPORT, MD US","39.17329","-76.68408","42.0","2020-12-18","0.00","0.0","1.2",,"36","26",,,,,,,,,,,,,,
"USW00093721","BALTIMORE WASHINGTON INTERNATIONAL AIRPORT, MD US","39.17329","-76.68408","42.0","2020-12-19","0.00","0.0","0.0",,"37","21",,,,,,,,,,,,,,
"USW00093721","BALTIMORE WASHINGTON INTERNATIONAL AIRPORT, MD US","39.17329","-76.68408","42.0","2020-12-20","0.00","0.0","0.0",,"45","31",,,,,,,,,,,,,,
"USW00093721","BALTIMORE WASHINGTON INTERNATIONAL AIRPORT, MD US","39.17329","-76.68408","42.0","2020-12-21","0.02","0.0","0.0",,"50","36","    1",,,,,,"    1",,,,,,,
"USW00093721","BALTIMORE WASHINGTON INTERNATIONAL AIRPORT, MD US","39.17329","-76.68408","42.0","2020-12-22","0.01","0.0","0.0",,"50","35","    1",,,,,,,,,,,,,
"USW00093721","BALTIMORE WASHINGTON INTERNATIONAL AIRPORT, MD US","39.17329","-76.68408","42.0","2020-12-23","0.00","0.0","0.0",,"49","26",,,,,,,,,,,,,,
"USW00093721","BALTIMORE WASHINGTON INTERNATIONAL AIRPORT, MD US","39.17329","-76.68408","42.0","2020-12-24","0.65","0.0","0.0",,"61","41","    1",,,,,,,,,,,,,
"USW00093721","BALTIMORE WASHINGTON INTERNATIONAL AIRPORT, MD US","39.17329","-76.68408","42.0","2020-12-25","0.39","0.0","0.0",,"60","24","    1",,,,,,,,,,,,,
"USW00093721","BALTIMORE WASHINGTON INTERNATIONAL AIRPORT, MD US","39.17329","-76.68408","42.0","2020-12-26","0.00","0.0","0.0",,"34","23",,,,,,,,,,,,,,
"USW00093721","BALTIMORE WASHINGTON INTERNATIONAL AIRPORT, MD US","39.17329","-76.68408","42.0","2020-12-27","0.00","0.0","0.0",,"41","22",,,,,,,,,,,,,,
"USW00093721","BALTIMORE WASHINGTON INTERNATIONAL AIRPORT, MD US","39.17329","-76.68408","42.0","2020-12-28","0.00","0.0","0.0",,"56","27",,,,,,,,,,,,,,
"USW00093721","BALTIMORE WASHINGTON INTERNATIONAL AIRPORT, MD US","39.17329","-76.68408","42.0","2020-12-29","0.00","0.0","0.0",,"43","25",,,,,,,,,,,,,,
"USW00093721","BALTIMORE WASHINGTON INTERNATIONAL AIRPORT, MD US","39.17329","-76.68408","42.0","2020-12-30","0.00","0.0","0.0",,"48","26",,,,,,,,,,,,,,
"USW00093721","BALTIMORE WASHINGTON INTERNATIONAL AIRPORT, MD US","39.17329","-76.68408","42.0","2020-12-31","0.00","0.0","0.0",,"54","36",,,,,,,,,,,,,,
"USW00093721","BALTIMORE WASHINGTON INTERNATIONAL AIRPORT, MD US","39.17329","-76.68408","42.0","2021-01-01","1.02","0.0","0.0",,"39","30","    1",,,,,,,,,,,,,
"USW00093721","BALTIMORE WASHINGTON INTERNATIONAL AIRPORT, MD US","39.17329","-76.68408","42.0","2021-01-02","0.01","0.0","0.0",,"57","38","    1",,,,,,,,,,,,,
"USW00093721","BALTIMORE WASHINGTON INTERNATIONAL AIRPORT, MD US","39.17329","-76.68408","42.0","2021-01-03","0.20","0.0","0.0",,"42","36","    1",,,,,,,,,,,,,
"USW00093721","BALTIMORE WASHINGTON INTERNATIONAL AIRPORT, MD US","39.17329","-76.68408","42.0","2021-01-04","0.00","0.0","0.0",,"47","31","    1",,,,,,,,,,,,,
"USW00093721","BALTIMORE WASHINGTON INTERNATIONAL AIRPORT, MD US","39.17329","-76.68408","42.0","2021-01-05","0.00","0.0","0.0",,"44","38","    1",,,,,,"    1",,,,,,,
"USW00093721","BALTIMORE WASHINGTON INTERNATIONAL AIRPORT, MD US","39.17329","-76.68408","42.0","2021-01-06","0.00","0.0","0.0",,"42","37",,,,,,,,,,,,,,
"USW00093721","BALTIMORE WASHINGTON INTERNATIONAL AIRPORT, MD US","39.17329","-76.68408","42.0","2021-01-07","0.00","0.0","0.0",,"47","31",,,,,,,,,,,,,,
"USW00093721","BALTIMORE WASHINGTON INTERNATIONAL AIRPORT, MD US","39.17329","-76.68408","42.0","2021-01-08","0.00","0.0","0.0",,"38","29",,,,,,,,,,,,,,
"USW00093721","BALTIMORE WASHINGTON INTERNATIONAL AIRPORT, MD US","39.17329","-76.68408","42.0","2021-01-09","0.00","0.0","0.0",,"46","29",,,,,,,,,,,,,,
"USW00093721","BALTIMORE WASHINGTON INTERNATIONAL AIRPORT, MD US","39.17329","-76.68408","42.0","2021-01-10","0.00","0.0","0.0",,"50","26",,,,,,,,,,,,,,
"USW00093721","BALTIMORE WASHINGTON INTERNATIONAL AIRPORT, MD US","39.17329","-76.68408","42.0","2021-01-11","0.00","0.0","0.0",,"45","24",,,,,,,,,,,,,,
"USW00093721","BALTIMORE WASHINGTON INTERNATIONAL AIRPORT, MD US","39.17329","-76.68408","42.0","2021-01-12","0.00","0.0","0.0",,"49","23",,,,,,,,,,,,,,
"USW00093721","BALTIMORE WASHINGTON INTERNATIONAL AIRPORT, MD US","39.17329","-76.68408","42.0","2021-01-13","0.00","0.0","0.0",,"51","23",,,,,,,,,,,,,,
"USW00093721","BALTIMORE WASHINGTON INTERNATIONAL AIRPORT, MD US","39.17329","-76.68408","42.0","2021-01-14","0.00","0.0","0.0",,"55","27","    1",,,,,,,,,,,,,
"USW00093721","BALTIMORE WASHINGTON INTERNATIONAL AIRPORT, MD US","39.17329","-76.68408","42.0","2021-01-15","0.27","0.0","0.0",,"50","31","    1",,,,,,,,,,,,,
"USW00093721","BALTIMORE WASHINGTON INTERNATIONAL AIRPORT, MD US","39.17329","-76.68408","42.0","2021-01-16","0.00","0.0","0.0",,"49","34","    1",,,,,,,,,,,,,
"USW00093721","BALTIMORE WASHINGTON INTERNATIONAL AIRPORT, MD US","39.17329","-76.68408","42.0","2021-01-17","0.00","0.0","0.0",,"50","34",,,,,,,,,,,,,,
"USW00093721","BALTIMORE WASHINGTON INTERNATIONAL AIRPORT, MD US","39.17329","-76.68408","42.0","2021-01-18","0.00","0.0","0.0",,"46","32",,,,,,,,,,,,,,
"USW00093721","BALTIMORE WASHINGTON INTERNATIONAL AIRPORT, MD US","39.17329","-76.68408","42.0","2021-01-19","0.00","0.0","0.0",,"51","29",,,,,,,,,,,,,,
"USW00093721","BALTIMORE WASHINGTON INTERNATIONAL AIRPORT, MD US","39.17329","-76.68408","42.0","2021-01-20","0.01","0.0","0.0",,"45","24",,,,,,,,,,,,,,
"USW00093721","BALTIMORE WASHINGTON INTERNATIONAL AIRPORT, MD US","39.17329","-76.68408","42.0","2021-01-21","0.00","0.0","0.0",,"53","20",,,,,,,,,,,,,,
"USW00093721","BALTIMORE WASHINGTON INTERNATIONAL AIRPORT, MD US","39.17329","-76.68408","42.0","2021-01-22","0.00","0.0","0.0",,"50","31",,,,,,,,,,,,,,
"USW00093721","BALTIMORE WASHINGTON INTERNATIONAL AIRPORT, MD US","39.17329","-76.68408","42.0","2021-01-23","0.00","0.0","0.0",,"38","24",,,,,,,,,,,,,,
"USW00093721","BALTIMORE WASHINGTON INTERNATIONAL AIRPORT, MD US","39.17329","-76.68408","42.0","2021-01-24","0.00","0.0","0.0",,"39","22",,,,,,,,,,,,,,
"USW00093721","BALTIMORE WASHINGTON INTERNATIONAL AIRPORT, MD US","39.17329","-76.68408","42.0","2021-01-25","0.11","0.5","0.0",,"37","30","    1",,,,,,,,,,,,,
"USW00093721","BALTIMORE WASHINGTON INTERNATIONAL AIRPORT, MD US","39.17329","-76.68408","42.0","2021-01-26","0.07","0.0","0.0",,"36","31","    1",,,,,"    1",,,,,,,,
"USW00093721","BALTIMORE WASHINGTON INTERNATIONAL AIRPORT, MD US","39.17329","-76.68408","42.0","2021-01-27","0.00","0.0","0.0",,"45","35","    1",,,,,,,,,,,,,
"USW00093721","BALTIMORE WASHINGTON INTERNATIONAL AIRPORT, MD US","39.17329","-76.68408","42.0","2021-01-28","0.00","0.0","0.0",,"37","26",,,,,,,,,,,,,,
"USW00093721","BALTIMORE WASHINGTON INTERNATIONAL AIRPORT, MD US","39.17329","-76.68408","42.0","2021-01-29","0.00","0.0","0.0",,"32","23",,,,,,,,,,,,,,
"USW00093721","BALTIMORE WASHINGTON INTERNATIONAL AIRPORT, MD US","39.17329","-76.68408","42.0","2021-01-30","0.00","0.0","0.0",,"40","19",,,,,,,,,,,,,,
"USW00093721","BALTIMORE WASHINGTON INTERNATIONAL AIRPORT, MD US","39.17329","-76.68408","42.0","2021-01-31","0.46","3.8","0.0",,"32","29","    1","    1",,,,"    1",,,,,,,,
"USW00093721","BALTIMORE WASHINGTON INTERNATIONAL AIRPORT, MD US","39.17329","-76.68408","42.0","2021-02-01","0.32","0.1","3.1",,"33","29","    1",,,"    1",,"    1",,,,,,,,
"USW00093721","BALTIMORE WASHINGTON INTERNATIONAL AIRPORT, MD US","39.17329","-76.68408","42.0","2021-02-02","0.02","0.2","3.1",,"36","30","    1",,,,,,,,,,,,,
"USW00093721","BALTIMORE WASHINGTON INTERNATIONAL AIRPORT, MD US","39.17329","-76.68408","42.0","2021-02-03","0.00","0.0","2.0",,"41","30",,,,,,,,,,,,,,
"USW00093721","BALTIMORE WASHINGTON INTERNATIONAL AIRPORT, MD US","39.17329","-76.68408","42.0","2021-02-04","0.00","0.0","1.2",,"46","27",,,,,,,,,,,,,,
"USW00093721","BALTIMORE WASHINGTON INTERNATIONAL AIRPORT, MD US","39.17329","-76.68408","42.0","2021-02-05","0.10","0.0","0.0",,"55","35",,,,"    1",,,,,,,,,,
"USW00093721","BALTIMORE WASHINGTON INTERNATIONAL AIRPORT, MD US","39.17329","-76.68408","42.0","2021-02-06","0.00","0.0","0.0",,"49","28",,,,,,,,,,,,,,
"USW00093721","BALTIMORE WASHINGTON INTERNATIONAL AIRPORT, MD US","39.17329","-76.68408","42.0","2021-02-07","0.42","0.3","0.0",,"44","27","    1",,,,,,,,,,,,,
"USW00093721","BALTIMORE WASHINGTON INTERNATIONAL AIRPORT, MD US","39.17329","-76.68408","42.0","2021-02-08","0.00","0.0","0.0",,"38","22",,,,,,,,,,,,,,
"USW00093721","BALTIMORE WASHINGTON INTERNATIONAL AIRPORT, MD US","39.17329","-76.68408","42.0","2021-02-09","0.00","0.0","0.0",,"51","26",,,,,,,,,,,,,,
"USW00093721","BALTIMORE WASHINGTON INTERNATIONAL AIRPORT, MD US","39.17329","-76.68408","42.0","2021-02-10","0.23","0.6","0.0",,"42","27","    1",,,"    1",,,,,,,,,,
"USW00093721","BALTIMORE WASHINGTON INTERNATIONAL AIRPORT, MD US","39.17329","-76.68408","42.0","2021-02-11","0.26","2.1","3.1",,"34","31","    1",,,"    1",,,"    1",,,,,,,
"USW00093721","BALTIMORE WASHINGTON INTERNATIONAL AIRPORT, MD US","39.17329","-76.68408","42.0","2021-02-12","0.00","0.0","3.1",,"31","26",,,,,,,,,,,,,,
"USW00093721","BALTIMORE WASHINGTON INTERNATIONAL AIRPORT, MD US","39.17329","-76.68408","42.0","2021-02-13","0.34","0.2","3.1",,"31","27","    1",,,"    1",,"    1","    1",,,,,,,
"USW00093721","BALTIMORE WASHINGTON INTERNATIONAL AIRPORT, MD US","39.17329","-76.68408","42.0","2021-02-14","0.00","0.0","2.0",,"38","28","    1",,,,,"    1","    1",,,,,,,
"USW00093721","BALTIMORE WASHINGTON INTERNATIONAL AIRPORT, MD US","39.17329","-76.68408","42.0","2021-02-15","0.47","0.0","1.2",,"39","34","    1",,,,,,"    1",,,,,,,
"USW00093721","BALTIMORE WASHINGTON INTERNATIONAL AIRPORT, MD US","39.17329","-76.68408","42.0","2021-02-16","0.39","0.0","0.0",,"48","28","    1",,,,,,"    1",,,,,,,
"USW00093721","BALTIMORE WASHINGTON INTERNATIONAL AIRPORT, MD US","39.17329","-76.68408","42.0","2021-02-17","0.00","0.0","0.0",,"37","24",,,,,,,,,,,,,,
"USW00093721","BALTIMORE WASHINGTON INTERNATIONAL AIRPORT, MD US","39.17329","-76.68408","42.0","2021-02-18","0.52","0.8","0.0",,"31","27","    1",,,"    1",,"    1","    1",,,,,,,
"USW00093721","BALTIMORE WASHINGTON INTERNATIONAL AIRPORT, MD US","39.17329","-76.68408","42.0","2021-02-19","0.06","0.2","1.2",,"38","29","    1",,,,,"    1",,,,,,,,
"USW00093721","BALTIMORE WASHINGTON INTERNATIONAL AIRPORT, MD US","39.17329","-76.68408","42.0","2021-02-20","0.00","0.0","1.2",,"33","23",,,,,,,,,,,,,,
"USW00093721","BALTIMORE WASHINGTON INTERNATIONAL AIRPORT, MD US","39.17329","-76.68408","42.0","2021-02-21","0.00","0.0","1.2",,"40","19",,,,,,,,,,,,,,
"USW00093721","BALTIMORE WASHINGTON INTERNATIONAL AIRPORT, MD US","39.17329","-76.68408","42.0","2021-02-22","0.44","0.5","0.0",,"37","31","    1",,,"    1",,"    1",,,,,,,,
"USW00093721","BALTIMORE WASHINGTON INTERNATIONAL AIRPORT, MD US","39.17329","-76.68408","42.0","2021-02-23","0.00","0.0","0.0",,"56","32",,,,,,,,,,,,,,
"USW00093721","BALTIMORE WASHINGTON INTERNATIONAL AIRPORT, MD US","39.17329","-76.68408","42.0","2021-02-24","0.00","0.0","0.0",,"63","29",,,,,,,,,,,,,,
"USW00093721","BALTIMORE WASHINGTON INTERNATIONAL AIRPORT, MD US","39.17329","-76.68408","42.0","2021-02-25","0.00","0.0","0.0",,"56","32",,,,,,,,,,,,,,
"USW00093721","BALTIMORE WASHINGTON INTERNATIONAL AIRPORT, MD US","39.17329","-76.68408","42.0","2021-02-26","0.12","0.0","0.0",,"49","32","    1",,,,,,,,,,,,,
"USW00093721","BALTIMORE WASHINGTON INTERNATIONAL AIRPORT, MD US","39.17329","-76.68408","42.0","2021-02-27","0.25","0.0","0.0",,"54","36","    1",,,,,,,,,,,,,
"USW00093721","BALTIMORE WASHINGTON INTERNATIONAL AIRPORT, MD US","39.17329","-76.68408","42.0","2021-02-28","0.91","0.0","0.0",,"46","41","    1","    1",,,,,,,,,,,,
"USW00093721","BALTIMORE WASHINGTON INTERNATIONAL AIRPORT, MD US","39.17329","-76.68408","42.0","2021-03-01","0.26","0.0","0.0",,"52","38","    1",,,,,,,,,,,,,
"USW00093721","BALTIMORE WASHINGTON INTERNATIONAL AIRPORT, MD US","39.17329","-76.68408","42.0","2021-03-02","0.00","0.0","0.0",,"44","29",,,,,,,,,,,,,,
"USW00093721","BALTIMORE WASHINGTON INTERNATIONAL AIRPORT, MD US","39.17329","-76.68408","42.0","2021-03-03","0.00","0.0","0.0",,"59","24",,,,,,,,,,,,,,
"USW00093721","BALTIMORE WASHINGTON INTERNATIONAL AIRPORT, MD US","39.17329","-76.68408","42.0","2021-03-04","0.00","0.0","0.0",,"54","32",,,,,,,,,,,,,,
"USW00093721","BALTIMORE WASHINGTON INTERNATIONAL AIRPORT, MD US","39.17329","-76.68408","42.0","2021-03-05","0.00","0.0","0.0",,"43","26",,,,,,,,,,,,,,
"USW00093721","BALTIMORE WASHINGTON INTERNATIONAL AIRPORT, MD US","39.17329","-76.68408","42.0","2021-03-06","0.00","0.0","0.0",,"47","28",,,,,,,,,,,,,,
"USW00093721","BALTIMORE WASHINGTON INTERNATIONAL AIRPORT, MD US","39.17329","-76.68408","42.0","2021-03-07","0.00","0.0","0.0",,"47","22",,,,,,,,,,,,,,
"USW00093721","BALTIMORE WASHINGTON INTERNATIONAL AIRPORT, MD US","39.17329","-76.68408","42.0","2021-03-08","0.00","0.0","0.0",,"54","22",,,,,,,,,,,,,,
"USW00093721","BALTIMORE WASHINGTON INTERNATIONAL AIRPORT, MD US","39.17329","-76.68408","42.0","2021-03-09","0.00","0.0","0.0",,"71","32",,,,,,,,,,,,,,
"USW00093721","BALTIMORE WASHINGTON INTERNATIONAL AIRPORT, MD US","39.17329","-76.68408","42.0","2021-03-10","0.00","0.0","0.0",,"69","45",,,,,,,,,,,,,,
"USW00093721","BALTIMORE WASHINGTON INTERNATIONAL AIRPORT, MD US","39.17329","-76.68408","42.0","2021-03-11","0.00","0.0","0.0",,"79","39",,,,,,,,,,,,,,
"USW00093721","BALTIMORE WASHINGTON INTERNATIONAL AIRPORT, MD US","39.17329","-76.68408","42.0","2021-03-12","0.00","0.0","0.0",,"70","55",,,,,,,,,,,,,,
"USW00093721","BALTIMORE WASHINGTON INTERNATIONAL AIRPORT, MD US","39.17329","-76.68408","42.0","2021-03-13","0.00","0.0","0.0",,"58","37",,,,,,,,,,,,,,
"USW00093721","BALTIMORE WASHINGTON INTERNATIONAL AIRPORT, MD US","39.17329","-76.68408","42.0","2021-03-14","0.00","0.0","0.0",,"64","37",,,,,,,,,,,,,,
"USW00093721","BALTIMORE WASHINGTON INTERNATIONAL AIRPORT, MD US","39.17329","-76.68408","42.0","2021-03-15","0.00","0.0","0.0",,"47","30",,,,,,,,,,,,,,
"USW00093721","BALTIMORE WASHINGTON INTERNATIONAL AIRPORT, MD US","39.17329","-76.68408","42.0","2021-03-16","0.00","0.0","0.0",,"45","39","    1",,,,,,,,,,,,,
"USW00093721","BALTIMORE WASHINGTON INTERNATIONAL AIRPORT, MD US","39.17329","-76.68408","42.0","2021-03-17","0.00","0.0","0.0",,"50","40","    1",,,,,,"    1",,,,,,,
"USW00093721","BALTIMORE WASHINGTON INTERNATIONAL AIRPORT, MD US","39.17329","-76.68408","42.0","2021-03-18","0.56","0.0","0.0",,"53","46","    1",,,,,,,,,,,,,
"USW00093721","BALTIMORE WASHINGTON INTERNATIONAL AIRPORT, MD US","39.17329","-76.68408","42.0","2021-03-19","0.00","0.0","0.0",,"50","38",,,,,,,,,,,,,,
"USW00093721","BALTIMORE WASHINGTON INTERNATIONAL AIRPORT, MD US","39.17329","-76.68408","42.0","2021-03-20","0.00","0.0","0.0",,"58","28",,,,,,,,,,,,,,
"USW00093721","BALTIMORE WASHINGTON INTERNATIONAL AIRPORT, MD US","39.17329","-76.68408","42.0","2021-03-21","0.00","0.0","0.0",,"64","28",,,,,,,,,,,,,,
"USW00093721","BALTIMORE WASHINGTON INTERNATIONAL AIRPORT, MD US","39.17329","-76.68408","42.0","2021-03-22","0.00","0.0","0.0",,"63","29",,,,,,,,,,,,,,
"USW00093721","BALTIMORE WASHINGTON INTERNATIONAL AIRPORT, MD US","39.17329","-76.68408","42.0","2021-03-23","0.00","0.0","0.0",,"68","38",,,,,,,,,,,,,,
"USW00093721","BALTIMORE WASHINGTON INTERNATIONAL AIRPORT, MD US","39.17329","-76.68408","42.0","2021-03-24","1.55","0.0","0.0",,"59","53","    1","    1",,,,,,,,,,,,
"USW00093721","BALTIMORE WASHINGTON INTERNATIONAL AIRPORT, MD US","39.17329","-76.68408","42.0","2021-03-25","0.00","0.0","0.0",,"64","56","    1",,,,,,,,,,,,,
"USW00093721","BALTIMORE WASHINGTON INTERNATIONAL AIRPORT, MD US","39.17329","-76.68408","42.0","2021-03-26","0.00","0.0","0.0",,"83","56","    1",,,,,,,,,,,,,
"USW00093721","BALTIMORE WASHINGTON INTERNATIONAL AIRPORT, MD US","39.17329","-76.68408","42.0","2021-03-27","0.00","0.0","0.0",,"73","45",,,,,,,,,,,,,,
"USW00093721","BALTIMORE WASHINGTON INTERNATIONAL AIRPORT, MD US","39.17329","-76.68408","42.0","2021-03-28","0.69","0.0","0.0",,"72","49","    1",,,,,,,,,,,,,
"USW00093721","BALTIMORE WASHINGTON INTERNATIONAL AIRPORT, MD US","39.17329","-76.68408","42.0","2021-03-29","0.00","0.0","0.0",,"59","40",,,,,,,,,,,,,,
"USW00093721","BALTIMORE WASHINGTON INTERNATIONAL AIRPORT, MD US","39.17329","-76.68408","42.0","2021-03-30","0.00","0.0","0.0",,"67","34",,,,,,,,,,,,,,
"USW00093721","BALTIMORE WASHINGTON INTERNATIONAL AIRPORT, MD US","39.17329","-76.68408","42.0","2021-03-31","0.84","0.0","0.0",,"68","52","    1",,,,,,,,,,,,,
"USW00093721","BALTIMORE WASHINGTON INTERNATIONAL AIRPORT, MD US","39.17329","-76.68408","42.0","2021-04-01","0.15","0.0","0.0",,"52","34","    1",,,"    1",,,,,,,,,,
"USW00093721","BALTIMORE WASHINGTON INTERNATIONAL AIRPORT, MD US","39.17329","-76.68408","42.0","2021-04-02","0.00","0.0","0.0",,"47","30",,,,,,,,,,,,,,
"USW00093721","BALTIMORE WASHINGTON INTERNATIONAL AIRPORT, MD US","39.17329","-76.68408","42.0","2021-04-03","0.00","0.0","0.0",,"56","29",,,,,,,,,,,,,,
"USW00093721","BALTIMORE WASHINGTON INTERNATIONAL AIRPORT, MD US","39.17329","-76.68408","42.0","2021-04-04","0.00","0.0","0.0",,"72","41",,,,,,,,,,,,,,
"USW00093721","BALTIMORE WASHINGTON INTERNATIONAL AIRPORT, MD US","39.17329","-76.68408","42.0","2021-04-05","0.00","0.0","0.0",,"72","44",,,,,,,,,,,,,,
"USW00093721","BALTIMORE WASHINGTON INTERNATIONAL AIRPORT, MD US","39.17329","-76.68408","42.0","2021-04-06","0.00","0.0","0.0",,"76","54",,,,,,,,,,,,,,
"USW00093721","BALTIMORE WASHINGTON INTERNATIONAL AIRPORT, MD US","39.17329","-76.68408","42.0","2021-04-07","0.00","0.0","0.0",,"78","48",,,,,,,,,,,,,,
"USW00093721","BALTIMORE WASHINGTON INTERNATIONAL AIRPORT, MD US","39.17329","-76.68408","42.0","2021-04-08","0.00","0.0","0.0",,"71","52",,,,,,,,,,,,,,
"USW00093721","BALTIMORE WASHINGTON INTERNATIONAL AIRPORT, MD US","39.17329","-76.68408","42.0","2021-04-09","0.38","0.0","0.0",,"59","52","    1",,"    1",,,,,,,,,,,
"USW00093721","BALTIMORE WASHINGTON INTERNATIONAL AIRPORT, MD US","39.17329","-76.68408","42.0","2021-04-10","0.01","0.0","0.0",,"69","53","    1","    1",,,,,,,,,,,,
"USW00093721","BALTIMORE WASHINGTON INTERNATIONAL AIRPORT, MD US","39.17329","-76.68408","42.0","2021-04-11","0.65","0.0","0.0",,"81","59","    1",,"    1",,,,,,,,,,,
"USW00093721","BALTIMORE WASHINGTON INTERNATIONAL AIRPORT, MD US","39.17329","-76.68408","42.0","2021-04-12","0.01","0.0","0.0",,"61","50",,,,,,,,,,,,,,
"USW00093721","BALTIMORE WASHINGTON INTERNATIONAL AIRPORT, MD US","39.17329","-76.68408","42.0","2021-04-13","0.00","0.0","0.0",,"66","49",,,,,,,,,,,,,,
"USW00093721","BALTIMORE WASHINGTON INTERNATIONAL AIRPORT, MD US","39.17329","-76.68408","42.0","2021-04-14","0.21","0.0","0.0",,"64","46","    1",,,,,,,,,,,,,
"USW00093721","BALTIMORE WASHINGTON INTERNATIONAL AIRPORT, MD US","39.17329","-76.68408","42.0","2021-04-15","0.00","0.0","0.0",,"66","44","    1",,,,,,,,,,,,,
"USW00093721","BALTIMORE WASHINGTON INTERNATIONAL AIRPORT, MD US","39.17329","-76.68408","42.0","2021-04-16","0.00","0.0","0.0",,"59","39",,,,,,,,,,,,,,
"USW00093721","BALTIMORE WASHINGTON INTERNATIONAL AIRPORT, MD US","39.17329","-76.68408","42.0","2021-04-17","0.00","0.0","0.0",,"59","37",,,,,,,,,,,,,,
"USW00093721","BALTIMORE WASHINGTON INTERNATIONAL AIRPORT, MD US","39.17329","-76.68408","42.0","2021-04-18","0.00","0.0","0.0",,"68","40",,,,,,,,,,,,,,
"USW00093721","BALTIMORE WASHINGTON INTERNATIONAL AIRPORT, MD US","39.17329","-76.68408","42.0","2021-04-19","0.00","0.0","0.0",,"63","45",,,,,,,,,,,,,,
"USW00093721","BALTIMORE WASHINGTON INTERNATIONAL AIRPORT, MD US","39.17329","-76.68408","42.0","2021-04-20","0.00","0.0","0.0",,"77","46",,,,,,,,,,,,,,
"USW00093721","BALTIMORE WASHINGTON INTERNATIONAL AIRPORT, MD US","39.17329","-76.68408","42.0","2021-04-21","0.00","0.0","0.0",,"68","39",,,,,,,,,,,,,,
"USW00093721","BALTIMORE WASHINGTON INTERNATIONAL AIRPORT, MD US","39.17329","-76.68408","42.0","2021-04-22","0.00","0.0","0.0",,"53","34",,,,,,,,,,,,,,
"USW00093721","BALTIMORE WASHINGTON INTERNATIONAL AIRPORT, MD US","39.17329","-76.68408","42.0","2021-04-23","0.00","0.0","0.0",,"66","34",,,,,,,,,,,,,,
"USW00093721","BALTIMORE WASHINGTON INTERNATIONAL AIRPORT, MD US","39.17329","-76.68408","42.0","2021-04-24","0.40","0.0","0.0",,"67","38","    1",,,,,,,,,,,,,
"USW00093721","BALTIMORE WASHINGTON INTERNATIONAL AIRPORT, MD US","39.17329","-76.68408","42.0","2021-04-25","0.23","0.0","0.0",,"68","50","    1",,,,,,,,,,,,,
"USW00093721","BALTIMORE WASHINGTON INTERNATIONAL AIRPORT, MD US","39.17329","-76.68408","42.0","2021-04-26","0.00","0.0","0.0",,"68","43",,,,,,,,,,,,,,
"USW00093721","BALTIMORE WASHINGTON INTERNATIONAL AIRPORT, MD US","39.17329","-76.68408","42.0","2021-04-27","0.00","0.0","0.0",,"85","42",,,,,,,,,,,,,,
"USW00093721","BALTIMORE WASHINGTON INTERNATIONAL AIRPORT, MD US","39.17329","-76.68408","42.0","2021-04-28","0.00","0.0","0.0",,"89","62",,,,,,,,,,,,,,
"USW00093721","BALTIMORE WASHINGTON INTERNATIONAL AIRPORT, MD US","39.17329","-76.68408","42.0","2021-04-29","0.03","0.0","0.0",,"85","68",,,,,,,,,,,,,,
"USW00093721","BALTIMORE WASHINGTON INTERNATIONAL AIRPORT, MD US","39.17329","-76.68408","42.0","2021-04-30","0.00","0.0","0.0",,"73","49",,,,,,,,,,,,,,
"USW00093721","BALTIMORE WASHINGTON INTERNATIONAL AIRPORT, MD US","39.17329","-76.68408","42.0","2021-05-01","0.00","0.0","0.0",,"69","44",,,,,,,,,,,,,,
"USW00093721","BALTIMORE WASHINGTON INTERNATIONAL AIRPORT, MD US","39.17329","-76.68408","42.0","2021-05-02","0.00","0.0","0.0",,"87","53",,,,,,,,,,,,,,
"USW00093721","BALTIMORE WASHINGTON INTERNATIONAL AIRPORT, MD US","39.17329","-76.68408","42.0","2021-05-03","0.01","0.0","0.0",,"75","65",,,,,,,,,,,,,,
"USW00093721","BALTIMORE WASHINGTON INTERNATIONAL AIRPORT, MD US","39.17329","-76.68408","42.0","2021-05-04","0.07","0.0","0.0",,"87","65","    1",,"    1",,,,,,,,,,,
"USW00093721","BALTIMORE WASHINGTON INTERNATIONAL AIRPORT, MD US","39.17329","-76.68408","42.0","2021-05-05","0.26","0.0","0.0",,"81","56","    1",,,,,,"    1",,,,,,,
"USW00093721","BALTIMORE WASHINGTON INTERNATIONAL AIRPORT, MD US","39.17329","-76.68408","42.0","2021-05-06","0.00","0.0","0.0",,"66","45",,,,,,,,,,,,,,
"USW00093721","BALTIMORE WASHINGTON INTERNATIONAL AIRPORT, MD US","39.17329","-76.68408","42.0","2021-05-07","0.19","0.0","0.0",,"66","42","    1",,,,,,,,,,,,,
"USW00093721","BALTIMORE WASHINGTON INTERNATIONAL AIRPORT, MD US","39.17329","-76.68408","42.0","2021-05-08","0.26","0.0","0.0",,"59","42","    1",,"    1",,,,"    1",,,,,,,
"USW00093721","BALTIMORE WASHINGTON INTERNATIONAL AIRPORT, MD US","39.17329","-76.68408","42.0","2021-05-09","0.01","0.0","0.0",,"64","41",,,,,,,,,,,,,,
"USW00093721","BALTIMORE WASHINGTON INTERNATIONAL AIRPORT, MD US","39.17329","-76.68408","42.0","2021-05-10","0.00","0.0","0.0",,"68","47",,,,,,,,,,,,,,
"USW00093721","BALTIMORE WASHINGTON INTERNATIONAL AIRPORT, MD US","39.17329","-76.68408","42.0","2021-05-11","0.00","0.0","0.0",,"69","46",,,,,,,,,,,,,,
"USW00093721","BALTIMORE WASHINGTON INTERNATIONAL AIRPORT, MD US","39.17329","-76.68408","42.0","2021-05-12","0.00","0.0","0.0",,"70","43",,,,,,,,,,,,,,
"USW00093721","BALTIMORE WASHINGTON INTERNATIONAL AIRPORT, MD US","39.17329","-76.68408","42.0","2021-05-13","0.00","0.0","0.0",,"73","40",,,,,,,,,,,,,,
"USW00093721","BALTIMORE WASHINGTON INTERNATIONAL AIRPORT, MD US","39.17329","-76.68408","42.0","2021-05-14","0.00","0.0","0.0",,"75","45",,,,,,,,,,,,,,
"USW00093721","BALTIMORE WASHINGTON INTERNATIONAL AIRPORT, MD US","39.17329","-76.68408","42.0","2021-05-15","0.00","0.0","0.0",,"80","44",,,,,,,,,,,,,,
"USW00093721","BALTIMORE WASHINGTON INTERNATIONAL AIRPORT, MD US","39.17329","-76.68408","42.0","2021-05-16","0.14","0.0","0.0",,"77","47","    1",,"    1",,,,"    1",,,,,,,
"USW00093721","BALTIMORE WASHINGTON INTERNATIONAL AIRPORT, MD US","39.17329","-76.68408","42.0","2021-05-17","0.00","0.0","0.0",,"76","50","    1",,,,,,,,,,,,,
"USW00093721","BALTIMORE WASHINGTON INTERNATIONAL AIRPORT, MD US","39.17329","-76.68408","42.0","2021-05-18","0.00","0.0","0.0",,"82","48",,,,,,,,,,,,,,
"USW00093721","BALTIMORE WASHINGTON INTERNATIONAL AIRPORT, MD US","39.17329","-76.68408","42.0","2021-05-19","0.00","0.0","0.0",,"89","54",,,,,,,,,,,,,,
"USW00093721","BALTIMORE WASHINGTON INTERNATIONAL AIRPORT, MD US","39.17329","-76.68408","42.0","2021-05-20","0.00","0.0","0.0",,"87","58",,,,,,,,,,,,,,
"USW00093721","BALTIMORE WASHINGTON INTERNATIONAL AIRPORT, MD US","39.17329","-76.68408","42.0","2021-05-21","0.00","0.0","0.0",,"87","50",,,,,,,,,,,,,,
"USW00093721","BALTIMORE WASHINGTON INTERNATIONAL AIRPORT, MD US","39.17329","-76.68408","42.0","2021-05-22","0.00","0.0","0.0",,"93","59",,,,,,,,,,,,,,
"USW00093721","BALTIMORE WASHINGTON INTERNATIONAL AIRPORT, MD US","39.17329","-76.68408","42.0","2021-05-23","0.00","0.0","0.0",,"95","70",,,,,,,,,,,,,,
"USW00093721","BALTIMORE WASHINGTON INTERNATIONAL AIRPORT, MD US","39.17329","-76.68408","42.0","2021-05-24","0.24","0.0","0.0",,"82","57","    1",,,,,,"    1",,,,,,,
"USW00093721","BALTIMORE WASHINGTON INTERNATIONAL AIRPORT, MD US","39.17329","-76.68408","42.0","2021-05-25","0.00","0.0","0.0",,"77","57",,,,,,,,,,,,,,
"USW00093721","BALTIMORE WASHINGTON INTERNATIONAL AIRPORT, MD US","39.17329","-76.68408","42.0","2021-05-26","0.85","0.0","0.0",,"94","51","    1",,"    1",,,,"    1",,,,,,,
"USW00093721","BALTIMORE WASHINGTON INTERNATIONAL AIRPORT, MD US","39.17329","-76.68408","42.0","2021-05-27","0.00","0.0","0.0",,"86","65",,,,,,,,,,,,,,
"USW00093721","BALTIMORE WASHINGTON INTERNATIONAL AIRPORT, MD US","39.17329","-76.68408","42.0","2021-05-28","0.95","0.0","0.0",,"74","56","    1",,"    1",,,,,,,,,,,
"USW00093721","BALTIMORE WASHINGTON INTERNATIONAL AIRPORT, MD US","39.17329","-76.68408","42.0","2021-05-29","0.50","0.0","0.0",,"56","50","    1",,,,,,"    1",,,,,,,
"USW00093721","BALTIMORE WASHINGTON INTERNATIONAL AIRPORT, MD US","39.17329","-76.68408","42.0","2021-05-30","0.15","0.0","0.0",,"57","49","    1",,,,,,,,,,,,,
"USW00093721","BALTIMORE WASHINGTON INTERNATIONAL AIRPORT, MD US","39.17329","-76.68408","42.0","2021-05-31","0.00","0.0","0.0",,"76","49",,,,,,,,,,,,,,
"USW00093721","BALTIMORE WASHINGTON INTERNATIONAL AIRPORT, MD US","39.17329","-76.68408","42.0","2021-06-01","0.00","0.0","0.0",,"80","51",,,,,,,,,,,,,,
"USW00093721","BALTIMORE WASHINGTON INTERNATIONAL AIRPORT, MD US","39.17329","-76.68408","42.0","2021-06-02","0.00","0.0","0.0",,"81","62",,,,,,,,,,,,,,
"USW00093721","BALTIMORE WASHINGTON INTERNATIONAL AIRPORT, MD US","39.17329","-76.68408","42.0","2021-06-03","0.03","0.0","0.0",,"86","67","    1",,"    1",,,,"    1",,,,,,,
"USW00093721","BALTIMORE WASHINGTON INTERNATIONAL AIRPORT, MD US","39.17329","-76.68408","42.0","2021-06-04","0.00","0.0","0.0",,"86","66",,,,,,,,,,,,,,
"USW00093721","BALTIMORE WASHINGTON INTERNATIONAL AIRPORT, MD US","39.17329","-76.68408","42.0","2021-06-05","0.00","0.0","0.0",,"94","63",,,,,,,,,,,,,,
"USW00093721","BALTIMORE WASHINGTON INTERNATIONAL AIRPORT, MD US","39.17329","-76.68408","42.0","2021-06-06","0.00","0.0","0.0",,"96","70",,,,,,,,,,,,,,
"USW00093721","BALTIMORE WASHINGTON INTERNATIONAL AIRPORT, MD US","39.17329","-76.68408","42.0","2021-06-07","0.00","0.0","0.0",,"95","72",,,,,,,,,,,,,,
"USW00093721","BALTIMORE WASHINGTON INTERNATIONAL AIRPORT, MD US","39.17329","-76.68408","42.0","2021-06-08","0.00","0.0","0.0",,"91","76",,,"    1",,,,,,,,,,,
"USW00093721","BALTIMORE WASHINGTON INTERNATIONAL AIRPORT, MD US","39.17329","-76.68408","42.0","2021-06-09","0.01","0.0","0.0",,"90","72",,,"    1",,,,"    1",,,,,,,
"USW00093721","BALTIMORE WASHINGTON INTERNATIONAL AIRPORT, MD US","39.17329","-76.68408","42.0","2021-06-10","0.08","0.0","0.0",,"89","69","    1",,"    1",,,,,,,,,,,
"USW00093721","BALTIMORE WASHINGTON INTERNATIONAL AIRPORT, MD US","39.17329","-76.68408","42.0","2021-06-11","1.05","0.0","0.0",,"69","65","    1",,,,,,,,,,,,,
"USW00093721","BALTIMORE WASHINGTON INTERNATIONAL AIRPORT, MD US","39.17329","-76.68408","42.0","2021-06-12","0.00","0.0","0.0",,"78","64",,,,,,,,,,,,,,
"USW00093721","BALTIMORE WASHINGTON INTERNATIONAL AIRPORT, MD US","39.17329","-76.68408","42.0","2021-06-13","0.01","0.0","0.0",,"81","65",,,,,,,,,,,,,,
"USW00093721","BALTIMORE WASHINGTON INTERNATIONAL AIRPORT, MD US","39.17329","-76.68408","42.0","2021-06-14","0.70","0.0","0.0",,"89","65","    1",,"    1",,,,,,,,,,,
"USW00093721","BALTIMORE WASHINGTON INTERNATIONAL AIRPORT, MD US","39.17329","-76.68408","42.0","2021-06-15","0.00","0.0","0.0",,"83","63","    1",,,,,,,,,,,,,
"USW00093721","BALTIMORE WASHINGTON INTERNATIONAL AIRPORT, MD US","39.17329","-76.68408","42.0","2021-06-16","0.00","0.0","0.0",,"81","62",,,,,,,,,,,,,,
"USW00093721","BALTIMORE WASHINGTON INTERNATIONAL AIRPORT, MD US","39.17329","-76.68408","42.0","2021-06-17","0.00","0.0","0.0",,"80","58",,,,,,,,,,,,,,
"USW00093721","BALTIMORE WASHINGTON INTERNATIONAL AIRPORT, MD US","39.17329","-76.68408","42.0","2021-06-18","0.00","0.0","0.0",,"86","54",,,,,,,,,,,,,,
"USW00093721","BALTIMORE WASHINGTON INTERNATIONAL AIRPORT, MD US","39.17329","-76.68408","42.0","2021-06-19","0.00","0.0","0.0",,"86","73",,,,,,,,,,,,,,
"USW00093721","BALTIMORE WASHINGTON INTERNATIONAL AIRPORT, MD US","39.17329","-76.68408","42.0","2021-06-20","0.00","0.0","0.0",,"93","68","    1",,,,,,,,,,,,,
"USW00093721","BALTIMORE WASHINGTON INTERNATIONAL AIRPORT, MD US","39.17329","-76.68408","42.0","2021-06-21","0.40","0.0","0.0",,"94","73","    1",,"    1",,,,,,,,,,,
"USW00093721","BALTIMORE WASHINGTON INTERNATIONAL AIRPORT, MD US","39.17329","-76.68408","42.0","2021-06-22","0.36","0.0","0.0",,"74","55","    1",,,,,,,,,,,,,
"USW00093721","BALTIMORE WASHINGTON INTERNATIONAL AIRPORT, MD US","39.17329","-76.68408","42.0","2021-06-23","0.00","0.0","0.0",,"78","51",,,,,,,,,,,,,,
"USW00093721","BALTIMORE WASHINGTON INTERNATIONAL AIRPORT, MD US","39.17329","-76.68408","42.0","2021-06-24","0.00","0.0","0.0",,"78","54",,,,,,,,,,,,,,
"USW00093721","BALTIMORE WASHINGTON INTERNATIONAL AIRPORT, MD US","39.17329","-76.68408","42.0","2021-06-25","0.00","0.0","0.0",,"81","54",,,,,,,,,,,,,,
"USW00093721","BALTIMORE WASHINGTON INTERNATIONAL AIRPORT, MD US","39.17329","-76.68408","42.0","2021-06-26","0.01","0.0","0.0",,"89","73","    1",,,,,,"    1",,,,,,,
"USW00093721","BALTIMORE WASHINGTON INTERNATIONAL AIRPORT, MD US","39.17329","-76.68408","42.0","2021-06-27","0.00","0.0","0.0",,"93","73",,,,,,,,,,,,,,
"USW00093721","BALTIMORE WASHINGTON INTERNATIONAL AIRPORT, MD US","39.17329","-76.68408","42.0","2021-06-28","0.00","0.0","0.0",,"94","75",,,,,,,,,,,,,,
"USW00093721","BALTIMORE WASHINGTON INTERNATIONAL AIRPORT, MD US","39.17329","-76.68408","42.0","2021-06-29","0.00","0.0","0.0",,"97","75",,,,,,,,,,,,,,
"USW00093721","BALTIMORE WASHINGTON INTERNATIONAL AIRPORT, MD US","39.17329","-76.68408","42.0","2021-06-30","0.10","0.0","0.0",,"99","73",,,"    1",,,,,,,,,,,
"USW00093721","BALTIMORE WASHINGTON INTERNATIONAL AIRPORT, MD US","39.17329","-76.68408","42.0","2021-07-01","1.34","0.0","0.0",,"87","71","    1","    1","    1",,,,"    1",,,,,,,
"USW00093721","BALTIMORE WASHINGTON INTERNATIONAL AIRPORT, MD US","39.17329","-76.68408","42.0","2021-07-02","0.03","0.0","0.0",,"84","65","    1",,,,,,,,,,,,,
"USW00093721","BALTIMORE WASHINGTON INTERNATIONAL AIRPORT, MD US","39.17329","-76.68408","42.0","2021-07-03","0.06","0.0","0.0",,"80","59",,,,,,,,,,,,,,
"USW00093721","BALTIMORE WASHINGTON INTERNATIONAL AIRPORT, MD US","39.17329","-76.68408","42.0","2021-07-04","0.00","0.0","0.0",,"84","61","    1",,,,,,"    1",,,,,,,
"USW00093721","BALTIMORE WASHINGTON INTERNATIONAL AIRPORT, MD US","39.17329","-76.68408","42.0","2021-07-05","0.00","0.0","0.0",,"91","64","    1",,,,,,"    1",,,,,,,
"USW00093721","BALTIMORE WASHINGTON INTERNATIONAL AIRPORT, MD US","39.17329","-76.68408","42.0","2021-07-06","0.00","0.0","0.0",,"96","71",,,,,,,,,,,,,,
"USW00093721","BALTIMORE WASHINGTON INTERNATIONAL AIRPORT, MD US","39.17329","-76.68408","42.0","2021-07-07","0.06","0.0","0.0",,"96","75",,,"    1",,,,,,,,,,,
"USW00093721","BALTIMORE WASHINGTON INTERNATIONAL AIRPORT, MD US","39.17329","-76.68408","42.0","2021-07-08","0.34","0.0","0.0",,"90","73",,,"    1",,,,,,,,,,,
"USW00093721","BALTIMORE WASHINGTON INTERNATIONAL AIRPORT, MD US","39.17329","-76.68408","42.0","2021-07-09","0.02","0.0","0.0",,"91","70","    1",,"    1",,,,"    1",,,,,,,
"USW00093721","BALTIMORE WASHINGTON INTERNATIONAL AIRPORT, MD US","39.17329","-76.68408","42.0","2021-07-10","0.00","0.0","0.0",,"85","68",,,,,,,,,,,,,,
"USW00093721","BALTIMORE WASHINGTON INTERNATIONAL AIRPORT, MD US","39.17329","-76.68408","42.0","2021-07-11","0.00","0.0","0.0",,"90","72",,,,,,,,,,,,,,
"USW00093721","BALTIMORE WASHINGTON INTERNATIONAL AIRPORT, MD US","39.17329","-76.68408","42.0","2021-07-12","0.00","0.0","0.0",,"96","77",,,"    1",,,,,,,,,,,
"USW00093721","BALTIMORE WASHINGTON INTERNATIONAL AIRPORT, MD US","39.17329","-76.68408","42.0","2021-07-13","0.00","0.0","0.0",,"96","76",,,,,,,,,,,,,,
"USW00093721","BALTIMORE WASHINGTON INTERNATIONAL AIRPORT, MD US","39.17329","-76.68408","42.0","2021-07-14","0.00","0.0","0.0",,"96","74",,,,,,,,,,,,,,
"USW00093721","BALTIMORE WASHINGTON INTERNATIONAL AIRPORT, MD US","39.17329","-76.68408","42.0","2021-07-15","0.00","0.0","0.0",,"95","70",,,,,,,,,,,,,,
"USW00093721","BALTIMORE WASHINGTON INTERNATIONAL AIRPORT, MD US","39.17329","-76.68408","42.0","2021-07-16","0.00","0.0","0.0",,"98","74",,,,,,,,,,,,,,
"USW00093721","BALTIMORE WASHINGTON INTERNATIONAL AIRPORT, MD US","39.17329","-76.68408","42.0","2021-07-17","0.30","0.0","0.0",,"97","74","    1",,"    1",,,,,,,,,,,
"USW00093721","BALTIMORE WASHINGTON INTERNATIONAL AIRPORT, MD US","39.17329","-76.68408","42.0","2021-07-18","0.00","0.0","0.0",,"84","72",,,,,,,,,,,,,,
"USW00093721","BALTIMORE WASHINGTON INTERNATIONAL AIRPORT, MD US","39.17329","-76.68408","42.0","2021-07-19","0.00","0.0","0.0",,"91","68",,,,,,,,,,,,,,
"USW00093721","BALTIMORE WASHINGTON INTERNATIONAL AIRPORT, MD US","39.17329","-76.68408","42.0","2021-07-20","0.00","0.0","0.0",,"95","68","    1",,,,,,"    1",,,,,,,
"USW00093721","BALTIMORE WASHINGTON INTERNATIONAL AIRPORT, MD US","39.17329","-76.68408","42.0","2021-07-21","0.08","0.0","0.0",,"93","68",,,"    1",,,,"    1",,,,,,,
"USW00093721","BALTIMORE WASHINGTON INTERNATIONAL AIRPORT, MD US","39.17329","-76.68408","42.0","2021-07-22","0.00","0.0","0.0",,"84","60",,,,,,,,,,,,,,
"USW00093721","BALTIMORE WASHINGTON INTERNATIONAL AIRPORT, MD US","39.17329","-76.68408","42.0","2021-07-23","0.00","0.0","0.0",,"89","62",,,,,,,,,,,,,,
"USW00093721","BALTIMORE WASHINGTON INTERNATIONAL AIRPORT, MD US","39.17329","-76.68408","42.0","2021-07-24","0.00","0.0","0.0",,"88","61",,,,,,,,,,,,,,
"USW00093721","BALTIMORE WASHINGTON INTERNATIONAL AIRPORT, MD US","39.17329","-76.68408","42.0","2021-07-25","0.00","0.0","0.0",,"94","74",,,"    1",,,,,,,,,,,
"USW00093721","BALTIMORE WASHINGTON INTERNATIONAL AIRPORT, MD US","39.17329","-76.68408","42.0","2021-07-26","0.04","0.0","0.0",,"97","73","    1",,"    1",,,,,,,,,,,
"USW00093721","BALTIMORE WASHINGTON INTERNATIONAL AIRPORT, MD US","39.17329","-76.68408","42.0","2021-07-27","0.00","0.0","0.0",,"97","70","    1",,,,,,,,,,,,,
"USW00093721","BALTIMORE WASHINGTON INTERNATIONAL AIRPORT, MD US","39.17329","-76.68408","42.0","2021-07-28","0.00","0.0","0.0",,"93","70",,,,,,,,,,,,,,
"USW00093721","BALTIMORE WASHINGTON INTERNATIONAL AIRPORT, MD US","39.17329","-76.68408","42.0","2021-07-29","1.38","0.0","0.0",,"90","72",,,"    1",,,,"    1",,,,,,,
"USW00093721","BALTIMORE WASHINGTON INTERNATIONAL AIRPORT, MD US","39.17329","-76.68408","42.0","2021-07-30","0.00","0.0","0.0",,"90","69",,,,,,,,,,,,,,
"USW00093721","BALTIMORE WASHINGTON INTERNATIONAL AIRPORT, MD US","39.17329","-76.68408","42.0","2021-07-31","0.00","0.0","0.0",,"84","68",,,,,,,,,,,,,,
"USW00093721","BALTIMORE WASHINGTON INTERNATIONAL AIRPORT, MD US","39.17329","-76.68408","42.0","2021-08-01","1.36","0.0","0.0",,"77","66","    1",,"    1",,,,,,,,,,,
"USW00093721","BALTIMORE WASHINGTON INTERNATIONAL AIRPORT, MD US","39.17329","-76.68408","42.0","2021-08-02","0.00","0.0","0.0",,"84","61",,,,,,,,,,,,,,
"USW00093721","BALTIMORE WASHINGTON INTERNATIONAL AIRPORT, MD US","39.17329","-76.68408","42.0","2021-08-03","0.00","0.0","0.0",,"82","62",,,,,,,,,,,,,,
"USW00093721","BALTIMORE WASHINGTON INTERNATIONAL AIRPORT, MD US","39.17329","-76.68408","42.0","2021-08-04","0.00","0.0","0.0",,"81","64",,,,,,,,,,,,,,
"USW00093721","BALTIMORE WASHINGTON INTERNATIONAL AIRPORT, MD US","39.17329","-76.68408","42.0","2021-08-05","0.00","0.0","0.0",,"89","60",,,,,,,,,,,,,,
"USW00093721","BALTIMORE WASHINGTON INTERNATIONAL AIRPORT, MD US","39.17329","-76.68408","42.0","2021-08-06","0.00","0.0","0.0",,"92","66",,,,,,,,,,,,,,
"USW00093721","BALTIMORE WASHINGTON INTERNATIONAL AIRPORT, MD US","39.17329","-76.68408","42.0","2021-08-07","0.00","0.0","0.0",,"80","66","    1",,,,,,,,,,,,,
"USW00093721","BALTIMORE WASHINGTON INTERNATIONAL AIRPORT, MD US","39.17329","-76.68408","42.0","2021-08-08","0.00","0.0","0.0",,"89","65",,,,,,,,,,,,,,
"USW00093721","BALTIMORE WASHINGTON INTERNATIONAL AIRPORT, MD US","39.17329","-76.68408","42.0","2021-08-09","0.01","0.0","0.0",,"90","71",,,"    1",,,,,,,,,,,
"USW00093721","BALTIMORE WASHINGTON INTERNATIONAL AIRPORT, MD US","39.17329","-76.68408","42.0","2021-08-10","0.07","0.0","0.0",,"95","74","    1",,"    1",,,,,,,,,,,
"USW00093721","BALTIMORE WASHINGTON INTERNATIONAL AIRPORT, MD US","39.17329","-76.68408","42.0","2021-08-11","0.42","0.0","0.0",,"98","72",,,"    1",,,,,,,,,,,
"USW00093721","BALTIMORE WASHINGTON INTERNATIONAL AIRPORT, MD US","39.17329","-76.68408","42.0","2021-08-12","0.00","0.0","0.0",,"98","73",,,,,,,,,,,,,,
"USW00093721","BALTIMORE WASHINGTON INTERNATIONAL AIRPORT, MD US","39.17329","-76.68408","42.0","2021-08-13","0.26","0.0","0.0",,"98","74",,,"    1",,,,,,,,,,,
"USW00093721","BALTIMORE WASHINGTON INTERNATIONAL AIRPORT, MD US","39.17329","-76.68408","42.0","2021-08-14","0.00","0.0","0.0",,"92","73",,,,,,,,,,,,,,
"USW00093721","BALTIMORE WASHINGTON INTERNATIONAL AIRPORT, MD US","39.17329","-76.68408","42.0","2021-08-15","0.00","0.0","0.0",,"83","73",,,,,,,,,,,,,,
"USW00093721","BALTIMORE WASHINGTON INTERNATIONAL AIRPORT, MD US","39.17329","-76.68408","42.0","2021-08-16","0.05","0.0","0.0",,"85","75","    1",,,,,,,,,,,,,
"USW00093721","BALTIMORE WASHINGTON INTERNATIONAL AIRPORT, MD US","39.17329","-76.68408","42.0","2021-08-17","0.09","0.0","0.0",,"87","72","    1",,"    1",,,,,,,,,,,
"USW00093721","BALTIMORE WASHINGTON INTERNATIONAL AIRPORT, MD US","39.17329","-76.68408","42.0","2021-08-18","0.07","0.0","0.0",,"87","78",,,"    1",,,,,,,,,,,
"USW00093721","BALTIMORE WASHINGTON INTERNATIONAL AIRPORT, MD US","39.17329","-76.68408","42.0","2021-08-19","0.00","0.0","0.0",,"92","76",,,,,,,,,,,,,,
"USW00093721","BALTIMORE WASHINGTON INTERNATIONAL AIRPORT, MD US","39.17329","-76.68408","42.0","2021-08-20","1.29","0.0","0.0",,"84","71","    1",,,,,,,,,,,,,
"USW00093721","BALTIMORE WASHINGTON INTERNATIONAL AIRPORT, MD US","39.17329","-76.68408","42.0","2021-08-21","0.00","0.0","0.0",,"86","69",,,,,,,,,,,,,,
"USW00093721","BALTIMORE WASHINGTON INTERNATIONAL AIRPORT, MD US","39.17329","-76.68408","42.0","2021-08-22","0.02","0.0","0.0",,"80","72",,,"    1",,,,,,,,,,,
"USW00093721","BALTIMORE WASHINGTON INTERNATIONAL AIRPORT, MD US","39.17329","-76.68408","42.0","2021-08-23","0.03","0.0","0.0",,"92","73",,,,,,,,,,,,,,
"USW00093721","BALTIMORE WASHINGTON INTERNATIONAL AIRPORT, MD US","39.17329","-76.68408","42.0","2021-08-24","0.00","0.0","0.0",,"93","74",,,,,,,,,,,,,,
"USW00093721","BALTIMORE WASHINGTON INTERNATIONAL AIRPORT, MD US","39.17329","-76.68408","42.0","2021-08-25","0.00","0.0","0.0",,"95","71",,,,,,,,,,,,,,
"USW00093721","BALTIMORE WASHINGTON INTERNATIONAL AIRPORT, MD US","39.17329","-76.68408","42.0","2021-08-26","0.00","0.0","0.0",,"95","74",,,"    1",,,,,,,,,,,
"USW00093721","BALTIMORE WASHINGTON INTERNATIONAL AIRPORT, MD US","39.17329","-76.68408","42.0","2021-08-27","0.00","0.0","0.0",,"95","72",,,"    1",,,,"    1",,,,,,,
"USW00093721","BALTIMORE WASHINGTON INTERNATIONAL AIRPORT, MD US","39.17329","-76.68408","42.0","2021-08-28","0.00","0.0","0.0",,"90","74",,,,,,,,,,,,,,
"USW00093721","BALTIMORE WASHINGTON INTERNATIONAL AIRPORT, MD US","39.17329","-76.68408","42.0","2021-08-29","0.00","0.0","0.0",,"84","71","    1",,,,,,"    1",,,,,,,
"USW00093721","BALTIMORE WASHINGTON INTERNATIONAL AIRPORT, MD US","39.17329","-76.68408","42.0","2021-08-30","0.69","0.0","0.0",,"94","72","    1",,"    1",,,,"    1",,,,,,,
"USW00093721","BALTIMORE WASHINGTON INTERNATIONAL AIRPORT, MD US","39.17329","-76.68408","42.0","2021-08-31","0.00","0.0","0.0",,"86","72",,,,,,,,,,,,,,
"USW00093721","BALTIMORE WASHINGTON INTERNATIONAL AIRPORT, MD US","39.17329","-76.68408","42.0","2021-09-01","4.13","0.0","0.0",,"84","68","    1","    1","    1",,,,"    1",,,,,,,
"USW00093721","BALTIMORE WASHINGTON INTERNATIONAL AIRPORT, MD US","39.17329","-76.68408","42.0","2021-09-02","0.00","0.0","0.0",,"80","57",,,,,,,,,,,,,,
"USW00093721","BALTIMORE WASHINGTON INTERNATIONAL AIRPORT, MD US","39.17329","-76.68408","42.0","2021-09-03","0.00","0.0","0.0",,"79","55",,,,,,,,,,,,,,
"USW00093721","BALTIMORE WASHINGTON INTERNATIONAL AIRPORT, MD US","39.17329","-76.68408","42.0","2021-09-04","0.00","0.0","0.0",,"81","58",,,,,,,,,,,,,,
"USW00093721","BALTIMORE WASHINGTON INTERNATIONAL AIRPORT, MD US","39.17329","-76.68408","42.0","2021-09-05","0.05","0.0","0.0",,"76","66",,,,,,,,,,,,,,
"USW00093721","BALTIMORE WASHINGTON INTERNATIONAL AIRPORT, MD US","39.17329","-76.68408","42.0","2021-09-06","0.02","0.0","0.0",,"85","65","    1",,,,,,,,,,,,,
"USW00093721","BALTIMORE WASHINGTON INTERNATIONAL AIRPORT, MD US","39.17329","-76.68408","42.0","2021-09-07","0.00","0.0","0.0",,"88","60",,,,,,,,,,,,,,
"USW00093721","BALTIMORE WASHINGTON INTERNATIONAL AIRPORT, MD US","39.17329","-76.68408","42.0","2021-09-08","0.35","0.0","0.0",,"90","66","    1",,"    1",,,,,,,,,,,
"USW00093721","BALTIMORE WASHINGTON INTERNATIONAL AIRPORT, MD US","39.17329","-76.68408","42.0","2021-09-09","0.12","0.0","0.0",,"79","61","    1",,"    1",,,,,,,,,,,
"USW00093721","BALTIMORE WASHINGTON INTERNATIONAL AIRPORT, MD US","39.17329","-76.68408","42.0","2021-09-10","0.00","0.0","0.0",,"78","57",,,,,,,,,,,,,,
"USW00093721","BALTIMORE WASHINGTON INTERNATIONAL AIRPORT, MD US","39.17329","-76.68408","42.0","2021-09-11","0.00","0.0","0.0",,"82","54",,,,,,,,,,,,,,
"USW00093721","BALTIMORE WASHINGTON INTERNATIONAL AIRPORT, MD US","39.17329","-76.68408","42.0","2021-09-12","0.00","0.0","0.0",,"88","63",,,,,,,,,,,,,,
"USW00093721","BALTIMORE WASHINGTON INTERNATIONAL AIRPORT, MD US","39.17329","-76.68408","42.0","2021-09-13","0.00","0.0","0.0",,"89","70",,,,,,,,,,,,,,
"USW00093721","BALTIMORE WASHINGTON INTERNATIONAL AIRPORT, MD US","39.17329","-76.68408","42.0","2021-09-14","0.00","0.0","0.0",,"89","69","    1",,,,,,,,,,,,,
"USW00093721","BALTIMORE WASHINGTON INTERNATIONAL AIRPORT, MD US","39.17329","-76.68408","42.0","2021-09-15","0.00","0.0","0.0",,"91","71",,,,,,,,,,,,,,
"USW00093721","BALTIMORE WASHINGTON INTERNATIONAL AIRPORT, MD US","39.17329","-76.68408","42.0","2021-09-16","0.38","0.0","0.0",,"83","72","    1",,,,,,,,,,,,,
"USW00093721","BALTIMORE WASHINGTON INTERNATIONAL AIRPORT, MD US","39.17329","-76.68408","42.0","2021-09-17","0.01","0.0","0.0",,"82","72","    1",,,,,,"    1",,,,,,,
"USW00093721","BALTIMORE WASHINGTON INTERNATIONAL AIRPORT, MD US","39.17329","-76.68408","42.0","2021-09-18","0.00","0.0","0.0",,"88","67","    1",,,,,,,,,,,,,
"USW00093721","BALTIMORE WASHINGTON INTERNATIONAL AIRPORT, MD US","39.17329","-76.68408","42.0","2021-09-19","0.00","0.0","0.0",,"84","60",,,,,,,,,,,,,,
"USW00093721","BALTIMORE WASHINGTON INTERNATIONAL AIRPORT, MD US","39.17329","-76.68408","42.0","2021-09-20","0.00","0.0","0.0",,"79","57",,,,,,,,,,,,,,
"USW00093721","BALTIMORE WASHINGTON INTERNATIONAL AIRPORT, MD US","39.17329","-76.68408","42.0","2021-09-21","0.00","0.0","0.0",,"83","65",,,,,,,,,,,,,,
"USW00093721","BALTIMORE WASHINGTON INTERNATIONAL AIRPORT, MD US","39.17329","-76.68408","42.0","2021-09-22","0.28","0.0","0.0",,"81","70","    1",,"    1",,,,,,,,,,,
"USW00093721","BALTIMORE WASHINGTON INTERNATIONAL AIRPORT, MD US","39.17329","-76.68408","42.0","2021-09-23","0.69","0.0","0.0",,"77","56","    1",,"    1",,,,,,,,,,,
"USW00093721","BALTIMORE WASHINGTON INTERNATIONAL AIRPORT, MD US","39.17329","-76.68408","42.0","2021-09-24","0.00","0.0","0.0",,"75","51",,,,,,,,,,,,,,
"USW00093721","BALTIMORE WASHINGTON INTERNATIONAL AIRPORT, MD US","39.17329","-76.68408","42.0","2021-09-25","0.00","0.0","0.0",,"78","50",,,,,,,,,,,,,,
"USW00093721","BALTIMORE WASHINGTON INTERNATIONAL AIRPORT, MD US","39.17329","-76.68408","42.0","2021-09-26","0.00","0.0","0.0",,"76","55",,,,,,,,,,,,,,
"USW00093721","BALTIMORE WASHINGTON INTERNATIONAL AIRPORT, MD US","39.17329","-76.68408","42.0","2021-09-27","0.00","0.0","0.0",,"82","52",,,,,,,,,,,,,,
"USW00093721","BALTIMORE WASHINGTON INTERNATIONAL AIRPORT, MD US","39.17329","-76.68408","42.0","2021-09-28","0.01","0.0","0.0",,"82","60",,,,,,,,,,,,,,
"USW00093721","BALTIMORE WASHINGTON INTERNATIONAL AIRPORT, MD US","39.17329","-76.68408","42.0","2021-09-29","0.00","0.0","0.0",,"72","53",,,,,,,,,,,,,,
"USW00093721","BALTIMORE WASHINGTON INTERNATIONAL AIRPORT, MD US","39.17329","-76.68408","42.0","2021-09-30","0.00","0.0","0.0",,"75","51",,,,,,,,,,,,,,
"USW00093721","BALTIMORE WASHINGTON INTERNATIONAL AIRPORT, MD US","39.17329","-76.68408","42.0","2021-10-01","0.00","0.0","0.0",,"73","48",,,,,,,,,,,,,,
"USW00093721","BALTIMORE WASHINGTON INTERNATIONAL AIRPORT, MD US","39.17329","-76.68408","42.0","2021-10-02","0.00","0.0","0.0",,"80","49","    1",,,,,,,,,,,,,
"USW00093721","BALTIMORE WASHINGTON INTERNATIONAL AIRPORT, MD US","39.17329","-76.68408","42.0","2021-10-03","0.00","0.0","0.0",,"86","57","    1",,,,,,"    1",,,,,,,
"USW00093721","BALTIMORE WASHINGTON INTERNATIONAL AIRPORT, MD US","39.17329","-76.68408","42.0","2021-10-04","0.00","0.0","0.0",,"85","70",,,"    1",,,,,,,,,,,
"USW00093721","BALTIMORE WASHINGTON INTERNATIONAL AIRPORT, MD US","39.17329","-76.68408","42.0","2021-10-05","0.00","0.0","0.0",,"76","66","    1",,,,,,"    1",,,,,,,
"USW00093721","BALTIMORE WASHINGTON INTERNATIONAL AIRPORT, MD US","39.17329","-76.68408","42.0","2021-10-06","0.00","0.0","0.0",,"74","66","    1",,,,,,,,,,,,,
"USW00093721","BALTIMORE WASHINGTON INTERNATIONAL AIRPORT, MD US","39.17329","-76.68408","42.0","2021-10-07","0.00","0.0","0.0",,"78","64",,,,,,,,,,,,,,
"USW00093721","BALTIMORE WASHINGTON INTERNATIONAL AIRPORT, MD US","39.17329","-76.68408","42.0","2021-10-08","0.00","0.0","0.0",,"79","62",,,,,,,,,,,,,,
"USW00093721","BALTIMORE WASHINGTON INTERNATIONAL AIRPORT, MD US","39.17329","-76.68408","42.0","2021-10-09","0.01","0.0","0.0",,"75","65","    1",,,,,,,,,,,,,
"USW00093721","BALTIMORE WASHINGTON INTERNATIONAL AIRPORT, MD US","39.17329","-76.68408","42.0","2021-10-10","0.01","0.0","0.0",,"73","65","    1",,,,,,"    1",,,,,,,
"USW00093721","BALTIMORE WASHINGTON INTERNATIONAL AIRPORT, MD US","39.17329","-76.68408","42.0","2021-10-11","0.00","0.0","0.0",,"70","65",,,,,,,,,,,,,,
"USW00093721","BALTIMORE WASHINGTON INTERNATIONAL AIRPORT, MD US","39.17329","-76.68408","42.0","2021-10-12","0.01","0.0","0.0",,"73","63","    1",,,,,,"    1",,,,,,,
"USW00093721","BALTIMORE WASHINGTON INTERNATIONAL AIRPORT, MD US","39.17329","-76.68408","42.0","2021-10-13","0.00","0.0","0.0",,"74","61","    1","    1",,,,,,,,,,,,
"USW00093721","BALTIMORE WASHINGTON INTERNATIONAL AIRPORT, MD US","39.17329","-76.68408","42.0","2021-10-14","0.00","0.0","0.0",,"81","57","    1","    1",,,,,"    1",,,,,,,
"USW00093721","BALTIMORE WASHINGTON INTERNATIONAL AIRPORT, MD US","39.17329","-76.68408","42.0","2021-10-15","0.00","0.0","0.0",,"85","58",,,,,,,,,,,,,,
"USW00093721","BALTIMORE WASHINGTON INTERNATIONAL AIRPORT, MD US","39.17329","-76.68408","42.0","2021-10-16","0.21","0.0","0.0",,"83","50","    1",,,,,,,,,,,,,
"USW00093721","BALTIMORE WASHINGTON INTERNATIONAL AIRPORT, MD US","39.17329","-76.68408","42.0","2021-10-17","0.00","0.0","0.0",,"67","49",,,,,,,,,,,,,,
"USW00093721","BALTIMORE WASHINGTON INTERNATIONAL AIRPORT, MD US","39.17329","-76.68408","42.0","2021-10-18","0.00","0.0","0.0",,"70","46",,,,,,,,,,,,,,
"USW00093721","BALTIMORE WASHINGTON INTERNATIONAL AIRPORT, MD US","39.17329","-76.68408","42.0","2021-10-19","0.00","0.0","0.0",,"74","43",,,,,,,,,,,,,,
"USW00093721","BALTIMORE WASHINGTON INTERNATIONAL AIRPORT, MD US","39.17329","-76.68408","42.0","2021-10-20","0.00","0.0","0.0",,"78","52",,,,,,,,,,,,,,
"USW00093721","BALTIMORE WASHINGTON INTERNATIONAL AIRPORT, MD US","39.17329","-76.68408","42.0","2021-10-21","0.00","0.0","0.0",,"78","47",,,,,,,,,,,,,,
"USW00093721","BALTIMORE WASHINGTON INTERNATIONAL AIRPORT, MD US","39.17329","-76.68408","42.0","2021-10-22","0.00","0.0","0.0",,"72","51",,,,,,,,,,,,,,
"USW00093721","BALTIMORE WASHINGTON INTERNATIONAL AIRPORT, MD US","39.17329","-76.68408","42.0","2021-10-23","0.00","0.0","0.0",,"68","47",,,,,,,,,,,,,,
"USW00093721","BALTIMORE WASHINGTON INTERNATIONAL AIRPORT, MD US","39.17329","-76.68408","42.0","2021-10-24","0.00","0.0","0.0",,"67","48",,,,,,,,,,,,,,
"USW00093721","BALTIMORE WASHINGTON INTERNATIONAL AIRPORT, MD US","39.17329","-76.68408","42.0","2021-10-25","1.96","0.0","0.0",,"80","55","    1",,"    1",,,,,,,,,,,
"USW00093721","BALTIMORE WASHINGTON INTERNATIONAL AIRPORT, MD US","39.17329","-76.68408","42.0","2021-10-26","0.02","0.0","0.0",,"68","52",,,,,,,,,,,,,,
"USW00093721","BALTIMORE WASHINGTON INTERNATIONAL AIRPORT, MD US","39.17329","-76.68408","42.0","2021-10-27","0.00","0.0","0.0",,"73","51",,,,,,,,,,,,,,
"USW00093721","BALTIMORE WASHINGTON INTERNATIONAL AIRPORT, MD US","39.17329","-76.68408","42.0","2021-10-28","0.00","0.0","0.0",,"67","47",,,,,,,,,,,,,,
"USW00093721","BALTIMORE WASHINGTON INTERNATIONAL AIRPORT, MD US","39.17329","-76.68408","42.0","2021-10-29","3.01","0.0","0.0",,"60","56","    1",,,,,,,,,,,,,
"USW00093721","BALTIMORE WASHINGTON INTERNATIONAL AIRPORT, MD US","39.17329","-76.68408","42.0","2021-10-30","0.01","0.0","0.0",,"64","52","    1",,,,,,,,,,,,,
"USW00093721","BALTIMORE WASHINGTON INTERNATIONAL AIRPORT, MD US","39.17329","-76.68408","42.0","2021-10-31","0.00","0.0","0.0",,"69","50",,,,,,,,,,,,,,
"USW00093721","BALTIMORE WASHINGTON INTERNATIONAL AIRPORT, MD US","39.17329","-76.68408","42.0","2021-11-01","0.00","0.0","0.0",,"62","43",,,,,,,,,,,,,,
"USW00093721","BALTIMORE WASHINGTON INTERNATIONAL AIRPORT, MD US","39.17329","-76.68408","42.0","2021-11-02","0.15","0.0","0.0",,"52","39","    1",,,,,,,,,,,,,
"USW00093721","BALTIMORE WASHINGTON INTERNATIONAL AIRPORT, MD US","39.17329","-76.68408","42.0","2021-11-03","0.00","0.0","0.0",,"54","34","    1",,,,,,,,,,,,,
"USW00093721","BALTIMORE WASHINGTON INTERNATIONAL AIRPORT, MD US","39.17329","-76.68408","42.0","2021-11-04","0.00","0.0","0.0",,"53","32",,,,,,,,,,,,,,
"USW00093721","BALTIMORE WASHINGTON INTERNATIONAL AIRPORT, MD US","39.17329","-76.68408","42.0","2021-11-05","0.00","0.0","0.0",,"56","29",,,,,,,,,,,,,,
"USW00093721","BALTIMORE WASHINGTON INTERNATIONAL AIRPORT, MD US","39.17329","-76.68408","42.0","2021-11-06","0.00","0.0","0.0",,"57","28",,,,,,,,,,,,,,
"USW00093721","BALTIMORE WASHINGTON INTERNATIONAL AIRPORT, MD US","39.17329","-76.68408","42.0","2021-11-07","0.00","0.0","0.0",,"59","32",,,,,,,,,,,,,,
"USW00093721","BALTIMORE WASHINGTON INTERNATIONAL AIRPORT, MD US","39.17329","-76.68408","42.0","2021-11-08","0.00","0.0","0.0",,"72","35",,,,,,,"    1",,,,,,,
"USW00093721","BALTIMORE WASHINGTON INTERNATIONAL AIRPORT, MD US","39.17329","-76.68408","42.0","2021-11-09","0.00","0.0","0.0",,"75","41",,,,,,,,,,,,,,
"USW00093721","BALTIMORE WASHINGTON INTERNATIONAL AIRPORT, MD US","39.17329","-76.68408","42.0","2021-11-10","0.00","0.0","0.0",,"73","45",,,,,,,,,,,,,,
"USW00093721","BALTIMORE WASHINGTON INTERNATIONAL AIRPORT, MD US","39.17329","-76.68408","42.0","2021-11-11","0.00","0.0","0.0",,"69","43",,,,,,,,,,,,,,
"USW00093721","BALTIMORE WASHINGTON INTERNATIONAL AIRPORT, MD US","39.17329","-76.68408","42.0","2021-11-12","0.99","0.0","0.0",,"65","42","    1",,,,,,,,,,,,,
"USW00093721","BALTIMORE WASHINGTON INTERNATIONAL AIRPORT, MD US","39.17329","-76.68408","42.0","2021-11-13","0.02","0.0","0.0",,"54","36","    1","    1",,,,,,,,,,,,
"USW00093721","BALTIMORE WASHINGTON INTERNATIONAL AIRPORT, MD US","39.17329","-76.68408","42.0","2021-11-14","0.00","0.0","0.0",,"50","29",,,,,,,,,,,,,,
"USW00093721","BALTIMORE WASHINGTON INTERNATIONAL AIRPORT, MD US","39.17329","-76.68408","42.0","2021-11-15","0.00","0.0","0.0",,"50","34",,,,,,,,,,,,,,
"USW00093721","BALTIMORE WASHINGTON INTERNATIONAL AIRPORT, MD US","39.17329","-76.68408","42.0","2021-11-16","0.00","0.0","0.0",,"55","31",,,,,,,,,,,,,,
"USW00093721","BALTIMORE WASHINGTON INTERNATIONAL AIRPORT, MD US","39.17329","-76.68408","42.0","2021-11-17","0.00","0.0","0.0",,"63","35","    1",,,,,,,,,,,,,
"USW00093721","BALTIMORE WASHINGTON INTERNATIONAL AIRPORT, MD US","39.17329","-76.68408","42.0","2021-11-18","0.00","0.0","0.0",,"74","45","    1",,,,,,,,,,,,,
"USW00093721","BALTIMORE WASHINGTON INTERNATIONAL AIRPORT, MD US","39.17329","-76.68408","42.0","2021-11-19","0.00","0.0","0.0",,"49","33",,,,,,,,,,,,,,
"USW00093721","BALTIMORE WASHINGTON INTERNATIONAL AIRPORT, MD US","39.17329","-76.68408","42.0","2021-11-20","0.00","0.0","0.0",,"48","27",,,,,,,,,,,,,,
"USW00093721","BALTIMORE WASHINGTON INTERNATIONAL AIRPORT, MD US","39.17329","-76.68408","42.0","2021-11-21","0.00","0.0","0.0",,"54","31",,,,,,,,,,,,,,
"USW00093721","BALTIMORE WASHINGTON INTERNATIONAL AIRPORT, MD US","39.17329","-76.68408","42.0","2021-11-22","0.06","0.0","0.0",,"53","33","    1",,,,,,,,,,,,,
"USW00093721","BALTIMORE WASHINGTON INTERNATIONAL AIRPORT, MD US","39.17329","-76.68408","42.0","2021-11-23","0.00","0.0","0.0",,"46","29",,,,,,,,,,,,,,
"USW00093721","BALTIMORE WASHINGTON INTERNATIONAL AIRPORT, MD US","39.17329","-76.68408","42.0","2021-11-24","0.00","0.0","0.0",,"50","28",,,,,,,,,,,,,,
"USW00093721","BALTIMORE WASHINGTON INTERNATIONAL AIRPORT, MD US","39.17329","-76.68408","42.0","2021-11-25","0.01","0.0","0.0",,"57","29",,,,,,,,,,,,,,
"USW00093721","BALTIMORE WASHINGTON INTERNATIONAL AIRPORT, MD US","39.17329","-76.68408","42.0","2021-11-26","0.10","0.0","0.0",,"48","36","    1",,,,,,,,,,,,,
"USW00093721","BALTIMORE WASHINGTON INTERNATIONAL AIRPORT, MD US","39.17329","-76.68408","42.0","2021-11-27","0.00","0.0","0.0",,"44","34",,,,,,,,,,,,,,
"USW00093721","BALTIMORE WASHINGTON INTERNATIONAL AIRPORT, MD US","39.17329","-76.68408","42.0","2021-11-28","0.00","0.0","0.0",,"58","32",,,,,,,,,,,,,,
"USW00093721","BALTIMORE WASHINGTON INTERNATIONAL AIRPORT, MD US","39.17329","-76.68408","42.0","2021-11-29","0.00","0.0","0.0",,"47","31",,,,,,,,,,,,,,
"USW00093721","BALTIMORE WASHINGTON INTERNATIONAL AIRPORT, MD US","39.17329","-76.68408","42.0","2021-11-30","0.00","0.0","0.0",,"50","30",,,,,,,,,,,,,,
"USW00093721","BALTIMORE WASHINGTON INTERNATIONAL AIRPORT, MD US","39.17329","-76.68408","42.0","2021-12-01","0.00","0.0","0.0",,"57","26",,,,,,,,,,,,,,
"USW00093721","BALTIMORE WASHINGTON INTERNATIONAL AIRPORT, MD US","39.17329","-76.68408","42.0","2021-12-02","0.00","0.0","0.0",,"66","43",,,,,,,,,,,,,,
"USW00093721","BALTIMORE WASHINGTON INTERNATIONAL AIRPORT, MD US","39.17329","-76.68408","42.0","2021-12-03","0.00","0.0","0.0",,"59","42",,,,,,,,,,,,,,
"USW00093721","BALTIMORE WASHINGTON INTERNATIONAL AIRPORT, MD US","39.17329","-76.68408","42.0","2021-12-04","0.00","0.0","0.0",,"60","38",,,,,,,,,,,,,,
"USW00093721","BALTIMORE WASHINGTON INTERNATIONAL AIRPORT, MD US","39.17329","-76.68408","42.0","2021-12-05","0.00","0.0","0.0",,"52","31",,,,,,,,,,,,,,
"USW00093721","BALTIMORE WASHINGTON INTERNATIONAL AIRPORT, MD US","39.17329","-76.68408","42.0","2021-12-06","0.00","0.0","0.0",,"70","41",,,,,,,,,,,,,,
"USW00093721","BALTIMORE WASHINGTON INTERNATIONAL AIRPORT, MD US","39.17329","-76.68408","42.0","2021-12-07","0.00","0.0","0.0",,"43","31",,,,,,,,,,,,,,
"USW00093721","BALTIMORE WASHINGTON INTERNATIONAL AIRPORT, MD US","39.17329","-76.68408","42.0","2021-12-08","0.00","0.0","0.0",,"43","35",,,,,,,,,,,,,,
"USW00093721","BALTIMORE WASHINGTON INTERNATIONAL AIRPORT, MD US","39.17329","-76.68408","42.0","2021-12-09","0.00","0.0","0.0",,"43","26",,,,,,,,,,,,,,
"USW00093721","BALTIMORE WASHINGTON INTERNATIONAL AIRPORT, MD US","39.17329","-76.68408","42.0","2021-12-10","0.01","0.0","0.0",,"50","38",,,,,,,,,,,,,,
"USW00093721","BALTIMORE WASHINGTON INTERNATIONAL AIRPORT, MD US","39.17329","-76.68408","42.0","2021-12-11","0.12","0.0","0.0",,"70","45","    1",,,,,,,,,,,,,
"USW00093721","BALTIMORE WASHINGTON INTERNATIONAL AIRPORT, MD US","39.17329","-76.68408","42.0","2021-12-12","0.00","0.0","0.0",,"50","30",,,,,,,,,,,,,,
"USW00093721","BALTIMORE WASHINGTON INTERNATIONAL AIRPORT, MD US","39.17329","-76.68408","42.0","2021-12-13","0.00","0.0","0.0",,"57","28",,,,,,,,,,,,,,
"USW00093721","BALTIMORE WASHINGTON INTERNATIONAL AIRPORT, MD US","39.17329","-76.68408","42.0","2021-12-14","0.00","0.0","0.0",,"59","29",,,,,,,,,,,,,,
"USW00093721","BALTIMORE WASHINGTON INTERNATIONAL AIRPORT, MD US","39.17329","-76.68408","42.0","2021-12-15","0.00","0.0","0.0",,"58","30",,,,,,,"    1",,,,,,,
"USW00093721","BALTIMORE WASHINGTON INTERNATIONAL AIRPORT, MD US","39.17329","-76.68408","42.0","2021-12-16","0.00","0.0","0.0",,"67","42","    1",,,,,,,,,,,,,
"USW00093721","BALTIMORE WASHINGTON INTERNATIONAL AIRPORT, MD US","39.17329","-76.68408","42.0","2021-12-17","0.00","0.0","0.0",,"64","52",,,,,,,,,,,,,,
"USW00093721","BALTIMORE WASHINGTON INTERNATIONAL AIRPORT, MD US","39.17329","-76.68408","42.0","2021-12-18","0.01","0.0","0.0",,"55","46",,,,,,,,,,,,,,
"USW00093721","BALTIMORE WASHINGTON INTERNATIONAL AIRPORT, MD US","39.17329","-76.68408","42.0","2021-12-19","0.00","0.0","0.0",,"54","32",,,,,,,,,,,,,,
"USW00093721","BALTIMORE WASHINGTON INTERNATIONAL AIRPORT, MD US","39.17329","-76.68408","42.0","2021-12-20","0.00","0.0","0.0",,"41","24",,,,,,,,,,,,,,
"USW00093721","BALTIMORE WASHINGTON INTERNATIONAL AIRPORT, MD US","39.17329","-76.68408","42.0","2021-12-21","0.11","0.0","0.0",,"41","25","    1",,,,,,,,,,,,,
"USW00093721","BALTIMORE WASHINGTON INTERNATIONAL AIRPORT, MD US","39.17329","-76.68408","42.0","2021-12-22","0.03","0.0","0.0",,"50","30","    1",,,,,,"    1",,,,,,,
"USW00093721","BALTIMORE WASHINGTON INTERNATIONAL AIRPORT, MD US","39.17329","-76.68408","42.0","2021-12-23","0.00","0.0","0.0",,"42","25",,,,,,,,,,,,,,
"USW00093721","BALTIMORE WASHINGTON INTERNATIONAL AIRPORT, MD US","39.17329","-76.68408","42.0","2021-12-24","0.00","0.0","0.0",,"55","37",,,,,,,,,,,,,,
"USW00093721","BALTIMORE WASHINGTON INTERNATIONAL AIRPORT, MD US","39.17329","-76.68408","42.0","2021-12-25","0.17","0.0","0.0",,"68","43","    1",,,,,,,,,,,,,
"USW00093721","BALTIMORE WASHINGTON INTERNATIONAL AIRPORT, MD US","39.17329","-76.68408","42.0","2021-12-26","0.00","0.0","0.0",,"60","42",,,,,,,,,,,,,,
"USW00093721","BALTIMORE WASHINGTON INTERNATIONAL AIRPORT, MD US","39.17329","-76.68408","42.0","2021-12-27","0.03","0.0","0.0",,"43","36",,,,"    1",,,,,,,,,,
"USW00093721","BALTIMORE WASHINGTON INTERNATIONAL AIRPORT, MD US","39.17329","-76.68408","42.0","2021-12-28","0.05","0.0","0.0",,"57","36","    1",,,,,,,,,,,,,
"USW00093721","BALTIMORE WASHINGTON INTERNATIONAL AIRPORT, MD US","39.17329","-76.68408","42.0","2021-12-29","0.02","0.0","0.0",,"52","46","    1",,,,,,,,,,,,,
"USW00093721","BALTIMORE WASHINGTON INTERNATIONAL AIRPORT, MD US","39.17329","-76.68408","42.0","2021-12-30","0.26","0.0","0.0",,"53","48","    1",,,,,,,,,,,,,
"USW00093721","BALTIMORE WASHINGTON INTERNATIONAL AIRPORT, MD US","39.17329","-76.68408","42.0","2021-12-31","0.01","0.0","0.0",,"57","49","    1","    1",,,,,,,,,,,,
"USW00093721","BALTIMORE WASHINGTON INTERNATIONAL AIRPORT, MD US","39.17329","-76.68408","42.0","2022-01-01","0.75","0.0","0.0",,"58","51","    1","    1",,,,,,,,,,,,
"USW00093721","BALTIMORE WASHINGTON INTERNATIONAL AIRPORT, MD US","39.17329","-76.68408","42.0","2022-01-02","0.10","0.0","0.0",,"65","44","    1",,,,,,,,,,,,,
"USW00093721","BALTIMORE WASHINGTON INTERNATIONAL AIRPORT, MD US","39.17329","-76.68408","42.0","2022-01-03","0.95","6.8","1.2",,"44","20","    1","    1","    1","    1",,,"    1",,,,,,,
"USW00093721","BALTIMORE WASHINGTON INTERNATIONAL AIRPORT, MD US","39.17329","-76.68408","42.0","2022-01-04","0.00","0.0","5.1",,"35","15",,,,,,,,,,,,,,
"USW00093721","BALTIMORE WASHINGTON INTERNATIONAL AIRPORT, MD US","39.17329","-76.68408","42.0","2022-01-05","0.00","0.0","3.9",,"41","23","    1",,,,,,,,,,,,,
"USW00093721","BALTIMORE WASHINGTON INTERNATIONAL AIRPORT, MD US","39.17329","-76.68408","42.0","2022-01-06","0.00","0.0","2.0",,"41","28","    1",,,,,,,,,,,,,
"USW00093721","BALTIMORE WASHINGTON INTERNATIONAL AIRPORT, MD US","39.17329","-76.68408","42.0","2022-01-07","0.21","3.0","5.1",,"35","20","    1","    1",,,,,,,,,,,,
"USW00093721","BALTIMORE WASHINGTON INTERNATIONAL AIRPORT, MD US","39.17329","-76.68408","42.0","2022-01-08","0.00","0.0","2.0",,"33","18",,,,,,,,,,,,,,
"USW00093721","BALTIMORE WASHINGTON INTERNATIONAL AIRPORT, MD US","39.17329","-76.68408","42.0","2022-01-09","0.35","0.0","2.0",,"44","29","    1",,,,,,,,,,,,,
"USW00093721","BALTIMORE WASHINGTON INTERNATIONAL AIRPORT, MD US","39.17329","-76.68408","42.0","2022-01-10","0.00","0.0","0.0",,"43","26",,,,,,,,,,,,,,
"USW00093721","BALTIMORE WASHINGTON INTERNATIONAL AIRPORT, MD US","39.17329","-76.68408","42.0","2022-01-11","0.00","0.0","0.0",,"28","20",,,,,,,,,,,,,,
"USW00093721","BALTIMORE WASHINGTON INTERNATIONAL AIRPORT, MD US","39.17329","-76.68408","42.0","2022-01-12","0.00","0.0","0.0",,"47","19",,,,,,,,,,,,,,
"USW00093721","BALTIMORE WASHINGTON INTERNATIONAL AIRPORT, MD US","39.17329","-76.68408","42.0","2022-01-13","0.00","0.0","0.0",,"47","27",,,,,,,,,,,,,,
"USW00093721","BALTIMORE WASHINGTON INTERNATIONAL AIRPORT, MD US","39.17329","-76.68408","42.0","2022-01-14","0.00","0.0","0.0",,"49","30",,,,,,,,,,,,,,
"USW00093721","BALTIMORE WASHINGTON INTERNATIONAL AIRPORT, MD US","39.17329","-76.68408","42.0","2022-01-15","0.00","0.0","0.0",,"30","18",,,,,,,,,,,,,,
"USW00093721","BALTIMORE WASHINGTON INTERNATIONAL AIRPORT, MD US","39.17329","-76.68408","42.0","2022-01-16","1.31","2.0","0.0",,"42","15","    1",,,"    1",,"    1",,,,,,,,
"USW00093721","BALTIMORE WASHINGTON INTERNATIONAL AIRPORT, MD US","39.17329","-76.68408","42.0","2022-01-17","0.04","0.0","1.2",,"45","33","    1",,,,,,,,,,,,,
"USW00093721","BALTIMORE WASHINGTON INTERNATIONAL AIRPORT, MD US","39.17329","-76.68408","42.0","2022-01-18","0.00","0.0","0.0",,"41","25",,,,,,,,,,,,,,
"USW00093721","BALTIMORE WASHINGTON INTERNATIONAL AIRPORT, MD US","39.17329","-76.68408","42.0","2022-01-19","0.00","0.0","0.0",,"55","26",,,,,,,,,,,,,,
"USW00093721","BALTIMORE WASHINGTON INTERNATIONAL AIRPORT, MD US","39.17329","-76.68408","42.0","2022-01-20","0.40","0.0","0.0",,"46","25","    1",,,,,,,,,,,,,
"USW00093721","BALTIMORE WASHINGTON INTERNATIONAL AIRPORT, MD US","39.17329","-76.68408","42.0","2022-01-21","0.00","0.0","0.0",,"26","17",,,,,,,,,,,,,,
"USW00093721","BALTIMORE WASHINGTON INTERNATIONAL AIRPORT, MD US","39.17329","-76.68408","42.0","2022-01-22","0.00","0.0","0.0",,"34","15",,,,,,,,,,,,,,
"USW00093721","BALTIMORE WASHINGTON INTERNATIONAL AIRPORT, MD US","39.17329","-76.68408","42.0","2022-01-23","0.00","0.0","0.0",,"40","18",,,,,,,,,,,,,,
"USW00093721","BALTIMORE WASHINGTON INTERNATIONAL AIRPORT, MD US","39.17329","-76.68408","42.0","2022-01-24","0.00","0.0","0.0",,"42","27",,,,,,,,,,,,,,
"USW00093721","BALTIMORE WASHINGTON INTERNATIONAL AIRPORT, MD US","39.17329","-76.68408","42.0","2022-01-25","0.00","0.0","0.0",,"49","29",,,,,,,,,,,,,,
"USW00093721","BALTIMORE WASHINGTON INTERNATIONAL AIRPORT, MD US","39.17329","-76.68408","42.0","2022-01-26","0.00","0.0","0.0",,"34","18",,,,,,,,,,,,,,
"USW00093721","BALTIMORE WASHINGTON INTERNATIONAL AIRPORT, MD US","39.17329","-76.68408","42.0","2022-01-27","0.00","0.0","0.0",,"36","13",,,,,,,,,,,,,,
"USW00093721","BALTIMORE WASHINGTON INTERNATIONAL AIRPORT, MD US","39.17329","-76.68408","42.0","2022-01-28","0.13","1.0","0.0",,"38","30","    1",,,,,,,,,,,,,
"USW00093721","BALTIMORE WASHINGTON INTERNATIONAL AIRPORT, MD US","39.17329","-76.68408","42.0","2022-01-29","0.03","0.5","2.0",,"31","20","    1",,,,,,,,,,,,,
"USW00093721","BALTIMORE WASHINGTON INTERNATIONAL AIRPORT, MD US","39.17329","-76.68408","42.0","2022-01-30","0.00","0.0","1.2",,"31","14",,,,,,,,,,,,,,
"USW00093721","BALTIMORE WASHINGTON INTERNATIONAL AIRPORT, MD US","39.17329","-76.68408","42.0","2022-01-31","0.00","0.0","1.2",,"37","23",,,,,,,,,,,,,,
"USW00093721","BALTIMORE WASHINGTON INTERNATIONAL AIRPORT, MD US","39.17329","-76.68408","42.0","2022-02-01","0.00","0.0","1.2",,"41","20",,,,,,,,,,,,,,
"USW00093721","BALTIMORE WASHINGTON INTERNATIONAL AIRPORT, MD US","39.17329","-76.68408","42.0","2022-02-02","0.00","0.0","0.0",,"50","20","    1",,,,,,"    1",,,,,,,
"USW00093721","BALTIMORE WASHINGTON INTERNATIONAL AIRPORT, MD US","39.17329","-76.68408","42.0","2022-02-03","0.49","0.0","0.0",,"59","39","    1","    1",,,,,,,,,,,,
"USW00093721","BALTIMORE WASHINGTON INTERNATIONAL AIRPORT, MD US","39.17329","-76.68408","42.0","2022-02-04","0.80","0.0","0.0",,"63","34","    1",,,,,,,,,,,,,
"USW00093721","BALTIMORE WASHINGTON INTERNATIONAL AIRPORT, MD US","39.17329","-76.68408","42.0","2022-02-05","0.00","0.0","0.0",,"34","22",,,,,,,,,,,,,,
"USW00093721","BALTIMORE WASHINGTON INTERNATIONAL AIRPORT, MD US","39.17329","-76.68408","42.0","2022-02-06","0.00","0.0","0.0",,"35","18",,,,,,,,,,,,,,
"USW00093721","BALTIMORE WASHINGTON INTERNATIONAL AIRPORT, MD US","39.17329","-76.68408","42.0","2022-02-07","0.06","0.0","0.0",,"43","30","    1",,,,,,,,,,,,,
"USW00093721","BALTIMORE WASHINGTON INTERNATIONAL AIRPORT, MD US","39.17329","-76.68408","42.0","2022-02-08","0.00","0.0","0.0",,"47","27",,,,,,,,,,,,,,
"USW00093721","BALTIMORE WASHINGTON INTERNATIONAL AIRPORT, MD US","39.17329","-76.68408","42.0","2022-02-09","0.00","0.0","0.0",,"56","23",,,,,,,,,,,,,,
"USW00093721","BALTIMORE WASHINGTON INTERNATIONAL AIRPORT, MD US","39.17329","-76.68408","42.0","2022-02-10","0.00","0.0","0.0",,"61","32",,,,,,,,,,,,,,
"USW00093721","BALTIMORE WASHINGTON INTERNATIONAL AIRPORT, MD US","39.17329","-76.68408","42.0","2022-02-11","0.00","0.0","0.0",,"67","28",,,,,,,,,,,,,,
"USW00093721","BALTIMORE WASHINGTON INTERNATIONAL AIRPORT, MD US","39.17329","-76.68408","42.0","2022-02-12","0.00","0.0","0.0",,"60","42",,,,,,,,,,,,,,
"USW00093721","BALTIMORE WASHINGTON INTERNATIONAL AIRPORT, MD US","39.17329","-76.68408","42.0","2022-02-13","0.14","0.7","0.0",,"42","26","    1",,,"    1",,,,,,,,,,
"USW00093721","BALTIMORE WASHINGTON INTERNATIONAL AIRPORT, MD US","39.17329","-76.68408","42.0","2022-02-14","0.00","0.0","0.0",,"32","20","    1","    1",,,,,"    1",,,,,,,
"USW00093721","BALTIMORE WASHINGTON INTERNATIONAL AIRPORT, MD US","39.17329","-76.68408","42.0","2022-02-15","0.00","0.0","0.0",,"39","16",,,,,,,,,,,,,,
"USW00093721","BALTIMORE WASHINGTON INTERNATIONAL AIRPORT, MD US","39.17329","-76.68408","42.0","2022-02-16","0.00","0.0","0.0",,"53","20",,,,,,,,,,,,,,
"USW00093721","BALTIMORE WASHINGTON INTERNATIONAL AIRPORT, MD US","39.17329","-76.68408","42.0","2022-02-17","0.03","0.0","0.0",,"70","37",,,,,,,,,,,,,,
"USW00093721","BALTIMORE WASHINGTON INTERNATIONAL AIRPORT, MD US","39.17329","-76.68408","42.0","2022-02-18","0.12","0.0","0.0",,"68","27",,,,,,,,,,,,,,
"USW00093721","BALTIMORE WASHINGTON INTERNATIONAL AIRPORT, MD US","39.17329","-76.68408","42.0","2022-02-19","0.00","0.0","0.0",,"46","21",,,,,,,,,,,,,,
"USW00093721","BALTIMORE WASHINGTON INTERNATIONAL AIRPORT, MD US","39.17329","-76.68408","42.0","2022-02-20","0.00","0.0","0.0",,"43","16",,,,,,,,,,,,,,
"USW00093721","BALTIMORE WASHINGTON INTERNATIONAL AIRPORT, MD US","39.17329","-76.68408","42.0","2022-02-21","0.00","0.0","0.0",,"65","24",,,,,,,,,,,,,,
"USW00093721","BALTIMORE WASHINGTON INTERNATIONAL AIRPORT, MD US","39.17329","-76.68408","42.0","2022-02-22","0.09","0.0","0.0",,"67","38","    1",,,,,,"    1",,,,,,,
"USW00093721","BALTIMORE WASHINGTON INTERNATIONAL AIRPORT, MD US","39.17329","-76.68408","42.0","2022-02-23","0.00","0.0","0.0",,"76","39",,,,,,,,,,,,,,
"USW00093721","BALTIMORE WASHINGTON INTERNATIONAL AIRPORT, MD US","39.17329","-76.68408","42.0","2022-02-24","0.29","0.0","0.0",,"41","32","    1",,,"    1",,,,,,,,,,
"USW00093721","BALTIMORE WASHINGTON INTERNATIONAL AIRPORT, MD US","39.17329","-76.68408","42.0","2022-02-25","0.29","0.0","0.0",,"57","32","    1",,,,,"    1",,,,,,,,
"USW00093721","BALTIMORE WASHINGTON INTERNATIONAL AIRPORT, MD US","39.17329","-76.68408","42.0","2022-02-26","0.00","0.0","0.0",,"43","32",,,,,,,,,,,,,,
"USW00093721","BALTIMORE WASHINGTON INTERNATIONAL AIRPORT, MD US","39.17329","-76.68408","42.0","2022-02-27","0.00","0.0","0.0",,"54","28",,,,,,,,,,,,,,
"USW00093721","BALTIMORE WASHINGTON INTERNATIONAL AIRPORT, MD US","39.17329","-76.68408","42.0","2022-02-28","0.00","0.0","0.0",,"49","34",,,,,,,,,,,,,,
"USW00093721","BALTIMORE WASHINGTON INTERNATIONAL AIRPORT, MD US","39.17329","-76.68408","42.0","2022-03-01","0.00","0.0","0.0",,"55","28",,,,,,,,,,,,,,
"USW00093721","BALTIMORE WASHINGTON INTERNATIONAL AIRPORT, MD US","39.17329","-76.68408","42.0","2022-03-02","0.00","0.0","0.0",,"63","33",,,,,,,,,,,,,,
"USW00093721","BALTIMORE WASHINGTON INTERNATIONAL AIRPORT, MD US","39.17329","-76.68408","42.0","2022-03-03","0.00","0.0","0.0",,"56","34",,,,,,,,,,,,,,
"USW00093721","BALTIMORE WASHINGTON INTERNATIONAL AIRPORT, MD US","39.17329","-76.68408","42.0","2022-03-04","0.00","0.0","0.0",,"46","26",,,,,,,,,,,,,,
"USW00093721","BALTIMORE WASHINGTON INTERNATIONAL AIRPORT, MD US","39.17329","-76.68408","42.0","2022-03-05","0.00","0.0","0.0",,"57","30",,,,,,,,,,,,,,
"USW00093721","BALTIMORE WASHINGTON INTERNATIONAL AIRPORT, MD US","39.17329","-76.68408","42.0","2022-03-06","0.12","0.0","0.0",,"78","41","    1",,"    1",,,,"    1",,,,,,,
"USW00093721","BALTIMORE WASHINGTON INTERNATIONAL AIRPORT, MD US","39.17329","-76.68408","42.0","2022-03-07","0.00","0.0","0.0",,"79","51",,,,,,,,,,,,,,
"USW00093721","BALTIMORE WASHINGTON INTERNATIONAL AIRPORT, MD US","39.17329","-76.68408","42.0","2022-03-08","0.00","0.0","0.0",,"53","43",,,,,,,,,,,,,,
"USW00093721","BALTIMORE WASHINGTON INTERNATIONAL AIRPORT, MD US","39.17329","-76.68408","42.0","2022-03-09","0.55","0.0","0.0",,"45","36","    1",,,,,,,,,,,,,
"USW00093721","BALTIMORE WASHINGTON INTERNATIONAL AIRPORT, MD US","39.17329","-76.68408","42.0","2022-03-10","0.00","0.0","0.0",,"50","30","    1",,,,,,,,,,,,,
"USW00093721","BALTIMORE WASHINGTON INTERNATIONAL AIRPORT, MD US","39.17329","-76.68408","42.0","2022-03-11","0.00","0.0","0.0",,"60","31","    1",,,,,,,,,,,,,
"USW00093721","BALTIMORE WASHINGTON INTERNATIONAL AIRPORT, MD US","39.17329","-76.68408","42.0","2022-03-12","0.69","0.4","0.0",,"49","23","    1",,,,,,"    1",,,,,,,
"USW00093721","BALTIMORE WASHINGTON INTERNATIONAL AIRPORT, MD US","39.17329","-76.68408","42.0","2022-03-13","0.00","0.0","0.0",,"42","20",,,,,,,,,,,,,,
"USW00093721","BALTIMORE WASHINGTON INTERNATIONAL AIRPORT, MD US","39.17329","-76.68408","42.0","2022-03-14","0.00","0.0","0.0",,"63","26",,,,,,,,,,,,,,
"USW00093721","BALTIMORE WASHINGTON INTERNATIONAL AIRPORT, MD US","39.17329","-76.68408","42.0","2022-03-15","0.00","0.0","0.0",,"73","33",,,,,,,,,,,,,,
"USW00093721","BALTIMORE WASHINGTON INTERNATIONAL AIRPORT, MD US","39.17329","-76.68408","42.0","2022-03-16","0.00","0.0","0.0",,"72","40",,,,,,,,,,,,,,
"USW00093721","BALTIMORE WASHINGTON INTERNATIONAL AIRPORT, MD US","39.17329","-76.68408","42.0","2022-03-17","0.38","0.0","0.0",,"60","48","    1",,,,,,,,,,,,,
"USW00093721","BALTIMORE WASHINGTON INTERNATIONAL AIRPORT, MD US","39.17329","-76.68408","42.0","2022-03-18","0.00","0.0","0.0",,"76","44","    1","    1",,,,,,,,,,,,
"USW00093721","BALTIMORE WASHINGTON INTERNATIONAL AIRPORT, MD US","39.17329","-76.68408","42.0","2022-03-19","0.00","0.0","0.0",,"77","50","    1",,,,,,,,,,,,,
"USW00093721","BALTIMORE WASHINGTON INTERNATIONAL AIRPORT, MD US","39.17329","-76.68408","42.0","2022-03-20","0.00","0.0","0.0",,"60","47",,,,,,,,,,,,,,
"USW00093721","BALTIMORE WASHINGTON INTERNATIONAL AIRPORT, MD US","39.17329","-76.68408","42.0","2022-03-21","0.00","0.0","0.0",,"69","39",,,,,,,,,,,,,,
"USW00093721","BALTIMORE WASHINGTON INTERNATIONAL AIRPORT, MD US","39.17329","-76.68408","42.0","2022-03-22","0.00","0.0","0.0",,"67","43",,,,,,,,,,,,,,
"USW00093721","BALTIMORE WASHINGTON INTERNATIONAL AIRPORT, MD US","39.17329","-76.68408","42.0","2022-03-23","0.59","0.0","0.0",,"52","47","    1",,"    1",,,,,,,,,,,
"USW00093721","BALTIMORE WASHINGTON INTERNATIONAL AIRPORT, MD US","39.17329","-76.68408","42.0","2022-03-24","0.05","0.0","0.0",,"54","49","    1","    1","    1",,,,,,,,,,,
"USW00093721","BALTIMORE WASHINGTON INTERNATIONAL AIRPORT, MD US","39.17329","-76.68408","42.0","2022-03-25","0.00","0.0","0.0",,"62","42","    1",,,,,,,,,,,,,
"USW00093721","BALTIMORE WASHINGTON INTERNATIONAL AIRPORT, MD US","39.17329","-76.68408","42.0","2022-03-26","0.00","0.0","0.0",,"54","40",,,,,,,,,,,,,,
"USW00093721","BALTIMORE WASHINGTON INTERNATIONAL AIRPORT, MD US","39.17329","-76.68408","42.0","2022-03-27","0.00","0.0","0.0",,"45","31",,,,,,,,,,,,,,
"USW00093721","BALTIMORE WASHINGTON INTERNATIONAL AIRPORT, MD US","39.17329","-76.68408","42.0","2022-03-28","0.00","0.0","0.0",,"38","26",,,,,,,,,,,,,,
"USW00093721","BALTIMORE WASHINGTON INTERNATIONAL AIRPORT, MD US","39.17329","-76.68408","42.0","2022-03-29","0.00","0.0","0.0",,"47","22",,,,,,,,,,,,,,
"USW00093721","BALTIMORE WASHINGTON INTERNATIONAL AIRPORT, MD US","39.17329","-76.68408","42.0","2022-03-30","0.00","0.0","0.0",,"56","28",,,,,,,,,,,,,,
"USW00093721","BALTIMORE WASHINGTON INTERNATIONAL AIRPORT, MD US","39.17329","-76.68408","42.0","2022-03-31","0.75","0.0","0.0",,"75","48","    1","    1","    1",,,,,,,,,,,
"USW00093721","BALTIMORE WASHINGTON INTERNATIONAL AIRPORT, MD US","39.17329","-76.68408","42.0","2022-04-01","0.11","0.0","0.0",,"62","44","    1",,,,,,,,,,,,,
"USW00093721","BALTIMORE WASHINGTON INTERNATIONAL AIRPORT, MD US","39.17329","-76.68408","42.0","2022-04-02","0.00","0.0","0.0",,"58","35",,,,,,,,,,,,,,
"USW00093721","BALTIMORE WASHINGTON INTERNATIONAL AIRPORT, MD US","39.17329","-76.68408","42.0","2022-04-03","0.00","0.0","0.0",,"62","42",,,,,,,,,,,,,,
"USW00093721","BALTIMORE WASHINGTON INTERNATIONAL AIRPORT, MD US","39.17329","-76.68408","42.0","2022-04-04","0.00","0.0","0.0",,"57","35",,,,,,,,,,,,,,
"USW00093721","BALTIMORE WASHINGTON INTERNATIONAL AIRPORT, MD US","39.17329","-76.68408","42.0","2022-04-05","0.66","0.0","0.0",,"54","47","    1",,"    1",,,,,,,,,,,
"USW00093721","BALTIMORE WASHINGTON INTERNATIONAL AIRPORT, MD US","39.17329","-76.68408","42.0","2022-04-06","0.89","0.0","0.0",,"64","52","    1",,,,,,"    1",,,,,,,
"USW00093721","BALTIMORE WASHINGTON INTERNATIONAL AIRPORT, MD US","39.17329","-76.68408","42.0","2022-04-07","0.78","0.0","0.0",,"53","45","    1",,"    1",,,,,,,,,,,
"USW00093721","BALTIMORE WASHINGTON INTERNATIONAL AIRPORT, MD US","39.17329","-76.68408","42.0","2022-04-08","0.10","0.0","0.0",,"66","42",,,,,,,,,,,,,,
"USW00093721","BALTIMORE WASHINGTON INTERNATIONAL AIRPORT, MD US","39.17329","-76.68408","42.0","2022-04-09","0.05","0.0","0.0",,"58","42","    1",,,,,,,,,,,,,
"USW00093721","BALTIMORE WASHINGTON INTERNATIONAL AIRPORT, MD US","39.17329","-76.68408","42.0","2022-04-10","0.00","0.0","0.0",,"53","35",,,,,,,,,,,,,,
"USW00093721","BALTIMORE WASHINGTON INTERNATIONAL AIRPORT, MD US","39.17329","-76.68408","42.0","2022-04-11","0.00","0.0","0.0",,"63","31",,,,,,,,,,,,,,
"USW00093721","BALTIMORE WASHINGTON INTERNATIONAL AIRPORT, MD US","39.17329","-76.68408","42.0","2022-04-12","0.00","0.0","0.0",,"78","50",,,,,,,,,,,,,,
"USW00093721","BALTIMORE WASHINGTON INTERNATIONAL AIRPORT, MD US","39.17329","-76.68408","42.0","2022-04-13","0.00","0.0","0.0",,"87","53",,,,,,,,,,,,,,
"USW00093721","BALTIMORE WASHINGTON INTERNATIONAL AIRPORT, MD US","39.17329","-76.68408","42.0","2022-04-14","0.00","0.0","0.0",,"85","58",,,,,,,,,,,,,,
"USW00093721","BALTIMORE WASHINGTON INTERNATIONAL AIRPORT, MD US","39.17329","-76.68408","42.0","2022-04-15","0.00","0.0","0.0",,"72","43",,,,,,,,,,,,,,
"USW00093721","BALTIMORE WASHINGTON INTERNATIONAL AIRPORT, MD US","39.17329","-76.68408","42.0","2022-04-16","0.01","0.0","0.0",,"79","56",,,,,,,,,,,,,,
"USW00093721","BALTIMORE WASHINGTON INTERNATIONAL AIRPORT, MD US","39.17329","-76.68408","42.0","2022-04-17","0.00","0.0","0.0",,"57","44",,,,,,,,,,,,,,
"USW00093721","BALTIMORE WASHINGTON INTERNATIONAL AIRPORT, MD US","39.17329","-76.68408","42.0","2022-04-18","1.22","0.0","0.0",,"49","41","    1",,,,,,,,,,,,,
"USW00093721","BALTIMORE WASHINGTON INTERNATIONAL AIRPORT, MD US","39.17329","-76.68408","42.0","2022-04-19","0.01","0.0","0.0",,"54","40","    1",,,,,,,,,,,,,
"USW00093721","BALTIMORE WASHINGTON INTERNATIONAL AIRPORT, MD US","39.17329","-76.68408","42.0","2022-04-20","0.00","0.0","0.0",,"62","36",,,,,,,,,,,,,,
"USW00093721","BALTIMORE WASHINGTON INTERNATIONAL AIRPORT, MD US","39.17329","-76.68408","42.0","2022-04-21","0.00","0.0","0.0",,"68","46",,,,,,,,,,,,,,
"USW00093721","BALTIMORE WASHINGTON INTERNATIONAL AIRPORT, MD US","39.17329","-76.68408","42.0","2022-04-22","0.00","0.0","0.0",,"76","45",,,,,,,,,,,,,,
"USW00093721","BALTIMORE WASHINGTON INTERNATIONAL AIRPORT, MD US","39.17329","-76.68408","42.0","2022-04-23","0.00","0.0","0.0",,"73","50",,,,,,,,,,,,,,
"USW00093721","BALTIMORE WASHINGTON INTERNATIONAL AIRPORT, MD US","39.17329","-76.68408","42.0","2022-04-24","0.00","0.0","0.0",,"78","52",,,,,,,,,,,,,,
"USW00093721","BALTIMORE WASHINGTON INTERNATIONAL AIRPORT, MD US","39.17329","-76.68408","42.0","2022-04-25","0.00","0.0","0.0",,"69","53","    1",,,,,,"    1",,,,,,,
"USW00093721","BALTIMORE WASHINGTON INTERNATIONAL AIRPORT, MD US","39.17329","-76.68408","42.0","2022-04-26","0.09","0.0","0.0",,"72","55","    1",,,,,,"    1",,,,,,,
"USW00093721","BALTIMORE WASHINGTON INTERNATIONAL AIRPORT, MD US","39.17329","-76.68408","42.0","2022-04-27","0.00","0.0","0.0",,"60","42",,,,,,,,,,,,,,
"USW00093721","BALTIMORE WASHINGTON INTERNATIONAL AIRPORT, MD US","39.17329","-76.68408","42.0","2022-04-28","0.00","0.0","0.0",,"60","36",,,,,,,,,,,,,,
"USW00093721","BALTIMORE WASHINGTON INTERNATIONAL AIRPORT, MD US","39.17329","-76.68408","42.0","2022-04-29","0.00","0.0","0.0",,"67","32",,,,,,,,,,,,,,
"USW00093721","BALTIMORE WASHINGTON INTERNATIONAL AIRPORT, MD US","39.17329","-76.68408","42.0","2022-04-30","0.00","0.0","0.0",,"71","38",,,,,,,,,,,,,,
"USW00093721","BALTIMORE WASHINGTON INTERNATIONAL AIRPORT, MD US","39.17329","-76.68408","42.0","2022-05-01","0.22","0.0","0.0",,"66","44",,,,,,,,,,,,,,
"USW00093721","BALTIMORE WASHINGTON INTERNATIONAL AIRPORT, MD US","39.17329","-76.68408","42.0","2022-05-02","0.00","0.0","0.0",,"80","52",,,,,,,,,,,,,,
"USW00093721","BALTIMORE WASHINGTON INTERNATIONAL AIRPORT, MD US","39.17329","-76.68408","42.0","2022-05-03","0.16","0.0","0.0",,"72","53","    1",,"    1",,,,"    1",,,,,,,
"USW00093721","BALTIMORE WASHINGTON INTERNATIONAL AIRPORT, MD US","39.17329","-76.68408","42.0","2022-05-04","0.41","0.0","0.0",,"74","53","    1",,"    1",,,,"    1",,,,,,,
"USW00093721","BALTIMORE WASHINGTON INTERNATIONAL AIRPORT, MD US","39.17329","-76.68408","42.0","2022-05-05","0.00","0.0","0.0",,"68","56",,,,,,,,,,,,,,
"USW00093721","BALTIMORE WASHINGTON INTERNATIONAL AIRPORT, MD US","39.17329","-76.68408","42.0","2022-05-06","1.07","0.0","0.0",,"60","52","    1",,,,,,,,,,,,,
"USW00093721","BALTIMORE WASHINGTON INTERNATIONAL AIRPORT, MD US","39.17329","-76.68408","42.0","2022-05-07","1.25","0.0","0.0",,"54","46","    1",,"    1",,,,,,,,,,,
"USW00093721","BALTIMORE WASHINGTON INTERNATIONAL AIRPORT, MD US","39.17329","-76.68408","42.0","2022-05-08","0.00","0.0","0.0",,"58","40","    1",,,,,,"    1",,,,,,,
"USW00093721","BALTIMORE WASHINGTON INTERNATIONAL AIRPORT, MD US","39.17329","-76.68408","42.0","2022-05-09","0.00","0.0","0.0",,"70","39",,,,,,,,,,,,,,
"USW00093721","BALTIMORE WASHINGTON INTERNATIONAL AIRPORT, MD US","39.17329","-76.68408","42.0","2022-05-10","0.00","0.0","0.0",,"74","50",,,,,,,,,,,,,,
"USW00093721","BALTIMORE WASHINGTON INTERNATIONAL AIRPORT, MD US","39.17329","-76.68408","42.0","2022-05-11","0.00","0.0","0.0",,"75","47",,,,,,,,,,,,,,
"USW00093721","BALTIMORE WASHINGTON INTERNATIONAL AIRPORT, MD US","39.17329","-76.68408","42.0","2022-05-12","0.01","0.0","0.0",,"77","56",,,,,,,"    1",,,,,,,
"USW00093721","BALTIMORE WASHINGTON INTERNATIONAL AIRPORT, MD US","39.17329","-76.68408","42.0","2022-05-13","0.58","0.0","0.0",,"74","64","    1",,"    1",,,,"    1",,,,,,,
"USW00093721","BALTIMORE WASHINGTON INTERNATIONAL AIRPORT, MD US","39.17329","-76.68408","42.0","2022-05-14","0.03","0.0","0.0",,"69","64","    1","    1",,,,,,,,,,,,
"USW00093721","BALTIMORE WASHINGTON INTERNATIONAL AIRPORT, MD US","39.17329","-76.68408","42.0","2022-05-15","0.00","0.0","0.0",,"83","64","    1","    1",,,,,,,,,,,,
"USW00093721","BALTIMORE WASHINGTON INTERNATIONAL AIRPORT, MD US","39.17329","-76.68408","42.0","2022-05-16","0.06","0.0","0.0",,"82","57","    1",,,,,,,,,,,,,
"USW00093721","BALTIMORE WASHINGTON INTERNATIONAL AIRPORT, MD US","39.17329","-76.68408","42.0","2022-05-17","0.00","0.0","0.0",,"83","54",,,,,,,,,,,,,,
"USW00093721","BALTIMORE WASHINGTON INTERNATIONAL AIRPORT, MD US","39.17329","-76.68408","42.0","2022-05-18","0.01","0.0","0.0",,"75","52",,,,,,,,,,,,,,
"USW00093721","BALTIMORE WASHINGTON INTERNATIONAL AIRPORT, MD US","39.17329","-76.68408","42.0","2022-05-19","0.13","0.0","0.0",,"84","59","    1",,,,,,,,,,,,,
"USW00093721","BALTIMORE WASHINGTON INTERNATIONAL AIRPORT, MD US","39.17329","-76.68408","42.0","2022-05-20","0.00","0.0","0.0",,"90","58",,,,,,,,,,,,,,
"USW00093721","BALTIMORE WASHINGTON INTERNATIONAL AIRPORT, MD US","39.17329","-76.68408","42.0","2022-05-21","0.00","0.0","0.0",,"95","69",,,,,,,,,,,,,,
"USW00093721","BALTIMORE WASHINGTON INTERNATIONAL AIRPORT, MD US","39.17329","-76.68408","42.0","2022-05-22","0.91","0.0","0.0",,"92","69","    1",,"    1",,,,,,,,,,,
"USW00093721","BALTIMORE WASHINGTON INTERNATIONAL AIRPORT, MD US","39.17329","-76.68408","42.0","2022-05-23","0.00","0.0","0.0",,"75","61",,,,,,,,,,,,,,
"USW00093721","BALTIMORE WASHINGTON INTERNATIONAL AIRPORT, MD US","39.17329","-76.68408","42.0","2022-05-24","0.20","0.0","0.0",,"67","60","    1",,,,,,,,,,,,,
"USW00093721","BALTIMORE WASHINGTON INTERNATIONAL AIRPORT, MD US","39.17329","-76.68408","42.0","2022-05-25","0.00","0.0","0.0",,"74","58",,,,,,,,,,,,,,
"USW00093721","BALTIMORE WASHINGTON INTERNATIONAL AIRPORT, MD US","39.17329","-76.68408","42.0","2022-05-26","0.00","0.0","0.0",,"73","60","    1",,,,,,"    1",,,,,,,
"USW00093721","BALTIMORE WASHINGTON INTERNATIONAL AIRPORT, MD US","39.17329","-76.68408","42.0","2022-05-27","0.32","0.0","0.0",,"79","64","    1",,"    1",,,,,,,,,,,
"USW00093721","BALTIMORE WASHINGTON INTERNATIONAL AIRPORT, MD US","39.17329","-76.68408","42.0","2022-05-28","0.03","0.0","0.0",,"81","63",,,,,,,,,,,,,,
"USW00093721","BALTIMORE WASHINGTON INTERNATIONAL AIRPORT, MD US","39.17329","-76.68408","42.0","2022-05-29","0.00","0.0","0.0",,"83","59",,,,,,,,,,,,,,
"USW00093721","BALTIMORE WASHINGTON INTERNATIONAL AIRPORT, MD US","39.17329","-76.68408","42.0","2022-05-30","0.00","0.0","0.0",,"92","62",,,,,,,,,,,,,,
"USW00093721","BALTIMORE WASHINGTON INTERNATIONAL AIRPORT, MD US","39.17329","-76.68408","42.0","2022-05-31","0.00","0.0","0.0",,"96","67",,,,,,,,,,,,,,
"USW00093721","BALTIMORE WASHINGTON INTERNATIONAL AIRPORT, MD US","39.17329","-76.68408","42.0","2022-06-01","0.00","0.0","0.0",,"94","74",,,,,,,,,,,,,,
"USW00093721","BALTIMORE WASHINGTON INTERNATIONAL AIRPORT, MD US","39.17329","-76.68408","42.0","2022-06-02","0.03","0.0","0.0",,"91","71","    1",,"    1",,,,"    1",,,,,,,
"USW00093721","BALTIMORE WASHINGTON INTERNATIONAL AIRPORT, MD US","39.17329","-76.68408","42.0","2022-06-03","0.00","0.0","0.0",,"81","62",,,,,,,,,,,,,,
"USW00093721","BALTIMORE WASHINGTON INTERNATIONAL AIRPORT, MD US","39.17329","-76.68408","42.0","2022-06-04","0.00","0.0","0.0",,"86","55",,,,,,,,,,,,,,
"USW00093721","BALTIMORE WASHINGTON INTERNATIONAL AIRPORT, MD US","39.17329","-76.68408","42.0","2022-06-05","0.00","0.0","0.0",,"80","59",,,,,,,,,,,,,,
"USW00093721","BALTIMORE WASHINGTON INTERNATIONAL AIRPORT, MD US","39.17329","-76.68408","42.0","2022-06-06","0.00","0.0","0.0",,"83","53",,,,,,,,,,,,,,
"USW00093721","BALTIMORE WASHINGTON INTERNATIONAL AIRPORT, MD US","39.17329","-76.68408","42.0","2022-06-07","0.06","0.0","0.0",,"82","58","    1",,,,,,,,,,,,,
"USW00093721","BALTIMORE WASHINGTON INTERNATIONAL AIRPORT, MD US","39.17329","-76.68408","42.0","2022-06-08","1.35","0.0","0.0",,"90","66","    1",,"    1",,,,,,,,,,,
"USW00093721","BALTIMORE WASHINGTON INTERNATIONAL AIRPORT, MD US","39.17329","-76.68408","42.0","2022-06-09","0.51","0.0","0.0",,"83","61","    1",,"    1",,,,,,,,,,,
"USW00093721","BALTIMORE WASHINGTON INTERNATIONAL AIRPORT, MD US","39.17329","-76.68408","42.0","2022-06-10","0.00","0.0","0.0",,"82","56",,,,,,,,,,,,,,
"USW00093721","BALTIMORE WASHINGTON INTERNATIONAL AIRPORT, MD US","39.17329","-76.68408","42.0","2022-06-11","0.05","0.0","0.0",,"72","65","    1",,,,,,"    1",,,,,,,
"USW00093721","BALTIMORE WASHINGTON INTERNATIONAL AIRPORT, MD US","39.17329","-76.68408","42.0","2022-06-12","0.02","0.0","0.0",,"81","64","    1",,,,,,,,,,,,,
"USW00093721","BALTIMORE WASHINGTON INTERNATIONAL AIRPORT, MD US","39.17329","-76.68408","42.0","2022-06-13","0.00","0.0","0.0",,"92","70","    1",,,,,,,,,,,,,
"USW00093721","BALTIMORE WASHINGTON INTERNATIONAL AIRPORT, MD US","39.17329","-76.68408","42.0","2022-06-14","0.26","0.0","0.0",,"84","68",,,"    1",,,,"    1",,,,,,,
"USW00093721","BALTIMORE WASHINGTON INTERNATIONAL AIRPORT, MD US","39.17329","-76.68408","42.0","2022-06-15","0.00","0.0","0.0",,"89","65",,,,,,,,,,,,,,
"USW00093721","BALTIMORE WASHINGTON INTERNATIONAL AIRPORT, MD US","39.17329","-76.68408","42.0","2022-06-16","0.00","0.0","0.0",,"85","71",,,"    1",,,,,,,,,,,
"USW00093721","BALTIMORE WASHINGTON INTERNATIONAL AIRPORT, MD US","39.17329","-76.68408","42.0","2022-06-17","0.00","0.0","0.0",,"96","71",,,,,,,,,,,,,,
"USW00093721","BALTIMORE WASHINGTON INTERNATIONAL AIRPORT, MD US","39.17329","-76.68408","42.0","2022-06-18","0.00","0.0","0.0",,"77","64",,,,,,,,,,,,,,
"USW00093721","BALTIMORE WASHINGTON INTERNATIONAL AIRPORT, MD US","39.17329","-76.68408","42.0","2022-06-19","0.00","0.0","0.0",,"79","53",,,,,,,,,,,,,,
"USW00093721","BALTIMORE WASHINGTON INTERNATIONAL AIRPORT, MD US","39.17329","-76.68408","42.0","2022-06-20","0.00","0.0","0.0",,"84","51",,,,,,,,,,,,,,
"USW00093721","BALTIMORE WASHINGTON INTERNATIONAL AIRPORT, MD US","39.17329","-76.68408","42.0","2022-06-21","0.00","0.0","0.0",,"85","58",,,,,,,"    1",,,,,,,
"USW00093721","BALTIMORE WASHINGTON INTERNATIONAL AIRPORT, MD US","39.17329","-76.68408","42.0","2022-06-22","0.41","0.0","0.0",,"85","64","    1",,,,,,,,,,,,,
"USW00093721","BALTIMORE WASHINGTON INTERNATIONAL AIRPORT, MD US","39.17329","-76.68408","42.0","2022-06-23","0.25","0.0","0.0",,"73","63","    1",,,,,,,,,,,,,
"USW00093721","BALTIMORE WASHINGTON INTERNATIONAL AIRPORT, MD US","39.17329","-76.68408","42.0","2022-06-24","0.00","0.0","0.0",,"84","61","    1",,,,,,"    1",,,,,,,
"USW00093721","BALTIMORE WASHINGTON INTERNATIONAL AIRPORT, MD US","39.17329","-76.68408","42.0","2022-06-25","0.00","0.0","0.0",,"90","64","    1",,,,,,,,,,,,,
"USW00093721","BALTIMORE WASHINGTON INTERNATIONAL AIRPORT, MD US","39.17329","-76.68408","42.0","2022-06-26","0.00","0.0","0.0",,"91","70",,,,,,,,,,,,,,
"USW00093721","BALTIMORE WASHINGTON INTERNATIONAL AIRPORT, MD US","39.17329","-76.68408","42.0","2022-06-27","0.01","0.0","0.0",,"84","71",,,,,,,,,,,,,,
"USW00093721","BALTIMORE WASHINGTON INTERNATIONAL AIRPORT, MD US","39.17329","-76.68408","42.0","2022-06-28","0.00","0.0","0.0",,"84","55",,,,,,,,,,,,,,
"USW00093721","BALTIMORE WASHINGTON INTERNATIONAL AIRPORT, MD US","39.17329","-76.68408","42.0","2022-06-29","0.00","0.0","0.0",,"89","60",,,,,,,,,,,,,,
"USW00093721","BALTIMORE WASHINGTON INTERNATIONAL AIRPORT, MD US","39.17329","-76.68408","42.0","2022-06-30","0.00","0.0","0.0",,"91","67",,,,,,,,,,,,,,
"USW00093721","BALTIMORE WASHINGTON INTERNATIONAL AIRPORT, MD US","39.17329","-76.68408","42.0","2022-07-01","0.00","0.0","0.0",,"96","72",,,"    1",,,,,,,,,,,
"USW00093721","BALTIMORE WASHINGTON INTERNATIONAL AIRPORT, MD US","39.17329","-76.68408","42.0","2022-07-02","0.13","0.0","0.0",,"94","73",,,"    1",,,,,,,,,,,
"USW00093721","BALTIMORE WASHINGTON INTERNATIONAL AIRPORT, MD US","39.17329","-76.68408","42.0","2022-07-03","0.01","0.0","0.0",,"91","68",,,"    1",,,,,,,,,,,
"USW00093721","BALTIMORE WASHINGTON INTERNATIONAL AIRPORT, MD US","39.17329","-76.68408","42.0","2022-07-04","0.00","0.0","0.0",,"89","66",,,,,,,,,,,,,,
"USW00093721","BALTIMORE WASHINGTON INTERNATIONAL AIRPORT, MD US","39.17329","-76.68408","42.0","2022-07-05","1.06","0.0","0.0",,"88","68","    1",,"    1",,,,,,,,,,,
"USW00093721","BALTIMORE WASHINGTON INTERNATIONAL AIRPORT, MD US","39.17329","-76.68408","42.0","2022-07-06","0.49","0.0","0.0",,"93","73","    1",,"    1",,,,"    1",,,,,,,
"USW00093721","BALTIMORE WASHINGTON INTERNATIONAL AIRPORT, MD US","39.17329","-76.68408","42.0","2022-07-07","2.46","0.0","0.0",,"82","72","    1","    1","    1",,,,,,,,,,,
"USW00093721","BALTIMORE WASHINGTON INTERNATIONAL AIRPORT, MD US","39.17329","-76.68408","42.0","2022-07-08","0.00","0.0","0.0",,"88","70",,,,,,,,,,,,,,
"USW00093721","BALTIMORE WASHINGTON INTERNATIONAL AIRPORT, MD US","39.17329","-76.68408","42.0","2022-07-09","1.36","0.0","0.0",,"76","70","    1",,,,,,,,,,,,,
"USW00093721","BALTIMORE WASHINGTON INTERNATIONAL AIRPORT, MD US","39.17329","-76.68408","42.0","2022-07-10","0.00","0.0","0.0",,"83","65",,,,,,,,,,,,,,
"USW00093721","BALTIMORE WASHINGTON INTERNATIONAL AIRPORT, MD US","39.17329","-76.68408","42.0","2022-07-11","0.00","0.0","0.0",,"86","61","    1",,,,,,,,,,,,,
"USW00093721","BALTIMORE WASHINGTON INTERNATIONAL AIRPORT, MD US","39.17329","-76.68408","42.0","2022-07-12","0.02","0.0","0.0",,"92","67",,,"    1",,,,,,,,,,,
"USW00093721","BALTIMORE WASHINGTON INTERNATIONAL AIRPORT, MD US","39.17329","-76.68408","42.0","2022-07-13","0.00","0.0","0.0",,"92","69",,,,,,,,,,,,,,
"USW00093721","BALTIMORE WASHINGTON INTERNATIONAL AIRPORT, MD US","39.17329","-76.68408","42.0","2022-07-14","0.00","0.0","0.0",,"90","69",,,,,,,,,,,,,,
"USW00093721","BALTIMORE WASHINGTON INTERNATIONAL AIRPORT, MD US","39.17329","-76.68408","42.0","2022-07-15","0.00","0.0","0.0",,"89","68",,,,,,,,,,,,,,
"USW00093721","BALTIMORE WASHINGTON INTERNATIONAL AIRPORT, MD US","39.17329","-76.68408","42.0","2022-07-16","0.08","0.0","0.0",,"87","68","    1",,"    1",,,,"    1",,,,,,,
"USW00093721","BALTIMORE WASHINGTON INTERNATIONAL AIRPORT, MD US","39.17329","-76.68408","42.0","2022-07-17","0.00","0.0","0.0",,"85","70","    1","    1","    1",,,,"    1",,,,,,,
"USW00093721","BALTIMORE WASHINGTON INTERNATIONAL AIRPORT, MD US","39.17329","-76.68408","42.0","2022-07-18","0.37","0.0","0.0",,"94","74","    1",,"    1",,,,,,,,,,,
"USW00093721","BALTIMORE WASHINGTON INTERNATIONAL AIRPORT, MD US","39.17329","-76.68408","42.0","2022-07-19","0.00","0.0","0.0",,"92","73",,,,,,,,,,,,,,
"USW00093721","BALTIMORE WASHINGTON INTERNATIONAL AIRPORT, MD US","39.17329","-76.68408","42.0","2022-07-20","0.00","0.0","0.0",,"95","72",,,,,,,,,,,,,,
"USW00093721","BALTIMORE WASHINGTON INTERNATIONAL AIRPORT, MD US","39.17329","-76.68408","42.0","2022-07-21","0.00","0.0","0.0",,"94","79",,,,,,,,,,,,,,
"USW00093721","BALTIMORE WASHINGTON INTERNATIONAL AIRPORT, MD US","39.17329","-76.68408","42.0","2022-07-22","0.00","0.0","0.0",,"96","74",,,,,,,,,,,,,,
"USW00093721","BALTIMORE WASHINGTON INTERNATIONAL AIRPORT, MD US","39.17329","-76.68408","42.0","2022-07-23","0.00","0.0","0.0",,"98","76",,,,,,,,,,,,,,
"USW00093721","BALTIMORE WASHINGTON INTERNATIONAL AIRPORT, MD US","39.17329","-76.68408","42.0","2022-07-24","0.00","0.0","0.0",,"97","69",,,,,,,,,,,,,,
"USW00093721","BALTIMORE WASHINGTON INTERNATIONAL AIRPORT, MD US","39.17329","-76.68408","42.0","2022-07-25","0.00","0.0","0.0",,"92","75",,,"    1",,,,,,,,,,,
"USW00093721","BALTIMORE WASHINGTON INTERNATIONAL AIRPORT, MD US","39.17329","-76.68408","42.0","2022-07-26","0.00","0.0","0.0",,"81","73",,,,,,,,,,,,,,
"USW00093721","BALTIMORE WASHINGTON INTERNATIONAL AIRPORT, MD US","39.17329","-76.68408","42.0","2022-07-27","0.00","0.0","0.0",,"91","71",,,,,,,,,,,,,,
"USW00093721","BALTIMORE WASHINGTON INTERNATIONAL AIRPORT, MD US","39.17329","-76.68408","42.0","2022-07-28","0.15","0.0","0.0",,"95","73",,,"    1",,,,,,,,,,,
"USW00093721","BALTIMORE WASHINGTON INTERNATIONAL AIRPORT, MD US","39.17329","-76.68408","42.0","2022-07-29","0.00","0.0","0.0",,"89","70",,,,,,,,,,,,,,
"USW00093721","BALTIMORE WASHINGTON INTERNATIONAL AIRPORT, MD US","39.17329","-76.68408","42.0","2022-07-30","0.00","0.0","0.0",,"91","71",,,,,,,,,,,,,,
"USW00093721","BALTIMORE WASHINGTON INTERNATIONAL AIRPORT, MD US","39.17329","-76.68408","42.0","2022-07-31","0.12","0.0","0.0",,"89","68","    1",,,,,,,,,,,,,
"USW00093721","BALTIMORE WASHINGTON INTERNATIONAL AIRPORT, MD US","39.17329","-76.68408","42.0","2022-08-01","0.14","0.0","0.0",,"89","71","    1",,,,,,,,,,,,,
"USW00093721","BALTIMORE WASHINGTON INTERNATIONAL AIRPORT, MD US","39.17329","-76.68408","42.0","2022-08-02","0.00","0.0","0.0",,"94","71",,,,,,,,,,,,,,
"USW00093721","BALTIMORE WASHINGTON INTERNATIONAL AIRPORT, MD US","39.17329","-76.68408","42.0","2022-08-03","0.00","0.0","0.0",,"94","70",,,,,,,,,,,,,,
"USW00093721","BALTIMORE WASHINGTON INTERNATIONAL AIRPORT, MD US","39.17329","-76.68408","42.0","2022-08-04","1.22","0.0","0.0",,"99","73","    1",,"    1",,,,"    1",,,,,,,
"USW00093721","BALTIMORE WASHINGTON INTERNATIONAL AIRPORT, MD US","39.17329","-76.68408","42.0","2022-08-05","0.28","0.0","0.0",,"92","73","    1",,"    1",,,,"    1",,,,,,,
"USW00093721","BALTIMORE WASHINGTON INTERNATIONAL AIRPORT, MD US","39.17329","-76.68408","42.0","2022-08-06","0.00","0.0","0.0",,"90","73",,,,,,,,,,,,,,
"USW00093721","BALTIMORE WASHINGTON INTERNATIONAL AIRPORT, MD US","39.17329","-76.68408","42.0","2022-08-07","0.00","0.0","0.0",,"93","75",,,,,,,,,,,,,,
"USW00093721","BALTIMORE WASHINGTON INTERNATIONAL AIRPORT, MD US","39.17329","-76.68408","42.0","2022-08-08","0.00","0.0","0.0",,"94","77",,,"    1",,,,,,,,,,,
"USW00093721","BALTIMORE WASHINGTON INTERNATIONAL AIRPORT, MD US","39.17329","-76.68408","42.0","2022-08-09","0.03","0.0","0.0",,"97","77",,,"    1",,,,,,,,,,,
"USW00093721","BALTIMORE WASHINGTON INTERNATIONAL AIRPORT, MD US","39.17329","-76.68408","42.0","2022-08-10","0.81","0.0","0.0",,"94","73","    1",,"    1",,,,,,,,,,,
"USW00093721","BALTIMORE WASHINGTON INTERNATIONAL AIRPORT, MD US","39.17329","-76.68408","42.0","2022-08-11","0.01","0.0","0.0",,"88","73","    1",,,,,,,,,,,,,
"USW00093721","BALTIMORE WASHINGTON INTERNATIONAL AIRPORT, MD US","39.17329","-76.68408","42.0","2022-08-12","0.00","0.0","0.0",,"85","63",,,,,,,,,,,,,,
"USW00093721","BALTIMORE WASHINGTON INTERNATIONAL AIRPORT, MD US","39.17329","-76.68408","42.0","2022-08-13","0.00","0.0","0.0",,"84","58",,,,,,,,,,,,,,
"USW00093721","BALTIMORE WASHINGTON INTERNATIONAL AIRPORT, MD US","39.17329","-76.68408","42.0","2022-08-14","0.01","0.0","0.0",,"84","65",,,,,,,,,,,,,,
"USW00093721","BALTIMORE WASHINGTON INTERNATIONAL AIRPORT, MD US","39.17329","-76.68408","42.0","2022-08-15","0.06","0.0","0.0",,"81","66","    1",,,,,,,,,,,,,
"USW00093721","BALTIMORE WASHINGTON INTERNATIONAL AIRPORT, MD US","39.17329","-76.68408","42.0","2022-08-16","0.00","0.0","0.0",,"83","65",,,,,,,"    1",,,,,,,
"USW00093721","BALTIMORE WASHINGTON INTERNATIONAL AIRPORT, MD US","39.17329","-76.68408","42.0","2022-08-17","0.40","0.0","0.0",,"84","60","    1",,"    1",,"    1",,"    1",,,,,,,
"USW00093721","BALTIMORE WASHINGTON INTERNATIONAL AIRPORT, MD US","39.17329","-76.68408","42.0","2022-08-18","0.00","0.0","0.0",,"86","60",,,,,,,,,,,,,,
"USW00093721","BALTIMORE WASHINGTON INTERNATIONAL AIRPORT, MD US","39.17329","-76.68408","42.0","2022-08-19","0.00","0.0","0.0",,"89","63",,,,,,,"    1",,,,,,,
"USW00093721","BALTIMORE WASHINGTON INTERNATIONAL AIRPORT, MD US","39.17329","-76.68408","42.0","2022-08-20","0.00","0.0","0.0",,"88","67",,,,,,,"    1",,,,,,,
"USW00093721","BALTIMORE WASHINGTON INTERNATIONAL AIRPORT, MD US","39.17329","-76.68408","42.0","2022-08-21","0.30","0.0","0.0",,"83","68","    1",,"    1",,,,,,,,,,,
"USW00093721","BALTIMORE WASHINGTON INTERNATIONAL AIRPORT, MD US","39.17329","-76.68408","42.0","2022-08-22","0.19","0.0","0.0",,"88","72","    1",,,,,,"    1",,,,,,,
"USW00093721","BALTIMORE WASHINGTON INTERNATIONAL AIRPORT, MD US","39.17329","-76.68408","42.0","2022-08-23","0.00","0.0","0.0",,"88","69",,,,,,,,,,,,,,
"USW00093721","BALTIMORE WASHINGTON INTERNATIONAL AIRPORT, MD US","39.17329","-76.68408","42.0","2022-08-24","0.00","0.0","0.0",,"89","67",,,,,,,,,,,,,,
"USW00093721","BALTIMORE WASHINGTON INTERNATIONAL AIRPORT, MD US","39.17329","-76.68408","42.0","2022-08-25","0.04","0.0","0.0",,"91","65",,,"    1",,,,,,,,,,,
"USW00093721","BALTIMORE WASHINGTON INTERNATIONAL AIRPORT, MD US","39.17329","-76.68408","42.0","2022-08-26","0.00","0.0","0.0",,"92","71",,,,,,,,,,,,,,
"USW00093721","BALTIMORE WASHINGTON INTERNATIONAL AIRPORT, MD US","39.17329","-76.68408","42.0","2022-08-27","0.16","0.0","0.0",,"90","69",,,,,,,"    1",,,,,,,
"USW00093721","BALTIMORE WASHINGTON INTERNATIONAL AIRPORT, MD US","39.17329","-76.68408","42.0","2022-08-28","0.00","0.0","0.0",,"90","69",,,,,,,,,,,,,,
"USW00093721","BALTIMORE WASHINGTON INTERNATIONAL AIRPORT, MD US","39.17329","-76.68408","42.0","2022-08-29","0.00","0.0","0.0",,"91","73",,,,,,,,,,,,,,
"USW00093721","BALTIMORE WASHINGTON INTERNATIONAL AIRPORT, MD US","39.17329","-76.68408","42.0","2022-08-30","0.06","0.0","0.0",,"95","71",,,,,,,,,,,,,,
"USW00093721","BALTIMORE WASHINGTON INTERNATIONAL AIRPORT, MD US","39.17329","-76.68408","42.0","2022-08-31","0.00","0.0","0.0",,"87","64",,,,,,,,,,,,,,
"USW00093721","BALTIMORE WASHINGTON INTERNATIONAL AIRPORT, MD US","39.17329","-76.68408","42.0","2022-09-01","0.00","0.0","0.0",,"90","62",,,,,,,,,,,,,,
"USW00093721","BALTIMORE WASHINGTON INTERNATIONAL AIRPORT, MD US","39.17329","-76.68408","42.0","2022-09-02","0.00","0.0","0.0",,"87","64",,,,,,,,,,,,,,
"USW00093721","BALTIMORE WASHINGTON INTERNATIONAL AIRPORT, MD US","39.17329","-76.68408","42.0","2022-09-03","0.00","0.0","0.0",,"88","67",,,,,,,,,,,,,,
"USW00093721","BALTIMORE WASHINGTON INTERNATIONAL AIRPORT, MD US","39.17329","-76.68408","42.0","2022-09-04","0.00","0.0","0.0",,"91","67",,,,,,,,,,,,,,
"USW00093721","BALTIMORE WASHINGTON INTERNATIONAL AIRPORT, MD US","39.17329","-76.68408","42.0","2022-09-05","0.10","0.0","0.0",,"87","71","    1",,,,,,,,,,,,,
"USW00093721","BALTIMORE WASHINGTON INTERNATIONAL AIRPORT, MD US","39.17329","-76.68408","42.0","2022-09-06","1.38","0.0","0.0",,"84","72","    1",,,,,,,,,,,,,
"USW00093721","BALTIMORE WASHINGTON INTERNATIONAL AIRPORT, MD US","39.17329","-76.68408","42.0","2022-09-07","0.05","0.0","0.0",,"73","69","    1",,,,,,"    1",,,,,,,
"USW00093721","BALTIMORE WASHINGTON INTERNATIONAL AIRPORT, MD US","39.17329","-76.68408","42.0","2022-09-08","0.00","0.0","0.0",,"82","65",,,,,,,,,,,,,,
"USW00093721","BALTIMORE WASHINGTON INTERNATIONAL AIRPORT, MD US","39.17329","-76.68408","42.0","2022-09-09","0.00","0.0","0.0",,"83","61",,,,,,,,,,,,,,
"USW00093721","BALTIMORE WASHINGTON INTERNATIONAL AIRPORT, MD US","39.17329","-76.68408","42.0","2022-09-10","0.00","0.0","0.0",,"83","60","    1",,,,,,,,,,,,,
"USW00093721","BALTIMORE WASHINGTON INTERNATIONAL AIRPORT, MD US","39.17329","-76.68408","42.0","2022-09-11","1.12","0.0","0.0",,"79","70","    1",,,,,,,,,,,,,
"USW00093721","BALTIMORE WASHINGTON INTERNATIONAL AIRPORT, MD US","39.17329","-76.68408","42.0","2022-09-12","0.24","0.0","0.0",,"83","72","    1",,"    1",,,,"    1",,,,,,,
"USW00093721","BALTIMORE WASHINGTON INTERNATIONAL AIRPORT, MD US","39.17329","-76.68408","42.0","2022-09-13","0.00","0.0","0.0",,"82","64",,,,,,,,,,,,,,
"USW00093721","BALTIMORE WASHINGTON INTERNATIONAL AIRPORT, MD US","39.17329","-76.68408","42.0","2022-09-14","0.00","0.0","0.0",,"82","57",,,,,,,"    1",,,,,,,
"USW00093721","BALTIMORE WASHINGTON INTERNATIONAL AIRPORT, MD US","39.17329","-76.68408","42.0","2022-09-15","0.00","0.0","0.0",,"80","56",,,,,,,,,,,,,,
"USW00093721","BALTIMORE WASHINGTON INTERNATIONAL AIRPORT, MD US","39.17329","-76.68408","42.0","2022-09-16","0.00","0.0","0.0",,"81","53",,,,,,,,,,,,,,
"USW00093721","BALTIMORE WASHINGTON INTERNATIONAL AIRPORT, MD US","39.17329","-76.68408","42.0","2022-09-17","0.00","0.0","0.0",,"83","56",,,,,,,,,,,,,,
"USW00093721","BALTIMORE WASHINGTON INTERNATIONAL AIRPORT, MD US","39.17329","-76.68408","42.0","2022-09-18","0.00","0.0","0.0",,"85","59","    1",,,,,,,,,,,,,
"USW00093721","BALTIMORE WASHINGTON INTERNATIONAL AIRPORT, MD US","39.17329","-76.68408","42.0","2022-09-19","0.00","0.0","0.0",,"87","64",,,,,,,,,,,,,,
"USW00093721","BALTIMORE WASHINGTON INTERNATIONAL AIRPORT, MD US","39.17329","-76.68408","42.0","2022-09-20","0.00","0.0","0.0",,"85","64",,,,,,,,,,,,,,
"USW00093721","BALTIMORE WASHINGTON INTERNATIONAL AIRPORT, MD US","39.17329","-76.68408","42.0","2022-09-21","0.00","0.0","0.0",,"87","59",,,,,,,,,,,,,,
"USW00093721","BALTIMORE WASHINGTON INTERNATIONAL AIRPORT, MD US","39.17329","-76.68408","42.0","2022-09-22","0.22","0.0","0.0",,"83","59","    1",,,,,,,,,,,,,
"USW00093721","BALTIMORE WASHINGTON INTERNATIONAL AIRPORT, MD US","39.17329","-76.68408","42.0","2022-09-23","0.00","0.0","0.0",,"69","53",,,,,,,,,,,,,,
"USW00093721","BALTIMORE WASHINGTON INTERNATIONAL AIRPORT, MD US","39.17329","-76.68408","42.0","2022-09-24","0.00","0.0","0.0",,"72","47",,,,,,,,,,,,,,
"USW00093721","BALTIMORE WASHINGTON INTERNATIONAL AIRPORT, MD US","39.17329","-76.68408","42.0","2022-09-25","0.01","0.0","0.0",,"80","57",,,"    1",,,,,,,,,,,
"USW00093721","BALTIMORE WASHINGTON INTERNATIONAL AIRPORT, MD US","39.17329","-76.68408","42.0","2022-09-26","0.00","0.0","0.0",,"79","56",,,,,,,,,,,,,,
"USW00093721","BALTIMORE WASHINGTON INTERNATIONAL AIRPORT, MD US","39.17329","-76.68408","42.0","2022-09-27","0.00","0.0","0.0",,"74","52",,,,,,,,,,,,,,
"USW00093721","BALTIMORE WASHINGTON INTERNATIONAL AIRPORT, MD US","39.17329","-76.68408","42.0","2022-09-28","0.00","0.0","0.0",,"73","47",,,,,,,,,,,,,,
"USW00093721","BALTIMORE WASHINGTON INTERNATIONAL AIRPORT, MD US","39.17329","-76.68408","42.0","2022-09-29","0.00","0.0","0.0",,"70","54",,,,,,,,,,,,,,
"USW00093721","BALTIMORE WASHINGTON INTERNATIONAL AIRPORT, MD US","39.17329","-76.68408","42.0","2022-09-30","0.23","0.0","0.0",,"63","56","    1",,,,,,,,,,,,,
"USW00093721","BALTIMORE WASHINGTON INTERNATIONAL AIRPORT, MD US","39.17329","-76.68408","42.0","2022-10-01","0.66","0.0","0.0",,"62","56","    1",,,,,,,,,,,,,
"USW00093721","BALTIMORE WASHINGTON INTERNATIONAL AIRPORT, MD US","39.17329","-76.68408","42.0","2022-10-02","0.77","0.0","0.0",,"61","52","    1",,,,,,,,,,,,,
"USW00093721","BALTIMORE WASHINGTON INTERNATIONAL AIRPORT, MD US","39.17329","-76.68408","42.0","2022-10-03","0.59","0.0","0.0",,"55","47","    1",,,,,,,,,,,,,
"USW00093721","BALTIMORE WASHINGTON INTERNATIONAL AIRPORT, MD US","39.17329","-76.68408","42.0","2022-10-04","1.23","0.0","0.0",,"55","47","    1",,,,,,,,,,,,,
"USW00093721","BALTIMORE WASHINGTON INTERNATIONAL AIRPORT, MD US","39.17329","-76.68408","42.0","2022-10-05","0.26","0.0","0.0",,"65","51","    1",,,,,,,,,,,,,
"USW00093721","BALTIMORE WASHINGTON INTERNATIONAL AIRPORT, MD US","39.17329","-76.68408","42.0","2022-10-06","0.00","0.0","0.0",,"79","49",,,,,,,,,,,,,,
"USW00093721","BALTIMORE WASHINGTON INTERNATIONAL AIRPORT, MD US","39.17329","-76.68408","42.0","2022-10-07","0.00","0.0","0.0",,"79","52",,,,,,,,,,,,,,
"USW00093721","BALTIMORE WASHINGTON INTERNATIONAL AIRPORT, MD US","39.17329","-76.68408","42.0","2022-10-08","0.00","0.0","0.0",,"60","41",,,,,,,,,,,,,,
"USW00093721","BALTIMORE WASHINGTON INTERNATIONAL AIRPORT, MD US","39.17329","-76.68408","42.0","2022-10-09","0.00","0.0","0.0",,"65","36",,,,,,,,,,,,,,
"USW00093721","BALTIMORE WASHINGTON INTERNATIONAL AIRPORT, MD US","39.17329","-76.68408","42.0","2022-10-10","0.00","0.0","0.0",,"71","39",,,,,,,,,,,,,,
"USW00093721","BALTIMORE WASHINGTON INTERNATIONAL AIRPORT, MD US","39.17329","-76.68408","42.0","2022-10-11","0.00","0.0","0.0",,"75","42",,,,,,,,,,,,,,
"USW00093721","BALTIMORE WASHINGTON INTERNATIONAL AIRPORT, MD US","39.17329","-76.68408","42.0","2022-10-12","0.00","0.0","0.0",,"73","46","    1",,,,,,,,,,,,,
"USW00093721","BALTIMORE WASHINGTON INTERNATIONAL AIRPORT, MD US","39.17329","-76.68408","42.0","2022-10-13","0.76","0.0","0.0",,"70","56","    1",,,,,,,,,,,,,
"USW00093721","BALTIMORE WASHINGTON INTERNATIONAL AIRPORT, MD US","39.17329","-76.68408","42.0","2022-10-14","0.02","0.0","0.0",,"70","47","    1",,,,,,,,,,,,,
"USW00093721","BALTIMORE WASHINGTON INTERNATIONAL AIRPORT, MD US","39.17329","-76.68408","42.0","2022-10-15","0.00","0.0","0.0",,"76","42",,,,,,,,,,,,,,
"USW00093721","BALTIMORE WASHINGTON INTERNATIONAL AIRPORT, MD US","39.17329","-76.68408","42.0","2022-10-16","0.00","0.0","0.0",,"73","50",,,,,,,,,,,,,,
"USW00093721","BALTIMORE WASHINGTON INTERNATIONAL AIRPORT, MD US","39.17329","-76.68408","42.0","2022-10-17","0.00","0.0","0.0",,"71","50",,,,,,,,,,,,,,
"USW00093721","BALTIMORE WASHINGTON INTERNATIONAL AIRPORT, MD US","39.17329","-76.68408","42.0","2022-10-18","0.00","0.0","0.0",,"56","37",,,,,,,,,,,,,,
"USW00093721","BALTIMORE WASHINGTON INTERNATIONAL AIRPORT, MD US","39.17329","-76.68408","42.0","2022-10-19","0.00","0.0","0.0",,"58","34",,,,,,,,,,,,,,
"USW00093721","BALTIMORE WASHINGTON INTERNATIONAL AIRPORT, MD US","39.17329","-76.68408","42.0","2022-10-20","0.00","0.0","0.0",,"62","35",,,,,,,,,,,,,,
"USW00093721","BALTIMORE WASHINGTON INTERNATIONAL AIRPORT, MD US","39.17329","-76.68408","42.0","2022-10-21","0.00","0.0","0.0",,"68","35",,,,,,,,,,,,,,
"USW00093721","BALTIMORE WASHINGTON INTERNATIONAL AIRPORT, MD US","39.17329","-76.68408","42.0","2022-10-22","0.00","0.0","0.0",,"71","37","    1",,,,,,,,,,,,,
"USW00093721","BALTIMORE WASHINGTON INTERNATIONAL AIRPORT, MD US","39.17329","-76.68408","42.0","2022-10-23","0.16","0.0","0.0",,"67","42","    1",,,,,,,,,,,,,
"USW00093721","BALTIMORE WASHINGTON INTERNATIONAL AIRPORT, MD US","39.17329","-76.68408","42.0","2022-10-24","0.03","0.0","0.0",,"63","57","    1",,,,,,,,,,,,,
"USW00093721","BALTIMORE WASHINGTON INTERNATIONAL AIRPORT, MD US","39.17329","-76.68408","42.0","2022-10-25","0.00","0.0","0.0",,"64","58","    1",,,,,,"    1",,,,,,,
"USW00093721","BALTIMORE WASHINGTON INTERNATIONAL AIRPORT, MD US","39.17329","-76.68408","42.0","2022-10-26","0.08","0.0","0.0",,"68","55","    1",,,,,,,,,,,,,
"USW00093721","BALTIMORE WASHINGTON INTERNATIONAL AIRPORT, MD US","39.17329","-76.68408","42.0","2022-10-27","0.00","0.0","0.0",,"67","49",,,,,,,,,,,,,,
"USW00093721","BALTIMORE WASHINGTON INTERNATIONAL AIRPORT, MD US","39.17329","-76.68408","42.0","2022-10-28","0.00","0.0","0.0",,"60","45",,,,,,,,,,,,,,
"USW00093721","BALTIMORE WASHINGTON INTERNATIONAL AIRPORT, MD US","39.17329","-76.68408","42.0","2022-10-29","0.00","0.0","0.0",,"64","39",,,,,,,,,,,,,,
"USW00093721","BALTIMORE WASHINGTON INTERNATIONAL AIRPORT, MD US","39.17329","-76.68408","42.0","2022-10-30","0.00","0.0","0.0",,"62","36",,,,,,,,,,,,,,
"USW00093721","BALTIMORE WASHINGTON INTERNATIONAL AIRPORT, MD US","39.17329","-76.68408","42.0","2022-10-31","0.10","0.0","0.0",,"67","46","    1",,,,,,,,,,,,,
"USW00093721","BALTIMORE WASHINGTON INTERNATIONAL AIRPORT, MD US","39.17329","-76.68408","42.0","2022-11-01","0.00","0.0","0.0",,"76","55","    1","    1",,,,,,,,,,,,
"USW00093721","BALTIMORE WASHINGTON INTERNATIONAL AIRPORT, MD US","39.17329","-76.68408","42.0","2022-11-02","0.00","0.0","0.0",,"69","50",,,,,,,,,,,,,,
"USW00093721","BALTIMORE WASHINGTON INTERNATIONAL AIRPORT, MD US","39.17329","-76.68408","42.0","2022-11-03","0.00","0.0","0.0",,"69","46","    1",,,,,,,,,,,,,
"USW00093721","BALTIMORE WASHINGTON INTERNATIONAL AIRPORT, MD US","39.17329","-76.68408","42.0","2022-11-04","0.00","0.0","0.0",,"72","46","    1","    1",,,,,"    1",,,,,,,
"USW00093721","BALTIMORE WASHINGTON INTERNATIONAL AIRPORT, MD US","39.17329","-76.68408","42.0","2022-11-05","0.00","0.0","0.0",,"80","58","    1",,,,,,,,,,,,,
"USW00093721","BALTIMORE WASHINGTON INTERNATIONAL AIRPORT, MD US","39.17329","-76.68408","42.0","2022-11-06","0.05","0.0","0.0",,"78","64","    1",,,,,,,,,,,,,
"USW00093721","BALTIMORE WASHINGTON INTERNATIONAL AIRPORT, MD US","39.17329","-76.68408","42.0","2022-11-07","0.00","0.0","0.0",,"81","57",,,,,,,,,,,,,,
"USW00093721","BALTIMORE WASHINGTON INTERNATIONAL AIRPORT, MD US","39.17329","-76.68408","42.0","2022-11-08","0.00","0.0","0.0",,"62","48",,,,,,,,,,,,,,
"USW00093721","BALTIMORE WASHINGTON INTERNATIONAL AIRPORT, MD US","39.17329","-76.68408","42.0","2022-11-09","0.00","0.0","0.0",,"58","42",,,,,,,,,,,,,,
"USW00093721","BALTIMORE WASHINGTON INTERNATIONAL AIRPORT, MD US","39.17329","-76.68408","42.0","2022-11-10","0.00","0.0","0.0",,"69","40",,,,,,,,,,,,,,
"USW00093721","BALTIMORE WASHINGTON INTERNATIONAL AIRPORT, MD US","39.17329","-76.68408","42.0","2022-11-11","0.64","0.0","0.0",,"71","59","    1",,,,,,,,,,,,,
"USW00093721","BALTIMORE WASHINGTON INTERNATIONAL AIRPORT, MD US","39.17329","-76.68408","42.0","2022-11-12","0.11","0.0","0.0",,"72","53","    1",,,,,,,,,,,,,
"USW00093721","BALTIMORE WASHINGTON INTERNATIONAL AIRPORT, MD US","39.17329","-76.68408","42.0","2022-11-13","0.01","0.0","0.0",,"53","37",,,,,,,,,,,,,,
"USW00093721","BALTIMORE WASHINGTON INTERNATIONAL AIRPORT, MD US","39.17329","-76.68408","42.0","2022-11-14","0.00","0.0","0.0",,"50","32",,,,,,,,,,,,,,
"USW00093721","BALTIMORE WASHINGTON INTERNATIONAL AIRPORT, MD US","39.17329","-76.68408","42.0","2022-11-15","1.01","0.0","0.0",,"44","30","    1",,,,,,,,,,,,,
"USW00093721","BALTIMORE WASHINGTON INTERNATIONAL AIRPORT, MD US","39.17329","-76.68408","42.0","2022-11-16","0.01","0.0","0.0",,"52","40","    1",,,,,,,,,,,,,
"USW00093721","BALTIMORE WASHINGTON INTERNATIONAL AIRPORT, MD US","39.17329","-76.68408","42.0","2022-11-17","0.00","0.0","0.0",,"45","33",,,,,,,,,,,,,,
"USW00093721","BALTIMORE WASHINGTON INTERNATIONAL AIRPORT, MD US","39.17329","-76.68408","42.0","2022-11-18","0.00","0.0","0.0",,"48","32",,,,,,,,,,,,,,
"USW00093721","BALTIMORE WASHINGTON INTERNATIONAL AIRPORT, MD US","39.17329","-76.68408","42.0","2022-11-19","0.00","0.0","0.0",,"46","29",,,,,,,,,,,,,,
"USW00093721","BALTIMORE WASHINGTON INTERNATIONAL AIRPORT, MD US","39.17329","-76.68408","42.0","2022-11-20","0.00","0.0","0.0",,"38","22",,,,,,,,,,,,,,
"USW00093721","BALTIMORE WASHINGTON INTERNATIONAL AIRPORT, MD US","39.17329","-76.68408","42.0","2022-11-21","0.00","0.0","0.0",,"49","19",,,,,,,,,,,,,,
"USW00093721","BALTIMORE WASHINGTON INTERNATIONAL AIRPORT, MD US","39.17329","-76.68408","42.0","2022-11-22","0.00","0.0","0.0",,"59","25",,,,,,,,,,,,,,
"USW00093721","BALTIMORE WASHINGTON INTERNATIONAL AIRPORT, MD US","39.17329","-76.68408","42.0","2022-11-23","0.00","0.0","0.0",,"63","29",,,,,,,,,,,,,,
"USW00093721","BALTIMORE WASHINGTON INTERNATIONAL AIRPORT, MD US","39.17329","-76.68408","42.0","2022-11-24","0.00","0.0","0.0",,"60","29",,,,,,,,,,,,,,
"USW00093721","BALTIMORE WASHINGTON INTERNATIONAL AIRPORT, MD US","39.17329","-76.68408","42.0","2022-11-25","0.08","0.0","0.0",,"62","38","    1",,,,,,,,,,,,,
"USW00093721","BALTIMORE WASHINGTON INTERNATIONAL AIRPORT, MD US","39.17329","-76.68408","42.0","2022-11-26","0.00","0.0","0.0",,"60","36",,,,,,,,,,,,,,
"USW00093721","BALTIMORE WASHINGTON INTERNATIONAL AIRPORT, MD US","39.17329","-76.68408","42.0","2022-11-27","0.27","0.0","0.0",,"59","39","    1",,,,,,,,,,,,,
"USW00093721","BALTIMORE WASHINGTON INTERNATIONAL AIRPORT, MD US","39.17329","-76.68408","42.0","2022-11-28","0.00","0.0","0.0",,"56","43","    1","    1",,,,,,,,,,,,
"USW00093721","BALTIMORE WASHINGTON INTERNATIONAL AIRPORT, MD US","39.17329","-76.68408","42.0","2022-11-29","0.00","0.0","0.0",,"51","32",,,,,,,,,,,,,,
"USW00093721","BALTIMORE WASHINGTON INTERNATIONAL AIRPORT, MD US","39.17329","-76.68408","42.0","2022-11-30","0.26","0.0","0.0",,"59","39","    1",,,,,,,,,,,,,
"USW00093721","BALTIMORE WASHINGTON INTERNATIONAL AIRPORT, MD US","39.17329","-76.68408","42.0","2022-12-01","0.00","0.0","0.0",,"45","27",,,,,,,,,,,,,,
"USW00093721","BALTIMORE WASHINGTON INTERNATIONAL AIRPORT, MD US","39.17329","-76.68408","42.0","2022-12-02","0.00","0.0","0.0",,"50","23",,,,,,,"    1",,,,,,,
"USW00093721","BALTIMORE WASHINGTON INTERNATIONAL AIRPORT, MD US","39.17329","-76.68408","42.0","2022-12-03","0.47","0.0","0.0",,"62","42","    1",,,,,,,,,,,,,
"USW00093721","BALTIMORE WASHINGTON INTERNATIONAL AIRPORT, MD US","39.17329","-76.68408","42.0","2022-12-04","0.00","0.0","0.0",,"48","27",,,,,,,,,,,,,,
"USW00093721","BALTIMORE WASHINGTON INTERNATIONAL AIRPORT, MD US","39.17329","-76.68408","42.0","2022-12-05","0.00","0.0","0.0",,"50","24",,,,,,,,,,,,,,
"USW00093721","BALTIMORE WASHINGTON INTERNATIONAL AIRPORT, MD US","39.17329","-76.68408","42.0","2022-12-06","0.25","0.0","0.0",,"52","30","    1",,,,,,,,,,,,,
"USW00093721","BALTIMORE WASHINGTON INTERNATIONAL AIRPORT, MD US","39.17329","-76.68408","42.0","2022-12-07","0.00","0.0","0.0",,"56","51","    1","    1",,,,,,,,,,,,
"USW00093721","BALTIMORE WASHINGTON INTERNATIONAL AIRPORT, MD US","39.17329","-76.68408","42.0","2022-12-08","0.00","0.0","0.0",,"59","45","    1","    1",,,,,,,,,,,,
"USW00093721","BALTIMORE WASHINGTON INTERNATIONAL AIRPORT, MD US","39.17329","-76.68408","42.0","2022-12-09","0.00","0.0","0.0",,"50","30",,,,,,,,,,,,,,
"USW00093721","BALTIMORE WASHINGTON INTERNATIONAL AIRPORT, MD US","39.17329","-76.68408","42.0","2022-12-10","0.00","0.0","0.0",,"45","26",,,,,,,,,,,,,,
"USW00093721","BALTIMORE WASHINGTON INTERNATIONAL AIRPORT, MD US","39.17329","-76.68408","42.0","2022-12-11","0.02","0.0","0.0",,"44","34","    1",,,,,,,,,,,,,
"USW00093721","BALTIMORE WASHINGTON INTERNATIONAL AIRPORT, MD US","39.17329","-76.68408","42.0","2022-12-12","0.00","0.0","0.0",,"45","35","    1",,,,,,,,,,,,,
"USW00093721","BALTIMORE WASHINGTON INTERNATIONAL AIRPORT, MD US","39.17329","-76.68408","42.0","2022-12-13","0.00","0.0","0.0",,"44","23",,,,,,,,,,,,,,
"USW00093721","BALTIMORE WASHINGTON INTERNATIONAL AIRPORT, MD US","39.17329","-76.68408","42.0","2022-12-14","0.00","0.0","0.0",,"42","21",,,,,,,,,,,,,,
"USW00093721","BALTIMORE WASHINGTON INTERNATIONAL AIRPORT, MD US","39.17329","-76.68408","42.0","2022-12-15","2.07","0.0","0.0",,"49","33","    1",,,,,,,,,,,,,
"USW00093721","BALTIMORE WASHINGTON INTERNATIONAL AIRPORT, MD US","39.17329","-76.68408","42.0","2022-12-16","0.29","0.0","0.0",,"53","33","    1",,,,,,,,,,,,,
"USW00093721","BALTIMORE WASHINGTON INTERNATIONAL AIRPORT, MD US","39.17329","-76.68408","42.0","2022-12-17","0.00","0.0","0.0",,"49","33",,,,,,,,,,,,,,
"USW00093721","BALTIMORE WASHINGTON INTERNATIONAL AIRPORT, MD US","39.17329","-76.68408","42.0","2022-12-18","0.00","0.0","0.0",,"43","29",,,,,,,,,,,,,,
"USW00093721","BALTIMORE WASHINGTON INTERNATIONAL AIRPORT, MD US","39.17329","-76.68408","42.0","2022-12-19","0.00","0.0","0.0",,"43","25",,,,,,,,,,,,,,
"USW00093721","BALTIMORE WASHINGTON INTERNATIONAL AIRPORT, MD US","39.17329","-76.68408","42.0","2022-12-20","0.00","0.0","0.0",,"42","24",,,,,,,,,,,,,,
"USW00093721","BALTIMORE WASHINGTON INTERNATIONAL AIRPORT, MD US","39.17329","-76.68408","42.0","2022-12-21","0.00","0.0","0.0",,"44","22","    1",,,,,,,,,,,,,
"USW00093721","BALTIMORE WASHINGTON INTERNATIONAL AIRPORT, MD US","39.17329","-76.68408","42.0","2022-12-22","1.14","0.0","0.0",,"55","29","    1",,,,,,,,,,,,,
"USW00093721","BALTIMORE WASHINGTON INTERNATIONAL AIRPORT, MD US","39.17329","-76.68408","42.0","2022-12-23","0.25","0.0","0.0",,"55","10","    1",,,"    1",,,,,,,,,,
"USW00093721","BALTIMORE WASHINGTON INTERNATIONAL AIRPORT, MD US","39.17329","-76.68408","42.0","2022-12-24","0.00","0.0","0.0",,"20","6",,,,,,,,,,,,,,
"USW00093721","BALTIMORE WASHINGTON INTERNATIONAL AIRPORT, MD US","39.17329","-76.68408","42.0","2022-12-25","0.00","0.0","0.0",,"32","10",,,,,,,,,,,,,,
"USW00093721","BALTIMORE WASHINGTON INTERNATIONAL AIRPORT, MD US","39.17329","-76.68408","42.0","2022-12-26","0.00","0.0","0.0",,"34","14",,,,,,,,,,,,,,
"USW00093721","BALTIMORE WASHINGTON INTERNATIONAL AIRPORT, MD US","39.17329","-76.68408","42.0","2022-12-27","0.00","0.0","0.0",,"45","25",,,,,,,,,,,,,,
"USW00093721","BALTIMORE WASHINGTON INTERNATIONAL AIRPORT, MD US","39.17329","-76.68408","42.0","2022-12-28","0.00","0.0","0.0",,"52","21",,,,,,,,,,,,,,
"USW00093721","BALTIMORE WASHINGTON INTERNATIONAL AIRPORT, MD US","39.17329","-76.68408","42.0","2022-12-29","0.00","0.0","0.0",,"58","23",,,,,,,,,,,,,,
"USW00093721","BALTIMORE WASHINGTON INTERNATIONAL AIRPORT, MD US","39.17329","-76.68408","42.0","2022-12-30","0.00","0.0","0.0",,"66","29","    1",,,,,,,,,,,,,
"USW00093721","BALTIMORE WASHINGTON INTERNATIONAL AIRPORT, MD US","39.17329","-76.68408","42.0","2022-12-31","0.31","0.0","0.0",,"56","36","    1","    1",,,,,,,,,,,,
"USW00093721","BALTIMORE WASHINGTON INTERNATIONAL AIRPORT, MD US","39.17329","-76.68408","42.0","2023-01-01","0.00","0.0","0.0",,"64","40","    1",,,,,,,,,,,,,
"USW00093721","BALTIMORE WASHINGTON INTERNATIONAL AIRPORT, MD US","39.17329","-76.68408","42.0","2023-01-02","0.00","0.0","0.0",,"66","40",,,,,,,,,,,,,,
"USW00093721","BALTIMORE WASHINGTON INTERNATIONAL AIRPORT, MD US","39.17329","-76.68408","42.0","2023-01-03","0.00","0.0","0.0",,"69","45","    1",,,,,,,,,,,,,
"USW00093721","BALTIMORE WASHINGTON INTERNATIONAL AIRPORT, MD US","39.17329","-76.68408","42.0","2023-01-04","0.00","0.0","0.0",,"66","53",,,,,,,,,,,,,,
"USW00093721","BALTIMORE WASHINGTON INTERNATIONAL AIRPORT, MD US","39.17329","-76.68408","42.0","2023-01-05","0.11","0.0","0.0",,"64","49","    1",,"    1",,,,,,,,,,,
"USW00093721","BALTIMORE WASHINGTON INTERNATIONAL AIRPORT, MD US","39.17329","-76.68408","42.0","2023-01-06","0.00","0.0","0.0",,"52","39",,,,,,,,,,,,,,
"USW00093721","BALTIMORE WASHINGTON INTERNATIONAL AIRPORT, MD US","39.17329","-76.68408","42.0","2023-01-07","0.00","0.0","0.0",,"50","35",,,,,,,,,,,,,,
"USW00093721","BALTIMORE WASHINGTON INTERNATIONAL AIRPORT, MD US","39.17329","-76.68408","42.0","2023-01-08","0.01","0.0","0.0",,"44","27","    1",,,,,,,,,,,,,
"USW00093721","BALTIMORE WASHINGTON INTERNATIONAL AIRPORT, MD US","39.17329","-76.68408","42.0","2023-01-09","0.01","0.0","0.0",,"50","34","    1",,,,,,,,,,,,,
"USW00093721","BALTIMORE WASHINGTON INTERNATIONAL AIRPORT, MD US","39.17329","-76.68408","42.0","2023-01-10","0.00","0.0","0.0",,"49","29",,,,,,,,,,,,,,
"USW00093721","BALTIMORE WASHINGTON INTERNATIONAL AIRPORT, MD US","39.17329","-76.68408","42.0","2023-01-11","0.00","0.0","0.0",,"46","25","    1",,,,,,"    1",,,,,,,
"USW00093721","BALTIMORE WASHINGTON INTERNATIONAL AIRPORT, MD US","39.17329","-76.68408","42.0","2023-01-12","0.09","0.0","0.0",,"56","40","    1",,,,,,,,,,,,,
"USW00093721","BALTIMORE WASHINGTON INTERNATIONAL AIRPORT, MD US","39.17329","-76.68408","42.0","2023-01-13","0.12","0.0","0.0",,"56","39","    1",,,,,,,,,,,,,
"USW00093721","BALTIMORE WASHINGTON INTERNATIONAL AIRPORT, MD US","39.17329","-76.68408","42.0","2023-01-14","0.00","0.0","0.0",,"39","31",,,,,,,,,,,,,,
"USW00093721","BALTIMORE WASHINGTON INTERNATIONAL AIRPORT, MD US","39.17329","-76.68408","42.0","2023-01-15","0.00","0.0","0.0",,"46","30",,,,,,,,,,,,,,
"USW00093721","BALTIMORE WASHINGTON INTERNATIONAL AIRPORT, MD US","39.17329","-76.68408","42.0","2023-01-16","0.00","0.0","0.0",,"56","29",,,,,,,,,,,,,,
"USW00093721","BALTIMORE WASHINGTON INTERNATIONAL AIRPORT, MD US","39.17329","-76.68408","42.0","2023-01-17","0.00","0.0","0.0",,"50","35","    1","    1",,,,,,,,,,,,
"USW00093721","BALTIMORE WASHINGTON INTERNATIONAL AIRPORT, MD US","39.17329","-76.68408","42.0","2023-01-18","0.00","0.0","0.0",,"57","39","    1",,,,,,,,,,,,,
"USW00093721","BALTIMORE WASHINGTON INTERNATIONAL AIRPORT, MD US","39.17329","-76.68408","42.0","2023-01-19","0.17","0.0","0.0",,"44","41","    1",,,,,,,,,,,,,
"USW00093721","BALTIMORE WASHINGTON INTERNATIONAL AIRPORT, MD US","39.17329","-76.68408","42.0","2023-01-20","0.00","0.0","0.0",,"53","38","    1","    1",,,,,,,,,,,,
"USW00093721","BALTIMORE WASHINGTON INTERNATIONAL AIRPORT, MD US","39.17329","-76.68408","42.0","2023-01-21","0.00","0.0","0.0",,"45","30",,,,,,,,,,,,,,
"USW00093721","BALTIMORE WASHINGTON INTERNATIONAL AIRPORT, MD US","39.17329","-76.68408","42.0","2023-01-22","0.31","0.0","0.0",,"42","28","    1",,,,,,,,,,,,,
"USW00093721","BALTIMORE WASHINGTON INTERNATIONAL AIRPORT, MD US","39.17329","-76.68408","42.0","2023-01-23","0.12","0.0","0.0",,"46","39","    1",,,,,,,,,,,,,
"USW00093721","BALTIMORE WASHINGTON INTERNATIONAL AIRPORT, MD US","39.17329","-76.68408","42.0","2023-01-24","0.00","0.0","0.0",,"51","32",,,,,,,,,,,,,,
"USW00093721","BALTIMORE WASHINGTON INTERNATIONAL AIRPORT, MD US","39.17329","-76.68408","42.0","2023-01-25","0.64","0.0","0.0",,"52","31","    1",,,"    1",,,,,,,,,,
"USW00093721","BALTIMORE WASHINGTON INTERNATIONAL AIRPORT, MD US","39.17329","-76.68408","42.0","2023-01-26","0.00","0.0","0.0",,"50","35",,,,,,,,,,,,,,
"USW00093721","BALTIMORE WASHINGTON INTERNATIONAL AIRPORT, MD US","39.17329","-76.68408","42.0","2023-01-27","0.00","0.0","0.0",,"45","27",,,,,,,,,,,,,,
"USW00093721","BALTIMORE WASHINGTON INTERNATIONAL AIRPORT, MD US","39.17329","-76.68408","42.0","2023-01-28","0.00","0.0","0.0",,"57","32",,,,,,,,,,,,,,
"USW00093721","BALTIMORE WASHINGTON INTERNATIONAL AIRPORT, MD US","39.17329","-76.68408","42.0","2023-01-29","0.00","0.0","0.0",,"52","30",,,,,,,,,,,,,,
"USW00093721","BALTIMORE WASHINGTON INTERNATIONAL AIRPORT, MD US","39.17329","-76.68408","42.0","2023-01-30","0.00","0.0","0.0",,"59","38","    1",,,,,,,,,,,,,
"USW00093721","BALTIMORE WASHINGTON INTERNATIONAL AIRPORT, MD US","39.17329","-76.68408","42.0","2023-01-31","0.10","0.0","0.0",,"48","36","    1",,,,,,"    1",,,,,,,
"USW00093721","BALTIMORE WASHINGTON INTERNATIONAL AIRPORT, MD US","39.17329","-76.68408","42.0","2023-02-01","0.01","0.2","0.0",,"40","26","    1",,,,,,,,,,,,,
"USW00093721","BALTIMORE WASHINGTON INTERNATIONAL AIRPORT, MD US","39.17329","-76.68408","42.0","2023-02-02","0.00","0.0","0.0",,"42","27","    1",,,,,,"    1",,,,,,,
"USW00093721","BALTIMORE WASHINGTON INTERNATIONAL AIRPORT, MD US","39.17329","-76.68408","42.0","2023-02-03","0.00","0.0","0.0",,"39","17",,,,,,,"    1",,,,,,,
"USW00093721","BALTIMORE WASHINGTON INTERNATIONAL AIRPORT, MD US","39.17329","-76.68408","42.0","2023-02-04","0.00","0.0","0.0",,"31","14",,,,,,,,,,,,,,
"USW00093721","BALTIMORE WASHINGTON INTERNATIONAL AIRPORT, MD US","39.17329","-76.68408","42.0","2023-02-05","0.00","0.0","0.0",,"57","28",,,,,,,,,,,,,,
"USW00093721","BALTIMORE WASHINGTON INTERNATIONAL AIRPORT, MD US","39.17329","-76.68408","42.0","2023-02-06","0.00","0.0","0.0",,"54","33",,,,,,,,,,,,,,
"USW00093721","BALTIMORE WASHINGTON INTERNATIONAL AIRPORT, MD US","39.17329","-76.68408","42.0","2023-02-07","0.00","0.0","0.0",,"48","26",,,,,,,,,,,,,,
"USW00093721","BALTIMORE WASHINGTON INTERNATIONAL AIRPORT, MD US","39.17329","-76.68408","42.0","2023-02-08","0.00","0.0","0.0",,"65","41",,,,,,,,,,,,,,
"USW00093721","BALTIMORE WASHINGTON INTERNATIONAL AIRPORT, MD US","39.17329","-76.68408","42.0","2023-02-09","0.00","0.0","0.0",,"68","38",,,,,,,"    1",,,,,,,
"USW00093721","BALTIMORE WASHINGTON INTERNATIONAL AIRPORT, MD US","39.17329","-76.68408","42.0","2023-02-10","0.00","0.0","0.0",,"66","45",,,,,,,"    1",,,,,,,
"USW00093721","BALTIMORE WASHINGTON INTERNATIONAL AIRPORT, MD US","39.17329","-76.68408","42.0","2023-02-11","0.00","0.0","0.0",,"51","35",,,,,,,,,,,,,,
"USW00093721","BALTIMORE WASHINGTON INTERNATIONAL AIRPORT, MD US","39.17329","-76.68408","42.0","2023-02-12","0.62","0.0","0.0",,"43","36","    1",,,,,,,,,,,,,
"USW00093721","BALTIMORE WASHINGTON INTERNATIONAL AIRPORT, MD US","39.17329","-76.68408","42.0","2023-02-13","0.00","0.0","0.0",,"58","38",,,,"    1",,,,,,,,,,
"USW00093721","BALTIMORE WASHINGTON INTERNATIONAL AIRPORT, MD US","39.17329","-76.68408","42.0","2023-02-14","0.00","0.0","0.0",,"61","32",,,,,,,,,,,,,,
"USW00093721","BALTIMORE WASHINGTON INTERNATIONAL AIRPORT, MD US","39.17329","-76.68408","42.0","2023-02-15","0.00","0.0","0.0",,"71","45",,,,,,,,,,,,,,
"USW00093721","BALTIMORE WASHINGTON INTERNATIONAL AIRPORT, MD US","39.17329","-76.68408","42.0","2023-02-16","0.39","0.0","0.0",,"64","45","    1",,,,,,,,,,,,,
"USW00093721","BALTIMORE WASHINGTON INTERNATIONAL AIRPORT, MD US","39.17329","-76.68408","42.0","2023-02-17","0.77","0.0","0.0",,"65","34","    1",,,,,,,,,,,,,
"USW00093721","BALTIMORE WASHINGTON INTERNATIONAL AIRPORT, MD US","39.17329","-76.68408","42.0","2023-02-18","0.00","0.0","0.0",,"47","25",,,,,,,,,,,,,,
"USW00093721","BALTIMORE WASHINGTON INTERNATIONAL AIRPORT, MD US","39.17329","-76.68408","42.0","2023-02-19","0.00","0.0","0.0",,"60","31",,,,,,,,,,,,,,
"USW00093721","BALTIMORE WASHINGTON INTERNATIONAL AIRPORT, MD US","39.17329","-76.68408","42.0","2023-02-20","0.00","0.0","0.0",,"65","48",,,,,,,,,,,,,,
"USW00093721","BALTIMORE WASHINGTON INTERNATIONAL AIRPORT, MD US","39.17329","-76.68408","42.0","2023-02-21","0.02","0.0","0.0",,"63","41","    1",,"    1",,,,,,,,,,,
"USW00093721","BALTIMORE WASHINGTON INTERNATIONAL AIRPORT, MD US","39.17329","-76.68408","42.0","2023-02-22","0.02","0.0","0.0",,"49","39",,,,,,,,,,,,,,
"USW00093721","BALTIMORE WASHINGTON INTERNATIONAL AIRPORT, MD US","39.17329","-76.68408","42.0","2023-02-23","0.00","0.0","0.0",,"79","41",,,,,,,,,,,,,,
"USW00093721","BALTIMORE WASHINGTON INTERNATIONAL AIRPORT, MD US","39.17329","-76.68408","42.0","2023-02-24","0.00","0.0","0.0",,"63","37",,,,,,,,,,,,,,
"USW00093721","BALTIMORE WASHINGTON INTERNATIONAL AIRPORT, MD US","39.17329","-76.68408","42.0","2023-02-25","0.00","0.0","0.0",,"38","31",,,,,"    1",,"    1",,,,,,,
"USW00093721","BALTIMORE WASHINGTON INTERNATIONAL AIRPORT, MD US","39.17329","-76.68408","42.0","2023-02-26","0.00","0.0","0.0",,"55","36","    1",,,,,,"    1",,,,,,,
"USW00093721","BALTIMORE WASHINGTON INTERNATIONAL AIRPORT, MD US","39.17329","-76.68408","42.0","2023-02-27","0.29","0.0","0.0",,"51","30","    1",,,,,,,,,,,,,
"USW00093721","BALTIMORE WASHINGTON INTERNATIONAL AIRPORT, MD US","39.17329","-76.68408","42.0","2023-02-28","0.06","0.0","0.0",,"56","36","    1",,,,,,"    1",,,,,,,
"USW00093721","BALTIMORE WASHINGTON INTERNATIONAL AIRPORT, MD US","39.17329","-76.68408","42.0","2023-03-01","0.00","0.0","0.0",,"56","30","    1",,,,,,,,,,,,,
"USW00093721","BALTIMORE WASHINGTON INTERNATIONAL AIRPORT, MD US","39.17329","-76.68408","42.0","2023-03-02","0.05","0.0","0.0",,"64","44","    1",,,,,,,,,,,,,
"USW00093721","BALTIMORE WASHINGTON INTERNATIONAL AIRPORT, MD US","39.17329","-76.68408","42.0","2023-03-03","0.52","0.0","0.0",,"50","40","    1",,,,,,,,,,,,,
"USW00093721","BALTIMORE WASHINGTON INTERNATIONAL AIRPORT, MD US","39.17329","-76.68408","42.0","2023-03-04","0.00","0.0","0.0",,"57","36","    1",,,,,,,,,,,,,
"USW00093721","BALTIMORE WASHINGTON INTERNATIONAL AIRPORT, MD US","39.17329","-76.68408","42.0","2023-03-05","0.00","0.0","0.0",,"63","29",,,,,,,,,,,,,,
"USW00093721","BALTIMORE WASHINGTON INTERNATIONAL AIRPORT, MD US","39.17329","-76.68408","42.0","2023-03-06","0.00","0.0","0.0",,"59","31",,,,,,,,,,,,,,
"USW00093721","BALTIMORE WASHINGTON INTERNATIONAL AIRPORT, MD US","39.17329","-76.68408","42.0","2023-03-07","0.00","0.0","0.0",,"54","39",,,,,,,,,,,,,,
"USW00093721","BALTIMORE WASHINGTON INTERNATIONAL AIRPORT, MD US","39.17329","-76.68408","42.0","2023-03-08","0.00","0.0","0.0",,"54","34",,,,,,,,,,,,,,
"USW00093721","BALTIMORE WASHINGTON INTERNATIONAL AIRPORT, MD US","39.17329","-76.68408","42.0","2023-03-09","0.00","0.0","0.0",,"56","35",,,,,,,,,,,,,,
"USW00093721","BALTIMORE WASHINGTON INTERNATIONAL AIRPORT, MD US","39.17329","-76.68408","42.0","2023-03-10","0.17","0.0","0.0",,"45","33","    1",,,,,,,,,,,,,
"USW00093721","BALTIMORE WASHINGTON INTERNATIONAL AIRPORT, MD US","39.17329","-76.68408","42.0","2023-03-11","0.00","0.0","0.0",,"49","37",,,,,,,,,,,,,,
"USW00093721","BALTIMORE WASHINGTON INTERNATIONAL AIRPORT, MD US","39.17329","-76.68408","42.0","2023-03-12","0.01","0.0","0.0",,"44","31","    1",,,"    1",,,,,,,,,,
"USW00093721","BALTIMORE WASHINGTON INTERNATIONAL AIRPORT, MD US","39.17329","-76.68408","42.0","2023-03-13","0.00","0.0","0.0",,"48","39","    1",,,,,,,,,,,,,
"USW00093721","BALTIMORE WASHINGTON INTERNATIONAL AIRPORT, MD US","39.17329","-76.68408","42.0","2023-03-14","0.00","0.0","0.0",,"44","33",,,,,,,,,,,,,,
"USW00093721","BALTIMORE WASHINGTON INTERNATIONAL AIRPORT, MD US","39.17329","-76.68408","42.0","2023-03-15","0.00","0.0","0.0",,"52","32",,,,,,,,,,,,,,
"USW00093721","BALTIMORE WASHINGTON INTERNATIONAL AIRPORT, MD US","39.17329","-76.68408","42.0","2023-03-16","0.00","0.0","0.0",,"66","31",,,,,,,,,,,,,,
"USW00093721","BALTIMORE WASHINGTON INTERNATIONAL AIRPORT, MD US","39.17329","-76.68408","42.0","2023-03-17","0.01","0.0","0.0",,"62","43",,,,,,,"    1",,,,,,,
"USW00093721","BALTIMORE WASHINGTON INTERNATIONAL AIRPORT, MD US","39.17329","-76.68408","42.0","2023-03-18","0.00","0.0","0.0",,"53","40",,,,,,,,,,,,,,
"USW00093721","BALTIMORE WASHINGTON INTERNATIONAL AIRPORT, MD US","39.17329","-76.68408","42.0","2023-03-19","0.00","0.0","0.0",,"42","27",,,,,,,,,,,,,,
"USW00093721","BALTIMORE WASHINGTON INTERNATIONAL AIRPORT, MD US","39.17329","-76.68408","42.0","2023-03-20","0.00","0.0","0.0",,"54","26",,,,,,,,,,,,,,
"USW00093721","BALTIMORE WASHINGTON INTERNATIONAL AIRPORT, MD US","39.17329","-76.68408","42.0","2023-03-21","0.00","0.0","0.0",,"64","29",,,,,,,,,,,,,,
"USW00093721","BALTIMORE WASHINGTON INTERNATIONAL AIRPORT, MD US","39.17329","-76.68408","42.0","2023-03-22","0.00","0.0","0.0",,"69","39",,,,,,,,,,,,,,
"USW00093721","BALTIMORE WASHINGTON INTERNATIONAL AIRPORT, MD US","39.17329","-76.68408","42.0","2023-03-23","0.10","0.0","0.0",,"80","52","    1",,"    1",,,,,,,,,,,
"USW00093721","BALTIMORE WASHINGTON INTERNATIONAL AIRPORT, MD US","39.17329","-76.68408","42.0","2023-03-24","0.35","0.0","0.0",,"64","44","    1",,,,,,,,,,,,,
"USW00093721","BALTIMORE WASHINGTON INTERNATIONAL AIRPORT, MD US","39.17329","-76.68408","42.0","2023-03-25","0.22","0.0","0.0",,"53","44","    1","    1",,,,,"    1",,,,,,,
"USW00093721","BALTIMORE WASHINGTON INTERNATIONAL AIRPORT, MD US","39.17329","-76.68408","42.0","2023-03-26","0.00","0.0","0.0",,"68","45","    1","    1",,,,,,,,,,,,
"USW00093721","BALTIMORE WASHINGTON INTERNATIONAL AIRPORT, MD US","39.17329","-76.68408","42.0","2023-03-27","0.06","0.0","0.0",,"63","41","    1",,,,,,,,,,,,,
"USW00093721","BALTIMORE WASHINGTON INTERNATIONAL AIRPORT, MD US","39.17329","-76.68408","42.0","2023-03-28","0.00","0.0","0.0",,"58","43",,,,,,,,,,,,,,
"USW00093721","BALTIMORE WASHINGTON INTERNATIONAL AIRPORT, MD US","39.17329","-76.68408","42.0","2023-03-29","0.00","0.0","0.0",,"61","34",,,,,,,"    1",,,,,,,
"USW00093721","BALTIMORE WASHINGTON INTERNATIONAL AIRPORT, MD US","39.17329","-76.68408","42.0","2023-03-30","0.00","0.0","0.0",,"54","35",,,,,,,,,,,,,,
"USW00093721","BALTIMORE WASHINGTON INTERNATIONAL AIRPORT, MD US","39.17329","-76.68408","42.0","2023-03-31","0.00","0.0","0.0",,"66","33",,,,,,,,,,,,,,
"USW00093721","BALTIMORE WASHINGTON INTERNATIONAL AIRPORT, MD US","39.17329","-76.68408","42.0","2023-04-01","0.39","0.0","0.0",,"77","49","    1",,"    1",,"    1",,,,,,,,,
"USW00093721","BALTIMORE WASHINGTON INTERNATIONAL AIRPORT, MD US","39.17329","-76.68408","42.0","2023-04-02","0.00","0.0","0.0",,"57","38",,,,,,,,,,,,,,
"USW00093721","BALTIMORE WASHINGTON INTERNATIONAL AIRPORT, MD US","39.17329","-76.68408","42.0","2023-04-03","0.00","0.0","0.0",,"71","33",,,,,,,,,,,,,,
"USW00093721","BALTIMORE WASHINGTON INTERNATIONAL AIRPORT, MD US","39.17329","-76.68408","42.0","2023-04-04","0.00","0.0","0.0",,"80","49",,,,,,,,,,,,,,
"USW00093721","BALTIMORE WASHINGTON INTERNATIONAL AIRPORT, MD US","39.17329","-76.68408","42.0","2023-04-05","0.00","0.0","0.0",,"84","56","    1","    1",,,,,"    1",,,,,,,
"USW00093721","BALTIMORE WASHINGTON INTERNATIONAL AIRPORT, MD US","39.17329","-76.68408","42.0","2023-04-06","0.20","0.0","0.0",,"87","59","    1",,"    1",,,,,,,,,,,
"USW00093721","BALTIMORE WASHINGTON INTERNATIONAL AIRPORT, MD US","39.17329","-76.68408","42.0","2023-04-07","0.00","0.0","0.0",,"59","48",,,,,,,,,,,,,,
"USW00093721","BALTIMORE WASHINGTON INTERNATIONAL AIRPORT, MD US","39.17329","-76.68408","42.0","2023-04-08","0.00","0.0","0.0",,"53","43",,,,,,,,,,,,,,
"USW00093721","BALTIMORE WASHINGTON INTERNATIONAL AIRPORT, MD US","39.17329","-76.68408","42.0","2023-04-09","0.00","0.0","0.0",,"61","33",,,,,,,,,,,,,,
"USW00093721","BALTIMORE WASHINGTON INTERNATIONAL AIRPORT, MD US","39.17329","-76.68408","42.0","2023-04-10","0.00","0.0","0.0",,"67","34",,,,,,,,,,,,,,
"USW00093721","BALTIMORE WASHINGTON INTERNATIONAL AIRPORT, MD US","39.17329","-76.68408","42.0","2023-04-11","0.00","0.0","0.0",,"78","44",,,,,,,,,,,,,,
"USW00093721","BALTIMORE WASHINGTON INTERNATIONAL AIRPORT, MD US","39.17329","-76.68408","42.0","2023-04-12","0.00","0.0","0.0",,"85","56",,,,,,,,,,,,,,
"USW00093721","BALTIMORE WASHINGTON INTERNATIONAL AIRPORT, MD US","39.17329","-76.68408","42.0","2023-04-13","0.00","0.0","0.0",,"89","56",,,,,,,,,,,,,,
"USW00093721","BALTIMORE WASHINGTON INTERNATIONAL AIRPORT, MD US","39.17329","-76.68408","42.0","2023-04-14","0.00","0.0","0.0",,"86","58",,,,,,,,,,,,,,
"USW00093721","BALTIMORE WASHINGTON INTERNATIONAL AIRPORT, MD US","39.17329","-76.68408","42.0","2023-04-15","0.44","0.0","0.0",,"76","64","    1","    1","    1",,,,,,,,,,,
"USW00093721","BALTIMORE WASHINGTON INTERNATIONAL AIRPORT, MD US","39.17329","-76.68408","42.0","2023-04-16","0.00","0.0","0.0",,"80","59","    1",,,,,,,,,,,,,
"USW00093721","BALTIMORE WASHINGTON INTERNATIONAL AIRPORT, MD US","39.17329","-76.68408","42.0","2023-04-17","0.00","0.0","0.0",,"71","54",,,,,,,,,,,,,,
"USW00093721","BALTIMORE WASHINGTON INTERNATIONAL AIRPORT, MD US","39.17329","-76.68408","42.0","2023-04-18","0.00","0.0","0.0",,"72","46",,,,,,,,,,,,,,
"USW00093721","BALTIMORE WASHINGTON INTERNATIONAL AIRPORT, MD US","39.17329","-76.68408","42.0","2023-04-19","0.00","0.0","0.0",,"75","37",,,,,,,,,,,,,,
"USW00093721","BALTIMORE WASHINGTON INTERNATIONAL AIRPORT, MD US","39.17329","-76.68408","42.0","2023-04-20","0.00","0.0","0.0",,"81","48",,,,,,,,,,,,,,
"USW00093721","BALTIMORE WASHINGTON INTERNATIONAL AIRPORT, MD US","39.17329","-76.68408","42.0","2023-04-21","0.00","0.0","0.0",,"84","55","    1",,,,,,"    1",,,,,,,
"USW00093721","BALTIMORE WASHINGTON INTERNATIONAL AIRPORT, MD US","39.17329","-76.68408","42.0","2023-04-22","0.86","0.0","0.0",,"77","57","    1",,"    1",,"    1",,,,,,,,,
"USW00093721","BALTIMORE WASHINGTON INTERNATIONAL AIRPORT, MD US","39.17329","-76.68408","42.0","2023-04-23","0.00","0.0","0.0",,"65","45",,,,,,,,,,,,,,
"USW00093721","BALTIMORE WASHINGTON INTERNATIONAL AIRPORT, MD US","39.17329","-76.68408","42.0","2023-04-24","0.00","0.0","0.0",,"61","40",,,,,,,,,,,,,,
"USW00093721","BALTIMORE WASHINGTON INTERNATIONAL AIRPORT, MD US","39.17329","-76.68408","42.0","2023-04-25","0.00","0.0","0.0",,"61","37",,,,,,,,,,,,,,
"USW00093721","BALTIMORE WASHINGTON INTERNATIONAL AIRPORT, MD US","39.17329","-76.68408","42.0","2023-04-26","0.06","0.0","0.0",,"66","39","    1",,,,,,,,,,,,,
"USW00093721","BALTIMORE WASHINGTON INTERNATIONAL AIRPORT, MD US","39.17329","-76.68408","42.0","2023-04-27","0.00","0.0","0.0",,"67","52","    1",,,,,,,,,,,,,
"USW00093721","BALTIMORE WASHINGTON INTERNATIONAL AIRPORT, MD US","39.17329","-76.68408","42.0","2023-04-28","1.82","0.0","0.0",,"57","53","    1",,,,,,,,,,,,,
"USW00093721","BALTIMORE WASHINGTON INTERNATIONAL AIRPORT, MD US","39.17329","-76.68408","42.0","2023-04-29","0.02","0.0","0.0",,"69","53","    1",,,,,,,,,,,,,
"USW00093721","BALTIMORE WASHINGTON INTERNATIONAL AIRPORT, MD US","39.17329","-76.68408","42.0","2023-04-30","0.33","0.0","0.0",,"63","52","    1",,,,,,,,,,,,,
"USW00093721","BALTIMORE WASHINGTON INTERNATIONAL AIRPORT, MD US","39.17329","-76.68408","42.0","2023-05-01","0.01","0.0","0.0",,"62","46",,,,,,,,,,,,,,
"USW00093721","BALTIMORE WASHINGTON INTERNATIONAL AIRPORT, MD US","39.17329","-76.68408","42.0","2023-05-02","0.03","0.0","0.0",,"56","46",,,,,,,,,,,,,,
"USW00093721","BALTIMORE WASHINGTON INTERNATIONAL AIRPORT, MD US","39.17329","-76.68408","42.0","2023-05-03","0.02","0.0","0.0",,"57","43",,,,,,,,,,,,,,
"USW00093721","BALTIMORE WASHINGTON INTERNATIONAL AIRPORT, MD US","39.17329","-76.68408","42.0","2023-05-04","0.00","0.0","0.0",,"65","40",,,,,,,,,,,,,,
"USW00093721","BALTIMORE WASHINGTON INTERNATIONAL AIRPORT, MD US","39.17329","-76.68408","42.0","2023-05-05","0.00","0.0","0.0",,"69","41",,,,,,,,,,,,,,
"USW00093721","BALTIMORE WASHINGTON INTERNATIONAL AIRPORT, MD US","39.17329","-76.68408","42.0","2023-05-06","0.00","0.0","0.0",,"75","43",,,,,,,,,,,,,,
"USW00093721","BALTIMORE WASHINGTON INTERNATIONAL AIRPORT, MD US","39.17329","-76.68408","42.0","2023-05-07","0.02","0.0","0.0",,"76","47","    1",,,,,,,,,,,,,
"USW00093721","BALTIMORE WASHINGTON INTERNATIONAL AIRPORT, MD US","39.17329","-76.68408","42.0","2023-05-08","0.00","0.0","0.0",,"83","58","    1",,,,,,,,,,,,,
"USW00093721","BALTIMORE WASHINGTON INTERNATIONAL AIRPORT, MD US","39.17329","-76.68408","42.0","2023-05-09","0.02","0.0","0.0",,"69","49",,,,,,,,,,,,,,
"USW00093721","BALTIMORE WASHINGTON INTERNATIONAL AIRPORT, MD US","39.17329","-76.68408","42.0","2023-05-10","0.00","0.0","0.0",,"74","46",,,,,,,,,,,,,,
"USW00093721","BALTIMORE WASHINGTON INTERNATIONAL AIRPORT, MD US","39.17329","-76.68408","42.0","2023-05-11","0.00","0.0","0.0",,"83","46",,,,,,,,,,,,,,
"USW00093721","BALTIMORE WASHINGTON INTERNATIONAL AIRPORT, MD US","39.17329","-76.68408","42.0","2023-05-12","0.00","0.0","0.0",,"85","55","    1",,,,,,,,,,,,,
"USW00093721","BALTIMORE WASHINGTON INTERNATIONAL AIRPORT, MD US","39.17329","-76.68408","42.0","2023-05-13","0.30","0.0","0.0",,"74","58","    1",,,,,,"    1",,,,,,,
"USW00093721","BALTIMORE WASHINGTON INTERNATIONAL AIRPORT, MD US","39.17329","-76.68408","42.0","2023-05-14","0.00","0.0","0.0",,"78","58",,,,,,,,,,,,,,
"USW00093721","BALTIMORE WASHINGTON INTERNATIONAL AIRPORT, MD US","39.17329","-76.68408","42.0","2023-05-15","0.00","0.0","0.0",,"77","51",,,,,,,"    1",,,,,,,
"USW00093721","BALTIMORE WASHINGTON INTERNATIONAL AIRPORT, MD US","39.17329","-76.68408","42.0","2023-05-16","0.00","0.0","0.0",,"82","56",,,,,,,"    1",,,,,,,
"USW00093721","BALTIMORE WASHINGTON INTERNATIONAL AIRPORT, MD US","39.17329","-76.68408","42.0","2023-05-17","0.00","0.0","0.0",,"72","55",,,,,,,,,,,,,,
"USW00093721","BALTIMORE WASHINGTON INTERNATIONAL AIRPORT, MD US","39.17329","-76.68408","42.0","2023-05-18","0.00","0.0","0.0",,"71","47",,,,,,,,,,,,,,
"USW00093721","BALTIMORE WASHINGTON INTERNATIONAL AIRPORT, MD US","39.17329","-76.68408","42.0","2023-05-19","0.00","0.0","0.0",,"75","50",,,,,,,,,,,,,,
"USW00093721","BALTIMORE WASHINGTON INTERNATIONAL AIRPORT, MD US","39.17329","-76.68408","42.0","2023-05-20","0.13","0.0","0.0",,"79","58","    1","    1",,,,,"    1",,,,,,,
"USW00093721","BALTIMORE WASHINGTON INTERNATIONAL AIRPORT, MD US","39.17329","-76.68408","42.0","2023-05-21","0.02","0.0","0.0",,"80","52",,,,,,,,,,,,,,
"USW00093721","BALTIMORE WASHINGTON INTERNATIONAL AIRPORT, MD US","39.17329","-76.68408","42.0","2023-05-22","0.00","0.0","0.0",,"82","51",,,,,,,,,,,,,,
"USW00093721","BALTIMORE WASHINGTON INTERNATIONAL AIRPORT, MD US","39.17329","-76.68408","42.0","2023-05-23","0.00","0.0","0.0",,"75","54","    1",,,,,,"    1",,,,,,,
"USW00093721","BALTIMORE WASHINGTON INTERNATIONAL AIRPORT, MD US","39.17329","-76.68408","42.0","2023-05-24","0.00","0.0","0.0",,"84","49",,,,,,,,,,,,,,
"USW00093721","BALTIMORE WASHINGTON INTERNATIONAL AIRPORT, MD US","39.17329","-76.68408","42.0","2023-05-25","0.00","0.0","0.0",,"74","54",,,,,,,,,,,,,,
"USW00093721","BALTIMORE WASHINGTON INTERNATIONAL AIRPORT, MD US","39.17329","-76.68408","42.0","2023-05-26","0.00","0.0","0.0",,"75","49",,,,,,,,,,,,,,
"USW00093721","BALTIMORE WASHINGTON INTERNATIONAL AIRPORT, MD US","39.17329","-76.68408","42.0","2023-05-27","0.00","0.0","0.0",,"78","48",,,,,,,,,,,,,,
"USW00093721","BALTIMORE WASHINGTON INTERNATIONAL AIRPORT, MD US","39.17329","-76.68408","42.0","2023-05-28","0.00","0.0","0.0",,"77","52",,,,,,,,,,,,,,
"USW00093721","BALTIMORE WASHINGTON INTERNATIONAL AIRPORT, MD US","39.17329","-76.68408","42.0","2023-05-29","0.00","0.0","0.0",,"78","64",,,"    1",,,,"    1",,,,,,,
"USW00093721","BALTIMORE WASHINGTON INTERNATIONAL AIRPORT, MD US","39.17329","-76.68408","42.0","2023-05-30","0.00","0.0","0.0",,"77","58",,,,,,,,,,,,,,
"USW00093721","BALTIMORE WASHINGTON INTERNATIONAL AIRPORT, MD US","39.17329","-76.68408","42.0","2023-05-31","0.00","0.0","0.0",,"80","46",,,,,,,,,,,,,,
"USW00093721","BALTIMORE WASHINGTON INTERNATIONAL AIRPORT, MD US","39.17329","-76.68408","42.0","2023-06-01","0.00","0.0","0.0",,"87","54",,,,,,,"    1",,,,,,,
"USW00093721","BALTIMORE WASHINGTON INTERNATIONAL AIRPORT, MD US","39.17329","-76.68408","42.0","2023-06-02","0.00","0.0","0.0",,"97","59","    1",,,,,,"    1",,,,,,,
"USW00093721","BALTIMORE WASHINGTON INTERNATIONAL AIRPORT, MD US","39.17329","-76.68408","42.0","2023-06-03","0.00","0.0","0.0",,"85","62",,,,,,,"    1",,,,,,,
"USW00093721","BALTIMORE WASHINGTON INTERNATIONAL AIRPORT, MD US","39.17329","-76.68408","42.0","2023-06-04","0.00","0.0","0.0",,"80","59",,,,,,,"    1",,,,,,,
"USW00093721","BALTIMORE WASHINGTON INTERNATIONAL AIRPORT, MD US","39.17329","-76.68408","42.0","2023-06-05","0.00","0.0","0.0",,"82","56",,,,,,,,,,,,,,
"USW00093721","BALTIMORE WASHINGTON INTERNATIONAL AIRPORT, MD US","39.17329","-76.68408","42.0","2023-06-06","0.00","0.0","0.0",,"83","56",,,,,,,"    1",,,,,,,
"USW00093721","BALTIMORE WASHINGTON INTERNATIONAL AIRPORT, MD US","39.17329","-76.68408","42.0","2023-06-07","0.00","0.0","0.0",,"81","55",,,,,,,"    1",,,,,,,
"USW00093721","BALTIMORE WASHINGTON INTERNATIONAL AIRPORT, MD US","39.17329","-76.68408","42.0","2023-06-08","0.00","0.0","0.0",,"80","56",,,,,,,"    1",,,,,,,
"USW00093721","BALTIMORE WASHINGTON INTERNATIONAL AIRPORT, MD US","39.17329","-76.68408","42.0","2023-06-09","0.01","0.0","0.0",,"77","53",,,,,,,,,,,,,,
"USW00093721","BALTIMORE WASHINGTON INTERNATIONAL AIRPORT, MD US","39.17329","-76.68408","42.0","2023-06-10","0.00","0.0","0.0",,"87","51",,,,,,,,,,,,,,
"USW00093721","BALTIMORE WASHINGTON INTERNATIONAL AIRPORT, MD US","39.17329","-76.68408","42.0","2023-06-11","0.00","0.0","0.0",,"89","58",,,,,,,"    1",,,,,,,
"USW00093721","BALTIMORE WASHINGTON INTERNATIONAL AIRPORT, MD US","39.17329","-76.68408","42.0","2023-06-12","0.13","0.0","0.0",,"81","60","    1",,"    1",,,,"    1",,,,,,,
"USW00093721","BALTIMORE WASHINGTON INTERNATIONAL AIRPORT, MD US","39.17329","-76.68408","42.0","2023-06-13","0.00","0.0","0.0",,"83","57",,,,,,,,,,,,,,
"USW00093721","BALTIMORE WASHINGTON INTERNATIONAL AIRPORT, MD US","39.17329","-76.68408","42.0","2023-06-14","0.02","0.0","0.0",,"84","60",,,,,,,,,,,,,,
"USW00093721","BALTIMORE WASHINGTON INTERNATIONAL AIRPORT, MD US","39.17329","-76.68408","42.0","2023-06-15","0.00","0.0","0.0",,"84","53",,,,,,,,,,,,,,
"USW00093721","BALTIMORE WASHINGTON INTERNATIONAL AIRPORT, MD US","39.17329","-76.68408","42.0","2023-06-16","0.02","0.0","0.0",,"83","59",,,,,,,"    1",,,,,,,
"USW00093721","BALTIMORE WASHINGTON INTERNATIONAL AIRPORT, MD US","39.17329","-76.68408","42.0","2023-06-17","0.00","0.0","0.0",,"85","59",,,,,,,"    1",,,,,,,
"USW00093721","BALTIMORE WASHINGTON INTERNATIONAL AIRPORT, MD US","39.17329","-76.68408","42.0","2023-06-18","0.00","0.0","0.0",,"88","58",,,,,,,"    1",,,,,,,
"USW00093721","BALTIMORE WASHINGTON INTERNATIONAL AIRPORT, MD US","39.17329","-76.68408","42.0","2023-06-19","0.00","0.0","0.0",,"90","58",,,,,,,"    1",,,,,,,
"USW00093721","BALTIMORE WASHINGTON INTERNATIONAL AIRPORT, MD US","39.17329","-76.68408","42.0","2023-06-20","0.00","0.0","0.0",,"80","70","    1",,,,,,"    1",,,,,,,
"USW00093721","BALTIMORE WASHINGTON INTERNATIONAL AIRPORT, MD US","39.17329","-76.68408","42.0","2023-06-21","0.34","0.0","0.0",,"70","60","    1",,,,,,,,,,,,,
"USW00093721","BALTIMORE WASHINGTON INTERNATIONAL AIRPORT, MD US","39.17329","-76.68408","42.0","2023-06-22","0.07","0.0","0.0",,"67","60","    1",,,,,,,,,,,,,
"USW00093721","BALTIMORE WASHINGTON INTERNATIONAL AIRPORT, MD US","39.17329","-76.68408","42.0","2023-06-23","0.98","0.0","0.0",,"76","65","    1",,"    1",,,,,,,,,,,
"USW00093721","BALTIMORE WASHINGTON INTERNATIONAL AIRPORT, MD US","39.17329","-76.68408","42.0","2023-06-24","0.00","0.0","0.0",,"86","71","    1",,"    1",,,,"    1",,,,,,,
"USW00093721","BALTIMORE WASHINGTON INTERNATIONAL AIRPORT, MD US","39.17329","-76.68408","42.0","2023-06-25","0.00","0.0","0.0",,"92","67",,,,,,,,,,,,,,
"USW00093721","BALTIMORE WASHINGTON INTERNATIONAL AIRPORT, MD US","39.17329","-76.68408","42.0","2023-06-26","0.00","0.0","0.0",,"90","73",,,"    1",,,,"    1",,,,,,,
"USW00093721","BALTIMORE WASHINGTON INTERNATIONAL AIRPORT, MD US","39.17329","-76.68408","42.0","2023-06-27","1.77","0.0","0.0",,"88","68","    1",,"    1",,,,,,,,,,,
"USW00093721","BALTIMORE WASHINGTON INTERNATIONAL AIRPORT, MD US","39.17329","-76.68408","42.0","2023-06-28","0.00","0.0","0.0",,"83","66",,,,,,,"    1",,,,,,,
"USW00093721","BALTIMORE WASHINGTON INTERNATIONAL AIRPORT, MD US","39.17329","-76.68408","42.0","2023-06-29","0.00","0.0","0.0",,"86","61","    1",,,,,,"    1",,,,,,,
"USW00093721","BALTIMORE WASHINGTON INTERNATIONAL AIRPORT, MD US","39.17329","-76.68408","42.0","2023-06-30","0.97","0.0","0.0",,"86","63","    1",,"    1",,,,"    1",,,,,,,
"USW00093721","BALTIMORE WASHINGTON INTERNATIONAL AIRPORT, MD US","39.17329","-76.68408","42.0","2023-07-01","0.00","0.0","0.0",,"85","70","    1",,"    1",,,,"    1",,,,,,,
"USW00093721","BALTIMORE WASHINGTON INTERNATIONAL AIRPORT, MD US","39.17329","-76.68408","42.0","2023-07-02","0.63","0.0","0.0",,"90","75","    1",,"    1",,,,"    1",,,,,,,
"USW00093721","BALTIMORE WASHINGTON INTERNATIONAL AIRPORT, MD US","39.17329","-76.68408","42.0","2023-07-03","0.47","0.0","0.0",,"93","74","    1",,"    1",,,,,,,,,,,
"USW00093721","BALTIMORE WASHINGTON INTERNATIONAL AIRPORT, MD US","39.17329","-76.68408","42.0","2023-07-04","0.07","0.0","0.0",,"92","72",,,,,,,"    1",,,,,,,
"USW00093721","BALTIMORE WASHINGTON INTERNATIONAL AIRPORT, MD US","39.17329","-76.68408","42.0","2023-07-05","0.00","0.0","0.0",,"93","73",,,"    1",,,,"    1",,,,,,,
"USW00093721","BALTIMORE WASHINGTON INTERNATIONAL AIRPORT, MD US","39.17329","-76.68408","42.0","2023-07-06","0.00","0.0","0.0",,"91","73","    1",,"    1",,,,"    1",,,,,,,
"USW00093721","BALTIMORE WASHINGTON INTERNATIONAL AIRPORT, MD US","39.17329","-76.68408","42.0","2023-07-07","0.25","0.0","0.0",,"90","73","    1",,"    1",,,,,,,,,,,
"USW00093721","BALTIMORE WASHINGTON INTERNATIONAL AIRPORT, MD US","39.17329","-76.68408","42.0","2023-07-08","0.01","0.0","0.0",,"92","74","    1",,"    1",,,,"    1",,,,,,,
"USW00093721","BALTIMORE WASHINGTON INTERNATIONAL AIRPORT, MD US","39.17329","-76.68408","42.0","2023-07-09","1.35","0.0","0.0",,"86","69","    1",,"    1",,,,"    1",,,,,,,
"USW00093721","BALTIMORE WASHINGTON INTERNATIONAL AIRPORT, MD US","39.17329","-76.68408","42.0","2023-07-10","0.00","0.0","0.0",,"88","68",,,,,,,,,,,,,,
"USW00093721","BALTIMORE WASHINGTON INTERNATIONAL AIRPORT, MD US","39.17329","-76.68408","42.0","2023-07-11","0.00","0.0","0.0",,"92","66",,,,,,,,,,,,,,
"USW00093721","BALTIMORE WASHINGTON INTERNATIONAL AIRPORT, MD US","39.17329","-76.68408","42.0","2023-07-12","0.00","0.0","0.0",,"93","68",,,,,,,"    1",,,,,,,
"USW00093721","BALTIMORE WASHINGTON INTERNATIONAL AIRPORT, MD US","39.17329","-76.68408","42.0","2023-07-13","0.00","0.0","0.0",,"96","72",,,,,,,,,,,,,,
"USW00093721","BALTIMORE WASHINGTON INTERNATIONAL AIRPORT, MD US","39.17329","-76.68408","42.0","2023-07-14","0.02","0.0","0.0",,"93","72",,,"    1",,,,,,,,,,,
"USW00093721","BALTIMORE WASHINGTON INTERNATIONAL AIRPORT, MD US","39.17329","-76.68408","42.0","2023-07-15","0.02","0.0","0.0",,"91","70",,,,,,,,,,,,,,
"USW00093721","BALTIMORE WASHINGTON INTERNATIONAL AIRPORT, MD US","39.17329","-76.68408","42.0","2023-07-16","0.05","0.0","0.0",,"87","75","    1",,,,,,,,,,,,,
"USW00093721","BALTIMORE WASHINGTON INTERNATIONAL AIRPORT, MD US","39.17329","-76.68408","42.0","2023-07-17","0.00","0.0","0.0",,"92","71",,,,,,,"    1",,,,,,,
"USW00093721","BALTIMORE WASHINGTON INTERNATIONAL AIRPORT, MD US","39.17329","-76.68408","42.0","2023-07-18","0.00","0.0","0.0",,"90","72","    1",,,,,,"    1",,,,,,,
"USW00093721","BALTIMORE WASHINGTON INTERNATIONAL AIRPORT, MD US","39.17329","-76.68408","42.0","2023-07-19","0.75","0.0","0.0",,"89","72","    1",,"    1",,,,"    1",,,,,,,
"USW00093721","BALTIMORE WASHINGTON INTERNATIONAL AIRPORT, MD US","39.17329","-76.68408","42.0","2023-07-20","0.00","0.0","0.0",,"88","70",,,,,,,,,,,,,,
"USW00093721","BALTIMORE WASHINGTON INTERNATIONAL AIRPORT, MD US","39.17329","-76.68408","42.0","2023-07-21","0.75","0.0","0.0",,"88","68","    1",,"    1",,,,,,,,,,,
"USW00093721","BALTIMORE WASHINGTON INTERNATIONAL AIRPORT, MD US","39.17329","-76.68408","42.0","2023-07-22","0.00","0.0","0.0",,"86","67",,,,,,,,,,,,,,
"USW00093721","BALTIMORE WASHINGTON INTERNATIONAL AIRPORT, MD US","39.17329","-76.68408","42.0","2023-07-23","0.00","0.0","0.0",,"89","64",,,,,,,,,,,,,,
"USW00093721","BALTIMORE WASHINGTON INTERNATIONAL AIRPORT, MD US","39.17329","-76.68408","42.0","2023-07-24","1.97","0.0","0.0",,"86","68","    1",,"    1",,,,"    1",,,,,,,
"USW00093721","BALTIMORE WASHINGTON INTERNATIONAL AIRPORT, MD US","39.17329","-76.68408","42.0","2023-07-25","0.00","0.0","0.0",,"88","73",,,"    1",,,,,,,,,,,
"USW00093721","BALTIMORE WASHINGTON INTERNATIONAL AIRPORT, MD US","39.17329","-76.68408","42.0","2023-07-26","0.00","0.0","0.0",,"89","68","    1",,,,,,,,,,,,,
"USW00093721","BALTIMORE WASHINGTON INTERNATIONAL AIRPORT, MD US","39.17329","-76.68408","42.0","2023-07-27","0.00","0.0","0.0",,"97","76",,,,,,,,,,,,,,
"USW00093721","BALTIMORE WASHINGTON INTERNATIONAL AIRPORT, MD US","39.17329","-76.68408","42.0","2023-07-28","0.39","0.0","0.0",,"97","75","    1",,"    1",,,,,,,,,,,
"USW00093721","BALTIMORE WASHINGTON INTERNATIONAL AIRPORT, MD US","39.17329","-76.68408","42.0","2023-07-29","0.11","0.0","0.0",,"96","74",,,"    1",,,,,,,,,,,
"USW00093721","BALTIMORE WASHINGTON INTERNATIONAL AIRPORT, MD US","39.17329","-76.68408","42.0","2023-07-30","0.00","0.0","0.0",,"86","69",,,,,,,,,,,,,,
"USW00093721","BALTIMORE WASHINGTON INTERNATIONAL AIRPORT, MD US","39.17329","-76.68408","42.0","2023-07-31","0.00","0.0","0.0",,"86","66",,,,,,,,,,,,,,
"USW00093721","BALTIMORE WASHINGTON INTERNATIONAL AIRPORT, MD US","39.17329","-76.68408","42.0","2023-08-01","0.00","0.0","0.0",,"82","63",,,,,,,,,,,,,,
"USW00093721","BALTIMORE WASHINGTON INTERNATIONAL AIRPORT, MD US","39.17329","-76.68408","42.0","2023-08-02","0.00","0.0","0.0",,"83","60",,,,,,,,,,,,,,
"USW00093721","BALTIMORE WASHINGTON INTERNATIONAL AIRPORT, MD US","39.17329","-76.68408","42.0","2023-08-03","0.02","0.0","0.0",,"80","65","    1",,,,,,,,,,,,,
"USW00093721","BALTIMORE WASHINGTON INTERNATIONAL AIRPORT, MD US","39.17329","-76.68408","42.0","2023-08-04","0.00","0.0","0.0",,"82","67","    1",,,,,,,,,,,,,
"USW00093721","BALTIMORE WASHINGTON INTERNATIONAL AIRPORT, MD US","39.17329","-76.68408","42.0","2023-08-05","0.00","0.0","0.0",,"88","67","    1",,,,,,,,,,,,,
"USW00093721","BALTIMORE WASHINGTON INTERNATIONAL AIRPORT, MD US","39.17329","-76.68408","42.0","2023-08-06","0.77","0.0","0.0",,"89","69","    1",,"    1",,,,"    1",,,,,,,
"USW00093721","BALTIMORE WASHINGTON INTERNATIONAL AIRPORT, MD US","39.17329","-76.68408","42.0","2023-08-07","1.83","0.0","0.0",,"89","70","    1",,"    1",,,,"    1",,,,,,,
"USW00093721","BALTIMORE WASHINGTON INTERNATIONAL AIRPORT, MD US","39.17329","-76.68408","42.0","2023-08-08","0.00","0.0","0.0",,"84","69","    1",,"    1",,,,,,,,,,,
"USW00093721","BALTIMORE WASHINGTON INTERNATIONAL AIRPORT, MD US","39.17329","-76.68408","42.0","2023-08-09","0.00","0.0","0.0",,"88","66",,,,,,,,,,,,,,
"USW00093721","BALTIMORE WASHINGTON INTERNATIONAL AIRPORT, MD US","39.17329","-76.68408","42.0","2023-08-10","0.05","0.0","0.0",,"83","72",,,,,,,"    1",,,,,,,
"USW00093721","BALTIMORE WASHINGTON INTERNATIONAL AIRPORT, MD US","39.17329","-76.68408","42.0","2023-08-11","0.00","0.0","0.0",,"88","69",,,,,,,,,,,,,,
"USW00093721","BALTIMORE WASHINGTON INTERNATIONAL AIRPORT, MD US","39.17329","-76.68408","42.0","2023-08-12","0.00","0.0","0.0",,"93","70",,,,,,,,,,,,,,
"USW00093721","BALTIMORE WASHINGTON INTERNATIONAL AIRPORT, MD US","39.17329","-76.68408","42.0","2023-08-13","0.00","0.0","0.0",,"91","70",,,,,,,,,,,,,,
"USW00093721","BALTIMORE WASHINGTON INTERNATIONAL AIRPORT, MD US","39.17329","-76.68408","42.0","2023-08-14","0.83","0.0","0.0",,"92","69","    1","    1","    1",,,,,,,,,,,
"USW00093721","BALTIMORE WASHINGTON INTERNATIONAL AIRPORT, MD US","39.17329","-76.68408","42.0","2023-08-15","0.06","0.0","0.0",,"93","75",,,"    1",,,,,,,,,,,
"USW00093721","BALTIMORE WASHINGTON INTERNATIONAL AIRPORT, MD US","39.17329","-76.68408","42.0","2023-08-16","0.00","0.0","0.0",,"88","69",,,,,,,,,,,,,,
"USW00093721","BALTIMORE WASHINGTON INTERNATIONAL AIRPORT, MD US","39.17329","-76.68408","42.0","2023-08-17","0.00","0.0","0.0",,"89","67",,,,,,,,,,,,,,
"USW00093721","BALTIMORE WASHINGTON INTERNATIONAL AIRPORT, MD US","39.17329","-76.68408","42.0","2023-08-18","0.00","0.0","0.0",,"85","63",,,,,,,,,,,,,,
"USW00093721","BALTIMORE WASHINGTON INTERNATIONAL AIRPORT, MD US","39.17329","-76.68408","42.0","2023-08-19","0.00","0.0","0.0",,"83","58",,,,,,,,,,,,,,
"USW00093721","BALTIMORE WASHINGTON INTERNATIONAL AIRPORT, MD US","39.17329","-76.68408","42.0","2023-08-20","0.00","0.0","0.0",,"89","60",,,,,,,,,,,,,,
"USW00093721","BALTIMORE WASHINGTON INTERNATIONAL AIRPORT, MD US","39.17329","-76.68408","42.0","2023-08-21","0.00","0.0","0.0",,"92","69","    1",,,,,,,,,,,,,
"USW00093721","BALTIMORE WASHINGTON INTERNATIONAL AIRPORT, MD US","39.17329","-76.68408","42.0","2023-08-22","0.00","0.0","0.0",,"84","63",,,,,,,,,,,,,,
"USW00093721","BALTIMORE WASHINGTON INTERNATIONAL AIRPORT, MD US","39.17329","-76.68408","42.0","2023-08-23","0.00","0.0","0.0",,"84","58",,,,,,,,,,,,,,
"USW00093721","BALTIMORE WASHINGTON INTERNATIONAL AIRPORT, MD US","39.17329","-76.68408","42.0","2023-08-24","0.03","0.0","0.0",,"82","71",,,,,,,,,,,,,,
"USW00093721","BALTIMORE WASHINGTON INTERNATIONAL AIRPORT, MD US","39.17329","-76.68408","42.0","2023-08-25","0.00","0.0","0.0",,"94","73",,,,,,,,,,,,,,
"USW00093721","BALTIMORE WASHINGTON INTERNATIONAL AIRPORT, MD US","39.17329","-76.68408","42.0","2023-08-26","0.00","0.0","0.0",,"93","73",,,,,,,,,,,,,,
"USW00093721","BALTIMORE WASHINGTON INTERNATIONAL AIRPORT, MD US","39.17329","-76.68408","42.0","2023-08-27","0.00","0.0","0.0",,"90","69",,,,,,,"    1",,,,,,,
"USW00093721","BALTIMORE WASHINGTON INTERNATIONAL AIRPORT, MD US","39.17329","-76.68408","42.0","2023-08-28","0.00","0.0","0.0",,"80","73",,,"    1",,,,,,,,,,,
"USW00093721","BALTIMORE WASHINGTON INTERNATIONAL AIRPORT, MD US","39.17329","-76.68408","42.0","2023-08-29","0.01","0.0","0.0",,"83","72","    1",,,,,,,,,,,,,
"USW00093721","BALTIMORE WASHINGTON INTERNATIONAL AIRPORT, MD US","39.17329","-76.68408","42.0","2023-08-30","0.13","0.0","0.0",,"89","70","    1",,,,,,,,,,,,,
"USW00093721","BALTIMORE WASHINGTON INTERNATIONAL AIRPORT, MD US","39.17329","-76.68408","42.0","2023-08-31","0.00","0.0","0.0",,"83","64",,,,,,,,,,,,,,
"USW00093721","BALTIMORE WASHINGTON INTERNATIONAL AIRPORT, MD US","39.17329","-76.68408","42.0","2023-09-01","0.00","0.0","0.0",,"81","58",,,,,,,,,,,,,,
"USW00093721","BALTIMORE WASHINGTON INTERNATIONAL AIRPORT, MD US","39.17329","-76.68408","42.0","2023-09-02","0.00","0.0","0.0",,"87","56","    1",,,,,,,,,,,,,
"USW00093721","BALTIMORE WASHINGTON INTERNATIONAL AIRPORT, MD US","39.17329","-76.68408","42.0","2023-09-03","0.00","0.0","0.0",,"98","64","    1",,,,,,,,,,,,,
"USW00093721","BALTIMORE WASHINGTON INTERNATIONAL AIRPORT, MD US","39.17329","-76.68408","42.0","2023-09-04","0.00","0.0","0.0",,"99","72",,,,,,,,,,,,,,
"USW00093721","BALTIMORE WASHINGTON INTERNATIONAL AIRPORT, MD US","39.17329","-76.68408","42.0","2023-09-05","0.00","0.0","0.0",,"99","75",,,,,,,,,,,,,,
"USW00093721","BALTIMORE WASHINGTON INTERNATIONAL AIRPORT, MD US","39.17329","-76.68408","42.0","2023-09-06","0.00","0.0","0.0",,"100","73",,,,,,,,,,,,,,
"USW00093721","BALTIMORE WASHINGTON INTERNATIONAL AIRPORT, MD US","39.17329","-76.68408","42.0","2023-09-07","0.00","0.0","0.0",,"98","74",,,"    1",,,,,,,,,,,
"USW00093721","BALTIMORE WASHINGTON INTERNATIONAL AIRPORT, MD US","39.17329","-76.68408","42.0","2023-09-08","0.12","0.0","0.0",,"93","71","    1",,"    1",,,,,,,,,,,
"USW00093721","BALTIMORE WASHINGTON INTERNATIONAL AIRPORT, MD US","39.17329","-76.68408","42.0","2023-09-09","1.60","0.0","0.0",,"88","68","    1",,"    1",,,,,,,,,,,
"USW00093721","BALTIMORE WASHINGTON INTERNATIONAL AIRPORT, MD US","39.17329","-76.68408","42.0","2023-09-10","0.06","0.0","0.0",,"82","69","    1",,,,,,,,,,,,,
"USW00093721","BALTIMORE WASHINGTON INTERNATIONAL AIRPORT, MD US","39.17329","-76.68408","42.0","2023-09-11","1.00","0.0","0.0",,"86","70","    1",,"    1",,,,,,,,,,,
"USW00093721","BALTIMORE WASHINGTON INTERNATIONAL AIRPORT, MD US","39.17329","-76.68408","42.0","2023-09-12","1.07","0.0","0.0",,"87","67","    1",,"    1",,,,"    1",,,,,,,
"USW00093721","BALTIMORE WASHINGTON INTERNATIONAL AIRPORT, MD US","39.17329","-76.68408","42.0","2023-09-13","0.00","0.0","0.0",,"85","69",,,,,,,,,,,,,,
"USW00093721","BALTIMORE WASHINGTON INTERNATIONAL AIRPORT, MD US","39.17329","-76.68408","42.0","2023-09-14","0.00","0.0","0.0",,"82","63",,,,,,,,,,,,,,
"USW00093721","BALTIMORE WASHINGTON INTERNATIONAL AIRPORT, MD US","39.17329","-76.68408","42.0","2023-09-15","0.00","0.0","0.0",,"78","58",,,,,,,,,,,,,,
"USW00093721","BALTIMORE WASHINGTON INTERNATIONAL AIRPORT, MD US","39.17329","-76.68408","42.0","2023-09-16","0.00","0.0","0.0",,"82","54",,,,,,,,,,,,,,
"USW00093721","BALTIMORE WASHINGTON INTERNATIONAL AIRPORT, MD US","39.17329","-76.68408","42.0","2023-09-17","0.08","0.0","0.0",,"76","53","    1",,,,,,,,,,,,,
"USW00093721","BALTIMORE WASHINGTON INTERNATIONAL AIRPORT, MD US","39.17329","-76.68408","42.0","2023-09-18","0.00","0.0","0.0",,"79","60",,,,,,,,,,,,,,
"USW00093721","BALTIMORE WASHINGTON INTERNATIONAL AIRPORT, MD US","39.17329","-76.68408","42.0","2023-09-19","0.00","0.0","0.0",,"78","55",,,,,,,,,,,,,,
"USW00093721","BALTIMORE WASHINGTON INTERNATIONAL AIRPORT, MD US","39.17329","-76.68408","42.0","2023-09-20","0.00","0.0","0.0",,"80","52",,,,,,,,,,,,,,
"USW00093721","BALTIMORE WASHINGTON INTERNATIONAL AIRPORT, MD US","39.17329","-76.68408","42.0","2023-09-21","0.00","0.0","0.0",,"79","54",,,,,,,,,,,,,,
"USW00093721","BALTIMORE WASHINGTON INTERNATIONAL AIRPORT, MD US","39.17329","-76.68408","42.0","2023-09-22","0.01","0.0","0.0",,"74","58",,,,,,,,,,,,,,
"USW00093721","BALTIMORE WASHINGTON INTERNATIONAL AIRPORT, MD US","39.17329","-76.68408","42.0","2023-09-23","1.29","0.0","0.0",,"64","58","    1",,,,,,,,,,,,,
"USW00093721","BALTIMORE WASHINGTON INTERNATIONAL AIRPORT, MD US","39.17329","-76.68408","42.0","2023-09-24","0.90","0.0","0.0",,"70","64","    1",,,,,,,,,,,,,
"USW00093721","BALTIMORE WASHINGTON INTERNATIONAL AIRPORT, MD US","39.17329","-76.68408","42.0","2023-09-25","0.06","0.0","0.0",,"70","61","    1",,,,,,,,,,,,,
"USW00093721","BALTIMORE WASHINGTON INTERNATIONAL AIRPORT, MD US","39.17329","-76.68408","42.0","2023-09-26","0.07","0.0","0.0",,"63","59","    1",,,,,,,,,,,,,
"USW00093721","BALTIMORE WASHINGTON INTERNATIONAL AIRPORT, MD US","39.17329","-76.68408","42.0","2023-09-27","0.00","0.0","0.0",,"69","57",,,,,,,,,,,,,,
"USW00093721","BALTIMORE WASHINGTON INTERNATIONAL AIRPORT, MD US","39.17329","-76.68408","42.0","2023-09-28","0.00","0.0","0.0",,"70","54","    1",,,,,,,,,,,,,
"USW00093721","BALTIMORE WASHINGTON INTERNATIONAL AIRPORT, MD US","39.17329","-76.68408","42.0","2023-09-29","0.01","0.0","0.0",,"70","61","    1",,,,,,,,,,,,,
"USW00093721","BALTIMORE WASHINGTON INTERNATIONAL AIRPORT, MD US","39.17329","-76.68408","42.0","2023-09-30","0.00","0.0","0.0",,"75","63",,,,,,,,,,,,,,
"USW00093721","BALTIMORE WASHINGTON INTERNATIONAL AIRPORT, MD US","39.17329","-76.68408","42.0","2023-10-01","0.00","0.0","0.0",,"83","59",,,,,,,,,,,,,,
"USW00093721","BALTIMORE WASHINGTON INTERNATIONAL AIRPORT, MD US","39.17329","-76.68408","42.0","2023-10-02","0.00","0.0","0.0",,"85","60",,,,,,,,,,,,,,
"USW00093721","BALTIMORE WASHINGTON INTERNATIONAL AIRPORT, MD US","39.17329","-76.68408","42.0","2023-10-03","0.00","0.0","0.0",,"86","60","    1",,,,,,,,,,,,,
"USW00093721","BALTIMORE WASHINGTON INTERNATIONAL AIRPORT, MD US","39.17329","-76.68408","42.0","2023-10-04","0.00","0.0","0.0",,"83","57","    1",,,,,,,,,,,,,
"USW00093721","BALTIMORE WASHINGTON INTERNATIONAL AIRPORT, MD US","39.17329","-76.68408","42.0","2023-10-05","0.00","0.0","0.0",,"81","54","    1","    1",,,,,"    1",,,,,,,
"USW00093721","BALTIMORE WASHINGTON INTERNATIONAL AIRPORT, MD US","39.17329","-76.68408","42.0","2023-10-06","0.00","0.0","0.0",,"80","69","    1",,,,,,,,,,,,,
"USW00093721","BALTIMORE WASHINGTON INTERNATIONAL AIRPORT, MD US","39.17329","-76.68408","42.0","2023-10-07","0.10","0.0","0.0",,"70","50","    1","    1",,,,,,,,,,,,
"USW00093721","BALTIMORE WASHINGTON INTERNATIONAL AIRPORT, MD US","39.17329","-76.68408","42.0","2023-10-08","0.00","0.0","0.0",,"63","49",,,,,,,,,,,,,,
"USW00093721","BALTIMORE WASHINGTON INTERNATIONAL AIRPORT, MD US","39.17329","-76.68408","42.0","2023-10-09","0.01","0.0","0.0",,"64","43",,,,,,,,,,,,,,
"USW00093721","BALTIMORE WASHINGTON INTERNATIONAL AIRPORT, MD US","39.17329","-76.68408","42.0","2023-10-10","0.00","0.0","0.0",,"70","47",,,,,,,,,,,,,,
"USW00093721","BALTIMORE WASHINGTON INTERNATIONAL AIRPORT, MD US","39.17329","-76.68408","42.0","2023-10-11","0.00","0.0","0.0",,"72","43",,,,,,,,,,,,,,
"USW00093721","BALTIMORE WASHINGTON INTERNATIONAL AIRPORT, MD US","39.17329","-76.68408","42.0","2023-10-12","0.00","0.0","0.0",,"75","45",,,,,,,,,,,,,,
"USW00093721","BALTIMORE WASHINGTON INTERNATIONAL AIRPORT, MD US","39.17329","-76.68408","42.0","2023-10-13","0.00","0.0","0.0",,"72","52",,,,,,,,,,,,,,
"USW00093721","BALTIMORE WASHINGTON INTERNATIONAL AIRPORT, MD US","39.17329","-76.68408","42.0","2023-10-14","0.73","0.0","0.0",,"60","52","    1",,,,,,,,,,,,,
"USW00093721","BALTIMORE WASHINGTON INTERNATIONAL AIRPORT, MD US","39.17329","-76.68408","42.0","2023-10-15","0.02","0.0","0.0",,"63","44","    1",,,,,,,,,,,,,
"USW00093721","BALTIMORE WASHINGTON INTERNATIONAL AIRPORT, MD US","39.17329","-76.68408","42.0","2023-10-16","0.01","0.0","0.0",,"63","41",,,,,,,,,,,,,,
"USW00093721","BALTIMORE WASHINGTON INTERNATIONAL AIRPORT, MD US","39.17329","-76.68408","42.0","2023-10-17","0.00","0.0","0.0",,"64","47",,,,,,,,,,,,,,
"USW00093721","BALTIMORE WASHINGTON INTERNATIONAL AIRPORT, MD US","39.17329","-76.68408","42.0","2023-10-18","0.00","0.0","0.0",,"66","46",,,,,,,,,,,,,,
"USW00093721","BALTIMORE WASHINGTON INTERNATIONAL AIRPORT, MD US","39.17329","-76.68408","42.0","2023-10-19","0.00","0.0","0.0",,"73","43",,,,,,,,,,,,,,
"USW00093721","BALTIMORE WASHINGTON INTERNATIONAL AIRPORT, MD US","39.17329","-76.68408","42.0","2023-10-20","0.12","0.0","0.0",,"73","52","    1",,,,,,,,,,,,,
"USW00093721","BALTIMORE WASHINGTON INTERNATIONAL AIRPORT, MD US","39.17329","-76.68408","42.0","2023-10-21","0.00","0.0","0.0",,"68","49",,,,,,,,,,,,,,
"USW00093721","BALTIMORE WASHINGTON INTERNATIONAL AIRPORT, MD US","39.17329","-76.68408","42.0","2023-10-22","0.00","0.0","0.0",,"64","47",,,,,,,,,,,,,,
"USW00093721","BALTIMORE WASHINGTON INTERNATIONAL AIRPORT, MD US","39.17329","-76.68408","42.0","2023-10-23","0.00","0.0","0.0",,"65","41",,,,,,,,,,,,,,
"USW00093721","BALTIMORE WASHINGTON INTERNATIONAL AIRPORT, MD US","39.17329","-76.68408","42.0","2023-10-24","0.00","0.0","0.0",,"72","38",,,,,,,,,,,,,,
"USW00093721","BALTIMORE WASHINGTON INTERNATIONAL AIRPORT, MD US","39.17329","-76.68408","42.0","2023-10-25","0.00","0.0","0.0",,"78","43",,,,,,,,,,,,,,
"USW00093721","BALTIMORE WASHINGTON INTERNATIONAL AIRPORT, MD US","39.17329","-76.68408","42.0","2023-10-26","0.00","0.0","0.0",,"83","47","    1",,,,,,,,,,,,,
"USW00093721","BALTIMORE WASHINGTON INTERNATIONAL AIRPORT, MD US","39.17329","-76.68408","42.0","2023-10-27","0.00","0.0","0.0",,"82","59",,,,,,,,,,,,,,
"USW00093721","BALTIMORE WASHINGTON INTERNATIONAL AIRPORT, MD US","39.17329","-76.68408","42.0","2023-10-28","0.00","0.0","0.0",,"85","57",,,,,,,,,,,,,,
"USW00093721","BALTIMORE WASHINGTON INTERNATIONAL AIRPORT, MD US","39.17329","-76.68408","42.0","2023-10-29","0.00","0.0","0.0",,"74","61",,,,,,,,,,,,,,
"USW00093721","BALTIMORE WASHINGTON INTERNATIONAL AIRPORT, MD US","39.17329","-76.68408","42.0","2023-10-30","0.14","0.0","0.0",,"81","53","    1",,,,,,"    1",,,,,,,
"USW00093721","BALTIMORE WASHINGTON INTERNATIONAL AIRPORT, MD US","39.17329","-76.68408","42.0","2023-10-31","0.00","0.0","0.0",,"54","39",,,,,,,,,,,,,,
"USW00093721","BALTIMORE WASHINGTON INTERNATIONAL AIRPORT, MD US","39.17329","-76.68408","42.0","2023-11-01","0.00","0.0","0.0",,"50","35",,,,,,,,,,,,,,
"USW00093721","BALTIMORE WASHINGTON INTERNATIONAL AIRPORT, MD US","39.17329","-76.68408","42.0","2023-11-02","0.00","0.0","0.0",,"53","32",,,,,,,,,,,,,,
"USW00093721","BALTIMORE WASHINGTON INTERNATIONAL AIRPORT, MD US","39.17329","-76.68408","42.0","2023-11-03","0.00","0.0","0.0",,"62","29",,,,,,,,,,,,,,
"USW00093721","BALTIMORE WASHINGTON INTERNATIONAL AIRPORT, MD US","39.17329","-76.68408","42.0","2023-11-04","0.00","0.0","0.0",,"71","33",,,,,,,,,,,,,,
"USW00093721","BALTIMORE WASHINGTON INTERNATIONAL AIRPORT, MD US","39.17329","-76.68408","42.0","2023-11-05","0.00","0.0","0.0",,"74","39",,,,,,,,,,,,,,
"USW00093721","BALTIMORE WASHINGTON INTERNATIONAL AIRPORT, MD US","39.17329","-76.68408","42.0","2023-11-06","0.00","0.0","0.0",,"63","44",,,,,,,,,,,,,,
"USW00093721","BALTIMORE WASHINGTON INTERNATIONAL AIRPORT, MD US","39.17329","-76.68408","42.0","2023-11-07","0.00","0.0","0.0",,"73","48",,,,,,,,,,,,,,
"USW00093721","BALTIMORE WASHINGTON INTERNATIONAL AIRPORT, MD US","39.17329","-76.68408","42.0","2023-11-08","0.00","0.0","0.0",,"63","44",,,,,,,,,,,,,,
"USW00093721","BALTIMORE WASHINGTON INTERNATIONAL AIRPORT, MD US","39.17329","-76.68408","42.0","2023-11-09","0.01","0.0","0.0",,"77","46",,,,,,,,,,,,,,
"USW00093721","BALTIMORE WASHINGTON INTERNATIONAL AIRPORT, MD US","39.17329","-76.68408","42.0","2023-11-10","0.21","0.0","0.0",,"57","38","    1",,,,,,,,,,,,,
"USW00093721","BALTIMORE WASHINGTON INTERNATIONAL AIRPORT, MD US","39.17329","-76.68408","42.0","2023-11-11","0.00","0.0","0.0",,"61","38","    1",,,,,,,,,,,,,
"USW00093721","BALTIMORE WASHINGTON INTERNATIONAL AIRPORT, MD US","39.17329","-76.68408","42.0","2023-11-12","0.00","0.0","0.0",,"52","34",,,,,,,,,,,,,,
"USW00093721","BALTIMORE WASHINGTON INTERNATIONAL AIRPORT, MD US","39.17329","-76.68408","42.0","2023-11-13","0.00","0.0","0.0",,"56","29",,,,,,,,,,,,,,
"USW00093721","BALTIMORE WASHINGTON INTERNATIONAL AIRPORT, MD US","39.17329","-76.68408","42.0","2023-11-14","0.00","0.0","0.0",,"61","34",,,,,,,,,,,,,,
"USW00093721","BALTIMORE WASHINGTON INTERNATIONAL AIRPORT, MD US","39.17329","-76.68408","42.0","2023-11-15","0.00","0.0","0.0",,"60","33",,,,,,,,,,,,,,
"USW00093721","BALTIMORE WASHINGTON INTERNATIONAL AIRPORT, MD US","39.17329","-76.68408","42.0","2023-11-16","0.00","0.0","0.0",,"72","33",,,,,,,,,,,,,,
"USW00093721","BALTIMORE WASHINGTON INTERNATIONAL AIRPORT, MD US","39.17329","-76.68408","42.0","2023-11-17","0.02","0.0","0.0",,"71","38","    1",,,,,,,,,,,,,
"USW00093721","BALTIMORE WASHINGTON INTERNATIONAL AIRPORT, MD US","39.17329","-76.68408","42.0","2023-11-18","0.00","0.0","0.0",,"60","39","    1",,,,,,,,,,,,,
"USW00093721","BALTIMORE WASHINGTON INTERNATIONAL AIRPORT, MD US","39.17329","-76.68408","42.0","2023-11-19","0.00","0.0","0.0",,"60","33",,,,,,,,,,,,,,
"USW00093721","BALTIMORE WASHINGTON INTERNATIONAL AIRPORT, MD US","39.17329","-76.68408","42.0","2023-11-20","0.00","0.0","0.0",,"52","34",,,,,,,,,,,,,,
"USW00093721","BALTIMORE WASHINGTON INTERNATIONAL AIRPORT, MD US","39.17329","-76.68408","42.0","2023-11-21","2.20","0.0","0.0",,"58","36","    1",,,,,,,,,,,,,
"USW00093721","BALTIMORE WASHINGTON INTERNATIONAL AIRPORT, MD US","39.17329","-76.68408","42.0","2023-11-22","0.08","0.0","0.0",,"61","47","    1",,,,,,,,,,,,,
"USW00093721","BALTIMORE WASHINGTON INTERNATIONAL AIRPORT, MD US","39.17329","-76.68408","42.0","2023-11-23","0.00","0.0","0.0",,"57","39",,,,,,,,,,,,,,
"USW00093721","BALTIMORE WASHINGTON INTERNATIONAL AIRPORT, MD US","39.17329","-76.68408","42.0","2023-11-24","0.00","0.0","0.0",,"56","35",,,,,,,,,,,,,,
"USW00093721","BALTIMORE WASHINGTON INTERNATIONAL AIRPORT, MD US","39.17329","-76.68408","42.0","2023-11-25","0.00","0.0","0.0",,"43","29",,,,,,,,,,,,,,
"USW00093721","BALTIMORE WASHINGTON INTERNATIONAL AIRPORT, MD US","39.17329","-76.68408","42.0","2023-11-26","0.28","0.0","0.0",,"45","30","    1",,,,,,"    1",,,,,,,
"USW00093721","BALTIMORE WASHINGTON INTERNATIONAL AIRPORT, MD US","39.17329","-76.68408","42.0","2023-11-27","0.00","0.0","0.0",,"51","32",,,,,,,,,,,,,,
"USW00093721","BALTIMORE WASHINGTON INTERNATIONAL AIRPORT, MD US","39.17329","-76.68408","42.0","2023-11-28","0.00","0.0","0.0",,"42","27",,,,,,,,,,,,,,
"USW00093721","BALTIMORE WASHINGTON INTERNATIONAL AIRPORT, MD US","39.17329","-76.68408","42.0","2023-11-29","0.00","0.0","0.0",,"40","23",,,,,,,,,,,,,,
"USW00093721","BALTIMORE WASHINGTON INTERNATIONAL AIRPORT, MD US","39.17329","-76.68408","42.0","2023-11-30","0.00","0.0","0.0",,"58","25",,,,,,,,,,,,,,
"USW00093721","BALTIMORE WASHINGTON INTERNATIONAL AIRPORT, MD US","39.17329","-76.68408","42.0","2023-12-01","0.18","0.0","0.0",,"48","30","    1",,,,,,,,,,,,,
"USW00093721","BALTIMORE WASHINGTON INTERNATIONAL AIRPORT, MD US","39.17329","-76.68408","42.0","2023-12-02","0.01","0.0","0.0",,"54","44","    1","    1",,,,,,,,,,,,
"USW00093721","BALTIMORE WASHINGTON INTERNATIONAL AIRPORT, MD US","39.17329","-76.68408","42.0","2023-12-03","0.59","0.0","0.0",,"56","48","    1","    1",,,,,,,,,,,,
"USW00093721","BALTIMORE WASHINGTON INTERNATIONAL AIRPORT, MD US","39.17329","-76.68408","42.0","2023-12-04","0.00","0.0","0.0",,"56","36",,,,,,,,,,,,,,
"USW00093721","BALTIMORE WASHINGTON INTERNATIONAL AIRPORT, MD US","39.17329","-76.68408","42.0","2023-12-05","0.00","0.0","0.0",,"51","32",,,,,,,,,,,,,,
"USW00093721","BALTIMORE WASHINGTON INTERNATIONAL AIRPORT, MD US","39.17329","-76.68408","42.0","2023-12-06","0.01","0.0","0.0",,"45","32",,,,,,,,,,,,,,
"USW00093721","BALTIMORE WASHINGTON INTERNATIONAL AIRPORT, MD US","39.17329","-76.68408","42.0","2023-12-07","0.00","0.0","0.0",,"45","28",,,,,,,,,,,,,,
"USW00093721","BALTIMORE WASHINGTON INTERNATIONAL AIRPORT, MD US","39.17329","-76.68408","42.0","2023-12-08","0.00","0.0","0.0",,"57","32",,,,,,,,,,,,,,
"USW00093721","BALTIMORE WASHINGTON INTERNATIONAL AIRPORT, MD US","39.17329","-76.68408","42.0","2023-12-09","0.00","0.0","0.0",,"56","34","    1","    1",,,,,"    1",,,,,,,
"USW00093721","BALTIMORE WASHINGTON INTERNATIONAL AIRPORT, MD US","39.17329","-76.68408","42.0","2023-12-10","1.52","0.0","0.0",,"61","42","    1",,"    1",,,,"    1",,,,,,,
"USW00093721","BALTIMORE WASHINGTON INTERNATIONAL AIRPORT, MD US","39.17329","-76.68408","42.0","2023-12-11","0.48","0.0","0.0",,"48","32","    1",,,,,,,,,,,,,
"USW00093721","BALTIMORE WASHINGTON INTERNATIONAL AIRPORT, MD US","39.17329","-76.68408","42.0","2023-12-12","0.00","0.0","0.0",,"49","25",,,,,,,,,,,,,,
"USW00093721","BALTIMORE WASHINGTON INTERNATIONAL AIRPORT, MD US","39.17329","-76.68408","42.0","2023-12-13","0.00","0.0","0.0",,"51","28",,,,,,,"    1",,,,,,,
"USW00093721","BALTIMORE WASHINGTON INTERNATIONAL AIRPORT, MD US","39.17329","-76.68408","42.0","2023-12-14","0.00","0.0","0.0",,"48","23",,,,,,,,,,,,,,
"USW00093721","BALTIMORE WASHINGTON INTERNATIONAL AIRPORT, MD US","39.17329","-76.68408","42.0","2023-12-15","0.00","0.0","0.0",,"60","29",,,,,,,,,,,,,,
"USW00093721","BALTIMORE WASHINGTON INTERNATIONAL AIRPORT, MD US","39.17329","-76.68408","42.0","2023-12-16","0.00","0.0","0.0",,"58","33","    1",,,,,,,,,,,,,
"USW00093721","BALTIMORE WASHINGTON INTERNATIONAL AIRPORT, MD US","39.17329","-76.68408","42.0","2023-12-17","2.14","0.0","0.0",,"57","42","    1","    1",,,,,,,,,,,,
"USW00093721","BALTIMORE WASHINGTON INTERNATIONAL AIRPORT, MD US","39.17329","-76.68408","42.0","2023-12-18","0.68","0.0","0.0",,"57","37","    1",,,,,,,,,,,,,
"USW00093721","BALTIMORE WASHINGTON INTERNATIONAL AIRPORT, MD US","39.17329","-76.68408","42.0","2023-12-19","0.00","0.0","0.0",,"43","26",,,,,,,,,,,,,,
"USW00093721","BALTIMORE WASHINGTON INTERNATIONAL AIRPORT, MD US","39.17329","-76.68408","42.0","2023-12-20","0.00","0.0","0.0",,"49","23",,,,,,,,,,,,,,
"USW00093721","BALTIMORE WASHINGTON INTERNATIONAL AIRPORT, MD US","39.17329","-76.68408","42.0","2023-12-21","0.00","0.0","0.0",,"49","29",,,,,,,,,,,,,,
"USW00093721","BALTIMORE WASHINGTON INTERNATIONAL AIRPORT, MD US","39.17329","-76.68408","42.0","2023-12-22","0.00","0.0","0.0",,"46","35",,,,,,,,,,,,,,
"USW00093721","BALTIMORE WASHINGTON INTERNATIONAL AIRPORT, MD US","39.17329","-76.68408","42.0","2023-12-23","0.00","0.0","0.0",,"50","36",,,,,,,,,,,,,,
"USW00093721","BALTIMORE WASHINGTON INTERNATIONAL AIRPORT, MD US","39.17329","-76.68408","42.0","2023-12-24","0.02","0.0","0.0",,"51","37",,,,,,,,,,,,,,
"USW00093721","BALTIMORE WASHINGTON INTERNATIONAL AIRPORT, MD US","39.17329","-76.68408","42.0","2023-12-25","0.00","0.0","0.0",,"57","42","    1",,,,,,,,,,,,,
"USW00093721","BALTIMORE WASHINGTON INTERNATIONAL AIRPORT, MD US","39.17329","-76.68408","42.0","2023-12-26","0.04","0.0","0.0",,"48","44","    1","    1",,,,,,,,,,,,
"USW00093721","BALTIMORE WASHINGTON INTERNATIONAL AIRPORT, MD US","39.17329","-76.68408","42.0","2023-12-27","1.62","0.0","0.0",,"54","46","    1","    1",,,,,,,,,,,,
"USW00093721","BALTIMORE WASHINGTON INTERNATIONAL AIRPORT, MD US","39.17329","-76.68408","42.0","2023-12-28","0.00","0.0","0.0",,"59","45","    1",,,,,,,,,,,,,
"USW00093721","BALTIMORE WASHINGTON INTERNATIONAL AIRPORT, MD US","39.17329","-76.68408","42.0","2023-12-29","0.00","0.0","0.0",,"55","44",,,,,,,,,,,,,,
"USW00093721","BALTIMORE WASHINGTON INTERNATIONAL AIRPORT, MD US","39.17329","-76.68408","42.0","2023-12-30","0.00","0.0","0.0",,"49","38",,,,,,,,,,,,,,
"USW00093721","BALTIMORE WASHINGTON INTERNATIONAL AIRPORT, MD US","39.17329","-76.68408","42.0","2023-12-31","0.00","0.0","0.0",,"51","41",,,,,,,,,,,,,,
"USW00093721","BALTIMORE WASHINGTON INTERNATIONAL AIRPORT, MD US","39.17329","-76.68408","42.0","2024-01-01","0.03","0.0","0.0",,"45","37",,,,,,,,,,,,,,
"USW00093721","BALTIMORE WASHINGTON INTERNATIONAL AIRPORT, MD US","39.17329","-76.68408","42.0","2024-01-02","0.00","0.0","0.0",,"45","32",,,,,,,,,,,,,,
"USW00093721","BALTIMORE WASHINGTON INTERNATIONAL AIRPORT, MD US","39.17329","-76.68408","42.0","2024-01-03","0.00","0.0","0.0",,"48","27",,,,,,,,,,,,,,
"USW00093721","BALTIMORE WASHINGTON INTERNATIONAL AIRPORT, MD US","39.17329","-76.68408","42.0","2024-01-04","0.00","0.0","0.0",,"45","30",,,,,,,,,,,,,,
"USW00093721","BALTIMORE WASHINGTON INTERNATIONAL AIRPORT, MD US","39.17329","-76.68408","42.0","2024-01-05","0.00","0.0","0.0",,"42","22",,,,,,,,,,,,,,
"USW00093721","BALTIMORE WASHINGTON INTERNATIONAL AIRPORT, MD US","39.17329","-76.68408","42.0","2024-01-06","1.20","0.0","0.0",,"39","26","    1",,,"    1",,,,,,,,,,
"USW00093721","BALTIMORE WASHINGTON INTERNATIONAL AIRPORT, MD US","39.17329","-76.68408","42.0","2024-01-07","0.00","0.0","0.0",,"51","35","    1",,,,,,,,,,,,,
"USW00093721","BALTIMORE WASHINGTON INTERNATIONAL AIRPORT, MD US","39.17329","-76.68408","42.0","2024-01-08","0.00","0.0","0.0",,"50","29",,,,,,,,,,,,,,
"USW00093721","BALTIMORE WASHINGTON INTERNATIONAL AIRPORT, MD US","39.17329","-76.68408","42.0","2024-01-09","2.62","0.0","0.0",,"59","33","    1",,,,,,,,,,,,,
"USW00093721","BALTIMORE WASHINGTON INTERNATIONAL AIRPORT, MD US","39.17329","-76.68408","42.0","2024-01-10","0.00","0.0","0.0",,"59","42",,,,,,,,,,,,,,
"USW00093721","BALTIMORE WASHINGTON INTERNATIONAL AIRPORT, MD US","39.17329","-76.68408","42.0","2024-01-11","0.00","0.0","0.0",,"52","30",,,,,,,,,,,,,,
"USW00093721","BALTIMORE WASHINGTON INTERNATIONAL AIRPORT, MD US","39.17329","-76.68408","42.0","2024-01-12","0.40","0.0","0.0",,"56","28","    1",,,,,,,,,,,,,
"USW00093721","BALTIMORE WASHINGTON INTERNATIONAL AIRPORT, MD US","39.17329","-76.68408","42.0","2024-01-13","0.08","0.0","0.0",,"56","34","    1",,,,,,,,,,,,,
"USW00093721","BALTIMORE WASHINGTON INTERNATIONAL AIRPORT, MD US","39.17329","-76.68408","42.0","2024-01-14","0.00","0.0","0.0",,"46","28",,,,,,,,,,,,,,
"USW00093721","BALTIMORE WASHINGTON INTERNATIONAL AIRPORT, MD US","39.17329","-76.68408","42.0","2024-01-15","0.36","4.1","0.0",,"30","24","    1",,,,,,,,,,,,,
"USW00093721","BALTIMORE WASHINGTON INTERNATIONAL AIRPORT, MD US","39.17329","-76.68408","42.0","2024-01-16","0.12","0.8","5.1",,"31","16","    1",,,"    1",,"    1",,,,,,,,
"USW00093721","BALTIMORE WASHINGTON INTERNATIONAL AIRPORT, MD US","39.17329","-76.68408","42.0","2024-01-17","0.00","0.0","3.1",,"28","12",,,,,,,,,,,,,,
"USW00093721","BALTIMORE WASHINGTON INTERNATIONAL AIRPORT, MD US","39.17329","-76.68408","42.0","2024-01-18","0.00","0.0","3.1",,"35","13",,,,,,,,,,,,,,
"USW00093721","BALTIMORE WASHINGTON INTERNATIONAL AIRPORT, MD US","39.17329","-76.68408","42.0","2024-01-19","0.38","4.2","5.1",,"33","22","    1","    1",,,,,"    1",,,,,,,
"USW00093721","BALTIMORE WASHINGTON INTERNATIONAL AIRPORT, MD US","39.17329","-76.68408","42.0","2024-01-20","0.00","0.0","5.9",,"27","17",,,,,,,,,,,,,,
"USW00093721","BALTIMORE WASHINGTON INTERNATIONAL AIRPORT, MD US","39.17329","-76.68408","42.0","2024-01-21","0.00","0.0","2.0",,"33","18",,,,,,,,,,,,,,
"USW00093721","BALTIMORE WASHINGTON INTERNATIONAL AIRPORT, MD US","39.17329","-76.68408","42.0","2024-01-22","0.00","0.0","2.0",,"39","14",,,,,,,,,,,,,,
"USW00093721","BALTIMORE WASHINGTON INTERNATIONAL AIRPORT, MD US","39.17329","-76.68408","42.0","2024-01-23","0.00","0.0","2.0",,"46","23",,,,,,,,,,,,,,
"USW00093721","BALTIMORE WASHINGTON INTERNATIONAL AIRPORT, MD US","39.17329","-76.68408","42.0","2024-01-24","0.01","0.0","0.0",,"45","36","    1",,,,,,"    1",,,,,,,
"USW00093721","BALTIMORE WASHINGTON INTERNATIONAL AIRPORT, MD US","39.17329","-76.68408","42.0","2024-01-25","0.20","0.0","0.0",,"62","44","    1","    1",,,,,,,,,,,,
"USW00093721","BALTIMORE WASHINGTON INTERNATIONAL AIRPORT, MD US","39.17329","-76.68408","42.0","2024-01-26","0.03","0.0","0.0",,"78","48","    1","    1",,,,,,,,,,,,
"USW00093721","BALTIMORE WASHINGTON INTERNATIONAL AIRPORT, MD US","39.17329","-76.68408","42.0","2024-01-27","0.05","0.0","0.0",,"60","40","    1","    1",,,,,,,,,,,,
"USW00093721","BALTIMORE WASHINGTON INTERNATIONAL AIRPORT, MD US","39.17329","-76.68408","42.0","2024-01-28","1.29","0.0","0.0",,"46","42","    1",,,,,,,,,,,,,
"USW00093721","BALTIMORE WASHINGTON INTERNATIONAL AIRPORT, MD US","39.17329","-76.68408","42.0","2024-01-29","0.00","0.0","0.0",,"47","41",,,,,,,,,,,,,,
"USW00093721","BALTIMORE WASHINGTON INTERNATIONAL AIRPORT, MD US","39.17329","-76.68408","42.0","2024-01-30","0.00","0.0","0.0",,"42","37",,,,,,,,,,,,,,
"USW00093721","BALTIMORE WASHINGTON INTERNATIONAL AIRPORT, MD US","39.17329","-76.68408","42.0","2024-01-31","0.00","0.0","0.0",,"44","32","    1",,,,,,,,,,,,,
"USW00093721","BALTIMORE WASHINGTON INTERNATIONAL AIRPORT, MD US","39.17329","-76.68408","42.0","2024-02-01","0.00","0.0","0.0",,"55","28","    1",,,,,,,,,,,,,
"USW00093721","BALTIMORE WASHINGTON INTERNATIONAL AIRPORT, MD US","39.17329","-76.68408","42.0","2024-02-02","0.02","0.0","0.0",,"50","41","    1",,,,,,,,,,,,,
"USW00093721","BALTIMORE WASHINGTON INTERNATIONAL AIRPORT, MD US","39.17329","-76.68408","42.0","2024-02-03","0.00","0.0","0.0",,"51","32",,,,,,,,,,,,,,
"USW00093721","BALTIMORE WASHINGTON INTERNATIONAL AIRPORT, MD US","39.17329","-76.68408","42.0","2024-02-04","0.00","0.0","0.0",,"55","27",,,,,,,,,,,,,,
"USW00093721","BALTIMORE WASHINGTON INTERNATIONAL AIRPORT, MD US","39.17329","-76.68408","42.0","2024-02-05","0.00","0.0","0.0",,"49","27",,,,,,,,,,,,,,
"USW00093721","BALTIMORE WASHINGTON INTERNATIONAL AIRPORT, MD US","39.17329","-76.68408","42.0","2024-02-06","0.00","0.0","0.0",,"45","28",,,,,,,,,,,,,,
"USW00093721","BALTIMORE WASHINGTON INTERNATIONAL AIRPORT, MD US","39.17329","-76.68408","42.0","2024-02-07","0.00","0.0","0.0",,"52","24",,,,,,,,,,,,,,
"USW00093721","BALTIMORE WASHINGTON INTERNATIONAL AIRPORT, MD US","39.17329","-76.68408","42.0","2024-02-08","0.00","0.0","0.0",,"56","28",,,,,,,,,,,,,,
"USW00093721","BALTIMORE WASHINGTON INTERNATIONAL AIRPORT, MD US","39.17329","-76.68408","42.0","2024-02-09","0.00","0.0","0.0",,"62","38",,,,,,,,,,,,,,
"USW00093721","BALTIMORE WASHINGTON INTERNATIONAL AIRPORT, MD US","39.17329","-76.68408","42.0","2024-02-10","0.00","0.0","0.0",,"65","38",,,,,,,,,,,,,,
"USW00093721","BALTIMORE WASHINGTON INTERNATIONAL AIRPORT, MD US","39.17329","-76.68408","42.0","2024-02-11","0.05","0.0","0.0",,"58","47","    1",,,,,,"    1",,,,,,,
"USW00093721","BALTIMORE WASHINGTON INTERNATIONAL AIRPORT, MD US","39.17329","-76.68408","42.0","2024-02-12","0.10","0.0","0.0",,"49","42","    1",,,,,,"    1",,,,,,,
"USW00093721","BALTIMORE WASHINGTON INTERNATIONAL AIRPORT, MD US","39.17329","-76.68408","42.0","2024-02-13","0.89","0.0","0.0",,"47","34","    1",,,"    1",,,,,,,,,,
"USW00093721","BALTIMORE WASHINGTON INTERNATIONAL AIRPORT, MD US","39.17329","-76.68408","42.0","2024-02-14","0.00","0.0","0.0",,"44","27",,,,,,,,,,,,,,
"USW00093721","BALTIMORE WASHINGTON INTERNATIONAL AIRPORT, MD US","39.17329","-76.68408","42.0","2024-02-15","0.00","0.0","0.0",,"46","23",,,,,,,,,,,,,,
"USW00093721","BALTIMORE WASHINGTON INTERNATIONAL AIRPORT, MD US","39.17329","-76.68408","42.0","2024-02-16","0.00","0.0","0.0",,"48","31",,,,,,,,,,,,,,
"USW00093721","BALTIMORE WASHINGTON INTERNATIONAL AIRPORT, MD US","39.17329","-76.68408","42.0","2024-02-17","0.26","2.2","2.0",,"40","25","    1","    1",,,,,,,,,,,,
"USW00093721","BALTIMORE WASHINGTON INTERNATIONAL AIRPORT, MD US","39.17329","-76.68408","42.0","2024-02-18","0.00","0.0","0.0",,"48","23",,,,,,,,,,,,,,
"USW00093721","BALTIMORE WASHINGTON INTERNATIONAL AIRPORT, MD US","39.17329","-76.68408","42.0","2024-02-19","0.00","0.0","0.0",,"48","24",,,,,,,,,,,,,,
"USW00093721","BALTIMORE WASHINGTON INTERNATIONAL AIRPORT, MD US","39.17329","-76.68408","42.0","2024-02-20","0.00","0.0","0.0",,"47","27",,,,,,,,,,,,,,
"USW00093721","BALTIMORE WASHINGTON INTERNATIONAL AIRPORT, MD US","39.17329","-76.68408","42.0","2024-02-21","0.00","0.0","0.0",,"46","24",,,,,,,,,,,,,,
"USW00093721","BALTIMORE WASHINGTON INTERNATIONAL AIRPORT, MD US","39.17329","-76.68408","42.0","2024-02-22","0.22","0.0","0.0",,"46","26","    1",,"    1",,,,,,,,,,,
"USW00093721","BALTIMORE WASHINGTON INTERNATIONAL AIRPORT, MD US","39.17329","-76.68408","42.0","2024-02-23","0.01","0.0","0.0",,"50","38","    1",,,,,,"    1",,,,,,,
"USW00093721","BALTIMORE WASHINGTON INTERNATIONAL AIRPORT, MD US","39.17329","-76.68408","42.0","2024-02-24","0.01","0.0","0.0",,"51","30","    1",,,,,,,,,,,,,
"USW00093721","BALTIMORE WASHINGTON INTERNATIONAL AIRPORT, MD US","39.17329","-76.68408","42.0","2024-02-25","0.00","0.0","0.0",,"47","21",,,,,,,,,,,,,,
"USW00093721","BALTIMORE WASHINGTON INTERNATIONAL AIRPORT, MD US","39.17329","-76.68408","42.0","2024-02-26","0.00","0.0","0.0",,"62","30",,,,,,,,,,,,,,
"USW00093721","BALTIMORE WASHINGTON INTERNATIONAL AIRPORT, MD US","39.17329","-76.68408","42.0","2024-02-27","0.00","0.0","0.0",,"66","36","    1",,,,,,,,,,,,,
"USW00093721","BALTIMORE WASHINGTON INTERNATIONAL AIRPORT, MD US","39.17329","-76.68408","42.0","2024-02-28","0.28","0.0","0.0",,"66","40","    1",,"    1",,,,,,,,,,,
"USW00093721","BALTIMORE WASHINGTON INTERNATIONAL AIRPORT, MD US","39.17329","-76.68408","42.0","2024-02-29","0.00","0.0","0.0",,"48","30",,,,,,,,,,,,,,
"USW00093721","BALTIMORE WASHINGTON INTERNATIONAL AIRPORT, MD US","39.17329","-76.68408","42.0","2024-03-01","0.03","0.0","0.0",,"50","26",,,,,,,,,,,,,,
"USW00093721","BALTIMORE WASHINGTON INTERNATIONAL AIRPORT, MD US","39.17329","-76.68408","42.0","2024-03-02","1.02","0.0","0.0",,"56","40","    1",,,,,,,,,,,,,
"USW00093721","BALTIMORE WASHINGTON INTERNATIONAL AIRPORT, MD US","39.17329","-76.68408","42.0","2024-03-03","0.00","0.0","0.0",,"68","36","    1",,,,,,,,,,,,,
"USW00093721","BALTIMORE WASHINGTON INTERNATIONAL AIRPORT, MD US","39.17329","-76.68408","42.0","2024-03-04","0.00","0.0","0.0",,"67","47",,,,,,,,,,,,,,
"USW00093721","BALTIMORE WASHINGTON INTERNATIONAL AIRPORT, MD US","39.17329","-76.68408","42.0","2024-03-05","0.49","0.0","0.0",,"55","46","    1",,,,,,,,,,,,,
"USW00093721","BALTIMORE WASHINGTON INTERNATIONAL AIRPORT, MD US","39.17329","-76.68408","42.0","2024-03-06","0.35","0.0","0.0",,"53","45","    1","    1",,,,,,,,,,,,
"USW00093721","BALTIMORE WASHINGTON INTERNATIONAL AIRPORT, MD US","39.17329","-76.68408","42.0","2024-03-07","0.03","0.0","0.0",,"64","49",,,,,,,,,,,,,,
"USW00093721","BALTIMORE WASHINGTON INTERNATIONAL AIRPORT, MD US","39.17329","-76.68408","42.0","2024-03-08","0.00","0.0","0.0",,"56","43",,,,,,,,,,,,,,
"USW00093721","BALTIMORE WASHINGTON INTERNATIONAL AIRPORT, MD US","39.17329","-76.68408","42.0","2024-03-09","1.08","0.0","0.0",,"51","42","    1",,"    1",,,,,,,,,,,
"USW00093721","BALTIMORE WASHINGTON INTERNATIONAL AIRPORT, MD US","39.17329","-76.68408","42.0","2024-03-10","0.01","0.0","0.0",,"49","35",,,,,,,,,,,,,,
"USW00093721","BALTIMORE WASHINGTON INTERNATIONAL AIRPORT, MD US","39.17329","-76.68408","42.0","2024-03-11","0.00","0.0","0.0",,"56","37",,,,,,,,,,,,,,
"USW00093721","BALTIMORE WASHINGTON INTERNATIONAL AIRPORT, MD US","39.17329","-76.68408","42.0","2024-03-12","0.00","0.0","0.0",,"73","44",,,,,,,,,,,,,,
"USW00093721","BALTIMORE WASHINGTON INTERNATIONAL AIRPORT, MD US","39.17329","-76.68408","42.0","2024-03-13","0.00","0.0","0.0",,"74","40",,,,,,,,,,,,,,
"USW00093721","BALTIMORE WASHINGTON INTERNATIONAL AIRPORT, MD US","39.17329","-76.68408","42.0","2024-03-14","0.00","0.0","0.0",,"80","44",,,,,,,,,,,,,,
"USW00093721","BALTIMORE WASHINGTON INTERNATIONAL AIRPORT, MD US","39.17329","-76.68408","42.0","2024-03-15","0.01","0.0","0.0",,"75","53",,,,,,,,,,,,,,
"USW00093721","BALTIMORE WASHINGTON INTERNATIONAL AIRPORT, MD US","39.17329","-76.68408","42.0","2024-03-16","0.00","0.0","0.0",,"64","41",,,,,,,,,,,,,,
"USW00093721","BALTIMORE WASHINGTON INTERNATIONAL AIRPORT, MD US","39.17329","-76.68408","42.0","2024-03-17","0.00","0.0","0.0",,"70","48",,,,,,,,,,,,,,
"USW00093721","BALTIMORE WASHINGTON INTERNATIONAL AIRPORT, MD US","39.17329","-76.68408","42.0","2024-03-18","0.00","0.0","0.0",,"52","35",,,,,,,,,,,,,,
"USW00093721","BALTIMORE WASHINGTON INTERNATIONAL AIRPORT, MD US","39.17329","-76.68408","42.0","2024-03-19","0.00","0.0","0.0",,"52","32",,,,,,,,,,,,,,
"USW00093721","BALTIMORE WASHINGTON INTERNATIONAL AIRPORT, MD US","39.17329","-76.68408","42.0","2024-03-20","0.00","0.0","0.0",,"68","37",,,,,,,,,,,,,,
"USW00093721","BALTIMORE WASHINGTON INTERNATIONAL AIRPORT, MD US","39.17329","-76.68408","42.0","2024-03-21","0.00","0.0","0.0",,"49","28",,,,,,,,,,,,,,
"USW00093721","BALTIMORE WASHINGTON INTERNATIONAL AIRPORT, MD US","39.17329","-76.68408","42.0","2024-03-22","0.00","0.0","0.0",,"49","29",,,,,,,,,,,,,,
"USW00093721","BALTIMORE WASHINGTON INTERNATIONAL AIRPORT, MD US","39.17329","-76.68408","42.0","2024-03-23","1.53","0.0","0.0",,"56","34","    1",,,,,,,,,,,,,
"USW00093721","BALTIMORE WASHINGTON INTERNATIONAL AIRPORT, MD US","39.17329","-76.68408","42.0","2024-03-24","0.00","0.0","0.0",,"51","28",,,,,,,,,,,,,,
"USW00093721","BALTIMORE WASHINGTON INTERNATIONAL AIRPORT, MD US","39.17329","-76.68408","42.0","2024-03-25","0.00","0.0","0.0",,"53","31",,,,,,,,,,,,,,
"USW00093721","BALTIMORE WASHINGTON INTERNATIONAL AIRPORT, MD US","39.17329","-76.68408","42.0","2024-03-26","0.00","0.0","0.0",,"56","32",,,,,,,,,,,,,,
"USW00093721","BALTIMORE WASHINGTON INTERNATIONAL AIRPORT, MD US","39.17329","-76.68408","42.0","2024-03-27","0.82","0.0","0.0",,"48","44","    1",,,,,,,,,,,,,
"USW00093721","BALTIMORE WASHINGTON INTERNATIONAL AIRPORT, MD US","39.17329","-76.68408","42.0","2024-03-28","0.09","0.0","0.0",,"53","42","    1",,,,,,,,,,,,,
"USW00093721","BALTIMORE WASHINGTON INTERNATIONAL AIRPORT, MD US","39.17329","-76.68408","42.0","2024-03-29","0.00","0.0","0.0",,"62","34",,,,,,,,,,,,,,
"USW00093721","BALTIMORE WASHINGTON INTERNATIONAL AIRPORT, MD US","39.17329","-76.68408","42.0","2024-03-30","0.08","0.0","0.0",,"63","34","    1",,"    1",,,,"    1",,,,,,,
"USW00093721","BALTIMORE WASHINGTON INTERNATIONAL AIRPORT, MD US","39.17329","-76.68408","42.0","2024-03-31","0.00","0.0","0.0",,"69","43","    1",,,,,,,,,,,,,
"USW00093721","BALTIMORE WASHINGTON INTERNATIONAL AIRPORT, MD US","39.17329","-76.68408","42.0","2024-04-01","0.71","0.0","0.0",,"54","50","    1",,"    1",,,,,,,,,,,
"USW00093721","BALTIMORE WASHINGTON INTERNATIONAL AIRPORT, MD US","39.17329","-76.68408","42.0","2024-04-02","0.94","0.0","0.0",,"50","47","    1",,"    1",,,,,,,,,,,
"USW00093721","BALTIMORE WASHINGTON INTERNATIONAL AIRPORT, MD US","39.17329","-76.68408","42.0","2024-04-03","1.21","0.0","0.0",,"50","44","    1",,"    1",,,,,,,,,,,
"USW00093721","BALTIMORE WASHINGTON INTERNATIONAL AIRPORT, MD US","39.17329","-76.68408","42.0","2024-04-04","0.02","0.0","0.0",,"54","35","    1",,,,,,,,,,,,,
"USW00093721","BALTIMORE WASHINGTON INTERNATIONAL AIRPORT, MD US","39.17329","-76.68408","42.0","2024-04-05","0.00","0.0","0.0",,"54","37",,,,,,,,,,,,,,
"USW00093721","BALTIMORE WASHINGTON INTERNATIONAL AIRPORT, MD US","39.17329","-76.68408","42.0","2024-04-06","0.00","0.0","0.0",,"56","37",,,,,,,,,,,,,,
"USW00093721","BALTIMORE WASHINGTON INTERNATIONAL AIRPORT, MD US","39.17329","-76.68408","42.0","2024-04-07","0.00","0.0","0.0",,"65","40",,,,,,,,,,,,,,
"USW00093721","BALTIMORE WASHINGTON INTERNATIONAL AIRPORT, MD US","39.17329","-76.68408","42.0","2024-04-08","0.00","0.0","0.0",,"71","36",,,,,,,,,,,,,,
"USW00093721","BALTIMORE WASHINGTON INTERNATIONAL AIRPORT, MD US","39.17329","-76.68408","42.0","2024-04-09","0.00","0.0","0.0",,"77","44",,,,,,,,,,,,,,
"USW00093721","BALTIMORE WASHINGTON INTERNATIONAL AIRPORT, MD US","39.17329","-76.68408","42.0","2024-04-10","0.00","0.0","0.0",,"77","57",,,,,,,,,,,,,,
"USW00093721","BALTIMORE WASHINGTON INTERNATIONAL AIRPORT, MD US","39.17329","-76.68408","42.0","2024-04-11","0.02","0.0","0.0",,"73","61","    1",,"    1",,,,,,,,,,,
"USW00093721","BALTIMORE WASHINGTON INTERNATIONAL AIRPORT, MD US","39.17329","-76.68408","42.0","2024-04-12","0.20","0.0","0.0",,"68","56","    1",,,,,,,,,,,,,
"USW00093721","BALTIMORE WASHINGTON INTERNATIONAL AIRPORT, MD US","39.17329","-76.68408","42.0","2024-04-13","0.00","0.0","0.0",,"66","48",,,,,,,,,,,,,,
"USW00093721","BALTIMORE WASHINGTON INTERNATIONAL AIRPORT, MD US","39.17329","-76.68408","42.0","2024-04-14","0.00","0.0","0.0",,"82","40",,,,,,,,,,,,,,
"USW00093721","BALTIMORE WASHINGTON INTERNATIONAL AIRPORT, MD US","39.17329","-76.68408","42.0","2024-04-15","0.00","0.0","0.0",,"85","60",,,,,,,,,,,,,,
"USW00093721","BALTIMORE WASHINGTON INTERNATIONAL AIRPORT, MD US","39.17329","-76.68408","42.0","2024-04-16","0.00","0.0","0.0",,"77","50",,,,,,,,,,,,,,
"USW00093721","BALTIMORE WASHINGTON INTERNATIONAL AIRPORT, MD US","39.17329","-76.68408","42.0","2024-04-17","0.03","0.0","0.0",,"70","56",,,"    1",,,,,,,,,,,
"USW00093721","BALTIMORE WASHINGTON INTERNATIONAL AIRPORT, MD US","39.17329","-76.68408","42.0","2024-04-18","0.00","0.0","0.0",,"69","53","    1",,,,,,"    1",,,,,,,
"USW00093721","BALTIMORE WASHINGTON INTERNATIONAL AIRPORT, MD US","39.17329","-76.68408","42.0","2024-04-19","0.01","0.0","0.0",,"55","49",,,,,,,,,,,,,,
"USW00093721","BALTIMORE WASHINGTON INTERNATIONAL AIRPORT, MD US","39.17329","-76.68408","42.0","2024-04-20","0.04","0.0","0.0",,"73","52","    1",,,,,,,,,,,,,
"USW00093721","BALTIMORE WASHINGTON INTERNATIONAL AIRPORT, MD US","39.17329","-76.68408","42.0","2024-04-21","0.00","0.0","0.0",,"54","42",,,,,,,,,,,,,,
"USW00093721","BALTIMORE WASHINGTON INTERNATIONAL AIRPORT, MD US","39.17329","-76.68408","42.0","2024-04-22","0.00","0.0","0.0",,"65","35",,,,,,,,,,,,,,
"USW00093721","BALTIMORE WASHINGTON INTERNATIONAL AIRPORT, MD US","39.17329","-76.68408","42.0","2024-04-23","0.00","0.0","0.0",,"72","38",,,,,,,,,,,,,,
"USW00093721","BALTIMORE WASHINGTON INTERNATIONAL AIRPORT, MD US","39.17329","-76.68408","42.0","2024-04-24","0.00","0.0","0.0",,"75","51",,,,,,,,,,,,,,
"USW00093721","BALTIMORE WASHINGTON INTERNATIONAL AIRPORT, MD US","39.17329","-76.68408","42.0","2024-04-25","0.00","0.0","0.0",,"60","45",,,,,,,,,,,,,,
"USW00093721","BALTIMORE WASHINGTON INTERNATIONAL AIRPORT, MD US","39.17329","-76.68408","42.0","2024-04-26","0.00","0.0","0.0",,"65","39",,,,,,,,,,,,,,
"USW00093721","BALTIMORE WASHINGTON INTERNATIONAL AIRPORT, MD US","39.17329","-76.68408","42.0","2024-04-27","0.02","0.0","0.0",,"58","51",,,,,,,,,,,,,,
"USW00093721","BALTIMORE WASHINGTON INTERNATIONAL AIRPORT, MD US","39.17329","-76.68408","42.0","2024-04-28","0.00","0.0","0.0",,"86","52",,,,,,,,,,,,,,
"USW00093721","BALTIMORE WASHINGTON INTERNATIONAL AIRPORT, MD US","39.17329","-76.68408","42.0","2024-04-29","0.00","0.0","0.0",,"92","61",,,,,,,,,,,,,,
"USW00093721","BALTIMORE WASHINGTON INTERNATIONAL AIRPORT, MD US","39.17329","-76.68408","42.0","2024-04-30","0.18","0.0","0.0",,"88","64","    1",,"    1",,,,,,,,,,,
"USW00093721","BALTIMORE WASHINGTON INTERNATIONAL AIRPORT, MD US","39.17329","-76.68408","42.0","2024-05-01","0.00","0.0","0.0",,"83","61","    1",,,,,,,,,,,,,
"USW00093721","BALTIMORE WASHINGTON INTERNATIONAL AIRPORT, MD US","39.17329","-76.68408","42.0","2024-05-02","0.00","0.0","0.0",,"90","56","    1",,,,,,,,,,,,,
"USW00093721","BALTIMORE WASHINGTON INTERNATIONAL AIRPORT, MD US","39.17329","-76.68408","42.0","2024-05-03","0.00","0.0","0.0",,"72","53",,,,,,,,,,,,,,
"USW00093721","BALTIMORE WASHINGTON INTERNATIONAL AIRPORT, MD US","39.17329","-76.68408","42.0","2024-05-04","0.37","0.0","0.0",,"54","51","    1",,"    1",,,,,,,,,,,
"USW00093721","BALTIMORE WASHINGTON INTERNATIONAL AIRPORT, MD US","39.17329","-76.68408","42.0","2024-05-05","0.74","0.0","0.0",,"67","52","    1",,,,,,,,,,,,,
"USW00093721","BALTIMORE WASHINGTON INTERNATIONAL AIRPORT, MD US","39.17329","-76.68408","42.0","2024-05-06","0.00","0.0","0.0",,"73","63","    1","    1",,,,,"    1",,,,,,,
"USW00093721","BALTIMORE WASHINGTON INTERNATIONAL AIRPORT, MD US","39.17329","-76.68408","42.0","2024-05-07","0.00","0.0","0.0",,"79","64","    1",,,,,,"    1",,,,,,,
"USW00093721","BALTIMORE WASHINGTON INTERNATIONAL AIRPORT, MD US","39.17329","-76.68408","42.0","2024-05-08","0.00","0.0","0.0",,"85","64","    1",,,,,,,,,,,,,
"USW00093721","BALTIMORE WASHINGTON INTERNATIONAL AIRPORT, MD US","39.17329","-76.68408","42.0","2024-05-09","0.25","0.0","0.0",,"71","58","    1",,,,,,,,,,,,,
"USW00093721","BALTIMORE WASHINGTON INTERNATIONAL AIRPORT, MD US","39.17329","-76.68408","42.0","2024-05-10","0.10","0.0","0.0",,"58","50","    1",,,,,,,,,,,,,
"USW00093721","BALTIMORE WASHINGTON INTERNATIONAL AIRPORT, MD US","39.17329","-76.68408","42.0","2024-05-11","0.23","0.0","0.0",,"65","46","    1",,"    1",,,,,,,,,,,
"USW00093721","BALTIMORE WASHINGTON INTERNATIONAL AIRPORT, MD US","39.17329","-76.68408","42.0","2024-05-12","0.07","0.0","0.0",,"66","47","    1",,"    1",,,,"    1",,,,,,,
"USW00093721","BALTIMORE WASHINGTON INTERNATIONAL AIRPORT, MD US","39.17329","-76.68408","42.0","2024-05-13","0.00","0.0","0.0",,"75","53","    1",,,,,,,,,,,,,
"USW00093721","BALTIMORE WASHINGTON INTERNATIONAL AIRPORT, MD US","39.17329","-76.68408","42.0","2024-05-14","0.35","0.0","0.0",,"67","54","    1",,,,,,,,,,,,,
"USW00093721","BALTIMORE WASHINGTON INTERNATIONAL AIRPORT, MD US","39.17329","-76.68408","42.0","2024-05-15","0.05","0.0","0.0",,"66","55","    1",,,,,,,,,,,,,
"USW00093721","BALTIMORE WASHINGTON INTERNATIONAL AIRPORT, MD US","39.17329","-76.68408","42.0","2024-05-16","0.00","0.0","0.0",,"77","53",,,,,,,,,,,,,,
"USW00093721","BALTIMORE WASHINGTON INTERNATIONAL AIRPORT, MD US","39.17329","-76.68408","42.0","2024-05-17","0.00","0.0","0.0",,"67","62",,,,,,,,,,,,,,
"USW00093721","BALTIMORE WASHINGTON INTERNATIONAL AIRPORT, MD US","39.17329","-76.68408","42.0","2024-05-18","0.20","0.0","0.0",,"65","59","    1",,,,,,,,,,,,,
"USW00093721","BALTIMORE WASHINGTON INTERNATIONAL AIRPORT, MD US","39.17329","-76.68408","42.0","2024-05-19","0.01","0.0","0.0",,"76","60","    1",,,,,,,,,,,,,
"USW00093721","BALTIMORE WASHINGTON INTERNATIONAL AIRPORT, MD US","39.17329","-76.68408","42.0","2024-05-20","0.00","0.0","0.0",,"78","57",,,,,,,,,,,,,,
"USW00093721","BALTIMORE WASHINGTON INTERNATIONAL AIRPORT, MD US","39.17329","-76.68408","42.0","2024-05-21","0.00","0.0","0.0",,"83","55","    1",,,,,,,,,,,,,
"USW00093721","BALTIMORE WASHINGTON INTERNATIONAL AIRPORT, MD US","39.17329","-76.68408","42.0","2024-05-22","0.00","0.0","0.0",,"87","59",,,,,,,,,,,,,,
"USW00093721","BALTIMORE WASHINGTON INTERNATIONAL AIRPORT, MD US","39.17329","-76.68408","42.0","2024-05-23","0.00","0.0","0.0",,"84","67",,,,,,,,,,,,,,
"USW00093721","BALTIMORE WASHINGTON INTERNATIONAL AIRPORT, MD US","39.17329","-76.68408","42.0","2024-05-24","0.00","0.0","0.0",,"85","65",,,,,,,,,,,,,,
"USW00093721","BALTIMORE WASHINGTON INTERNATIONAL AIRPORT, MD US","39.17329","-76.68408","42.0","2024-05-25","0.02","0.0","0.0",,"87","64",,,,,,,,,,,,,,
"USW00093721","BALTIMORE WASHINGTON INTERNATIONAL AIRPORT, MD US","39.17329","-76.68408","42.0","2024-05-26","0.01","0.0","0.0",,"88","64","    1",,,,,,,,,,,,,
"USW00093721","BALTIMORE WASHINGTON INTERNATIONAL AIRPORT, MD US","39.17329","-76.68408","42.0","2024-05-27","0.31","0.0","0.0",,"79","64","    1",,"    1",,,,,,,,,,,
"USW00093721","BALTIMORE WASHINGTON INTERNATIONAL AIRPORT, MD US","39.17329","-76.68408","42.0","2024-05-28","0.00","0.0","0.0",,"83","62",,,,,,,,,,,,,,
"USW00093721","BALTIMORE WASHINGTON INTERNATIONAL AIRPORT, MD US","39.17329","-76.68408","42.0","2024-05-29","0.05","0.0","0.0",,"78","56",,,"    1",,,,,,,,,,,
"USW00093721","BALTIMORE WASHINGTON INTERNATIONAL AIRPORT, MD US","39.17329","-76.68408","42.0","2024-05-30","0.00","0.0","0.0",,"76","55",,,,,,,,,,,,,,
"USW00093721","BALTIMORE WASHINGTON INTERNATIONAL AIRPORT, MD US","39.17329","-76.68408","42.0","2024-05-31","0.00","0.0","0.0",,"77","51",,,,,,,,,,,,,,
"USW00093721","BALTIMORE WASHINGTON INTERNATIONAL AIRPORT, MD US","39.17329","-76.68408","42.0","2024-06-01","0.00","0.0","0.0",,"85","54",,,,,,,,,,,,,,
"USW00093721","BALTIMORE WASHINGTON INTERNATIONAL AIRPORT, MD US","39.17329","-76.68408","42.0","2024-06-02","0.00","0.0","0.0",,"85","58",,,,,,,,,,,,,,
"USW00093721","BALTIMORE WASHINGTON INTERNATIONAL AIRPORT, MD US","39.17329","-76.68408","42.0","2024-06-03","0.00","0.0","0.0",,"86","68",,,,,,,,,,,,,,
"USW00093721","BALTIMORE WASHINGTON INTERNATIONAL AIRPORT, MD US","39.17329","-76.68408","42.0","2024-06-04","0.00","0.0","0.0",,"90","62",,,,,,,,,,,,,,
"USW00093721","BALTIMORE WASHINGTON INTERNATIONAL AIRPORT, MD US","39.17329","-76.68408","42.0","2024-06-05","0.33","0.0","0.0",,"83","71","    1",,"    1",,,,"    1",,,,,,,
"USW00093721","BALTIMORE WASHINGTON INTERNATIONAL AIRPORT, MD US","39.17329","-76.68408","42.0","2024-06-06","0.00","0.0","0.0",,"86","71",,,,,,,,,,,,,,
"USW00093721","BALTIMORE WASHINGTON INTERNATIONAL AIRPORT, MD US","39.17329","-76.68408","42.0","2024-06-07","0.00","0.0","0.0",,"87","65",,,,,,,,,,,,,,
"USW00093721","BALTIMORE WASHINGTON INTERNATIONAL AIRPORT, MD US","39.17329","-76.68408","42.0","2024-06-08","0.00","0.0","0.0",,"85","59",,,,,,,,,,,,,,
"USW00093721","BALTIMORE WASHINGTON INTERNATIONAL AIRPORT, MD US","39.17329","-76.68408","42.0","2024-06-09","0.00","0.0","0.0",,"84","64",,,,,,,,,,,,,,
"USW00093721","BALTIMORE WASHINGTON INTERNATIONAL AIRPORT, MD US","39.17329","-76.68408","42.0","2024-06-10","0.00","0.0","0.0",,"83","59",,,,,,,,,,,,,,
"USW00093721","BALTIMORE WASHINGTON INTERNATIONAL AIRPORT, MD US","39.17329","-76.68408","42.0","2024-06-11","0.00","0.0","0.0",,"75","58",,,,,,,,,,,,,,
"USW00093721","BALTIMORE WASHINGTON INTERNATIONAL AIRPORT, MD US","39.17329","-76.68408","42.0","2024-06-12","0.00","0.0","0.0",,"84","54",,,,,,,,,,,,,,
"USW00093721","BALTIMORE WASHINGTON INTERNATIONAL AIRPORT, MD US","39.17329","-76.68408","42.0","2024-06-13","0.01","0.0","0.0",,"89","63",,,,,,,"    1",,,,,,,
"USW00093721","BALTIMORE WASHINGTON INTERNATIONAL AIRPORT, MD US","39.17329","-76.68408","42.0","2024-06-14","0.08","0.0","0.0",,"95","69",,,,,,,"    1",,,,,,,
"USW00093721","BALTIMORE WASHINGTON INTERNATIONAL AIRPORT, MD US","39.17329","-76.68408","42.0","2024-06-15","0.00","0.0","0.0",,"86","63",,,,,,,,,,,,,,
"USW00093721","BALTIMORE WASHINGTON INTERNATIONAL AIRPORT, MD US","39.17329","-76.68408","42.0","2024-06-16","0.00","0.0","0.0",,"87","59",,,,,,,,,,,,,,
"USW00093721","BALTIMORE WASHINGTON INTERNATIONAL AIRPORT, MD US","39.17329","-76.68408","42.0","2024-06-17","0.00","0.0","0.0",,"91","68",,,,,,,,,,,,,,
"USW00093721","BALTIMORE WASHINGTON INTERNATIONAL AIRPORT, MD US","39.17329","-76.68408","42.0","2024-06-18","0.00","0.0","0.0",,"92","71",,,,,,,,,,,,,,
"USW00093721","BALTIMORE WASHINGTON INTERNATIONAL AIRPORT, MD US","39.17329","-76.68408","42.0","2024-06-19","0.00","0.0","0.0",,"90","69",,,,,,,,,,,,,,
"USW00093721","BALTIMORE WASHINGTON INTERNATIONAL AIRPORT, MD US","39.17329","-76.68408","42.0","2024-06-20","0.00","0.0","0.0",,"91","67",,,,,,,,,,,,,,
"USW00093721","BALTIMORE WASHINGTON INTERNATIONAL AIRPORT, MD US","39.17329","-76.68408","42.0","2024-06-21","0.00","0.0","0.0",,"97","67",,,,,,,,,,,,,,
"USW00093721","BALTIMORE WASHINGTON INTERNATIONAL AIRPORT, MD US","39.17329","-76.68408","42.0","2024-06-22","0.00","0.0","0.0",,"101","74",,,,,,,,,,,,,,
"USW00093721","BALTIMORE WASHINGTON INTERNATIONAL AIRPORT, MD US","39.17329","-76.68408","42.0","2024-06-23","0.00","0.0","0.0",,"98","81",,,,,,,,,,,,,,
"USW00093721","BALTIMORE WASHINGTON INTERNATIONAL AIRPORT, MD US","39.17329","-76.68408","42.0","2024-06-24","0.00","0.0","0.0",,"90","71",,,,,,,,,,,,,,
"USW00093721","BALTIMORE WASHINGTON INTERNATIONAL AIRPORT, MD US","39.17329","-76.68408","42.0","2024-06-25","0.00","0.0","0.0",,"93","62",,,,,,,"    1",,,,,,,
"USW00093721","BALTIMORE WASHINGTON INTERNATIONAL AIRPORT, MD US","39.17329","-76.68408","42.0","2024-06-26","0.09","0.0","0.0",,"99","72",,,"    1",,,,,,,,,,,
"USW00093721","BALTIMORE WASHINGTON INTERNATIONAL AIRPORT, MD US","39.17329","-76.68408","42.0","2024-06-27","0.00","0.0","0.0",,"91","70",,,,,,,,,,,,,,
"USW00093721","BALTIMORE WASHINGTON INTERNATIONAL AIRPORT, MD US","39.17329","-76.68408","42.0","2024-06-28","0.00","0.0","0.0",,"84","69",,,,,,,,,,,,,,
"USW00093721","BALTIMORE WASHINGTON INTERNATIONAL AIRPORT, MD US","39.17329","-76.68408","42.0","2024-06-29","0.09","0.0","0.0",,"92","68",,,"    1",,,,,,,,,,,
"USW00093721","BALTIMORE WASHINGTON INTERNATIONAL AIRPORT, MD US","39.17329","-76.68408","42.0","2024-06-30","0.80","0.0","0.0",,"97","75","    1",,"    1",,,,,,,,,,,
"USW00093721","BALTIMORE WASHINGTON INTERNATIONAL AIRPORT, MD US","39.17329","-76.68408","42.0","2024-07-01","0.00","0.0","0.0",,"82","62",,,,,,,,,,,,,,
"USW00093721","BALTIMORE WASHINGTON INTERNATIONAL AIRPORT, MD US","39.17329","-76.68408","42.0","2024-07-02","0.00","0.0","0.0",,"87","62",,,,,,,,,,,,,,
"USW00093721","BALTIMORE WASHINGTON INTERNATIONAL AIRPORT, MD US","39.17329","-76.68408","42.0","2024-07-03","0.00","0.0","0.0",,"88","68",,,,,,,,,,,,,,
"USW00093721","BALTIMORE WASHINGTON INTERNATIONAL AIRPORT, MD US","39.17329","-76.68408","42.0","2024-07-04","0.00","0.0","0.0",,"94","71","    1",,,,,,,,,,,,,
"USW00093721","BALTIMORE WASHINGTON INTERNATIONAL AIRPORT, MD US","39.17329","-76.68408","42.0","2024-07-05","0.00","0.0","0.0",,"98","77","    1",,,,,,,,,,,,,
"USW00093721","BALTIMORE WASHINGTON INTERNATIONAL AIRPORT, MD US","39.17329","-76.68408","42.0","2024-07-06","0.00","0.0","0.0",,"100","81",,,,,,,,,,,,,,
"USW00093721","BALTIMORE WASHINGTON INTERNATIONAL AIRPORT, MD US","39.17329","-76.68408","42.0","2024-07-07","0.00","0.0","0.0",,"97","77",,,,,,,,,,,,,,
"USW00093721","BALTIMORE WASHINGTON INTERNATIONAL AIRPORT, MD US","39.17329","-76.68408","42.0","2024-07-08","0.00","0.0","0.0",,"98","73",,,,,,,,,,,,,,
"USW00093721","BALTIMORE WASHINGTON INTERNATIONAL AIRPORT, MD US","39.17329","-76.68408","42.0","2024-07-09","0.13","0.0","0.0",,"99","77",,,"    1",,,,"    1",,,,,,,
"USW00093721","BALTIMORE WASHINGTON INTERNATIONAL AIRPORT, MD US","39.17329","-76.68408","42.0","2024-07-10","0.07","0.0","0.0",,"95","78",,,"    1",,,,,,,,,,,
"USW00093721","BALTIMORE WASHINGTON INTERNATIONAL AIRPORT, MD US","39.17329","-76.68408","42.0","2024-07-11","0.00","0.0","0.0",,"93","74",,,,,,,,,,,,,,
"USW00093721","BALTIMORE WASHINGTON INTERNATIONAL AIRPORT, MD US","39.17329","-76.68408","42.0","2024-07-12","0.06","0.0","0.0",,"82","72","    1",,,,,,,,,,,,,
"USW00093721","BALTIMORE WASHINGTON INTERNATIONAL AIRPORT, MD US","39.17329","-76.68408","42.0","2024-07-13","0.00","0.0","0.0",,"95","74",,,,,,,,,,,,,,
"USW00093721","BALTIMORE WASHINGTON INTERNATIONAL AIRPORT, MD US","39.17329","-76.68408","42.0","2024-07-14","0.00","0.0","0.0",,"101","75",,,,,,,,,,,,,,
"USW00093721","BALTIMORE WASHINGTON INTERNATIONAL AIRPORT, MD US","39.17329","-76.68408","42.0","2024-07-15","0.00","0.0","0.0",,"102","76",,,"    1",,,,,,,,,,,
"USW00093721","BALTIMORE WASHINGTON INTERNATIONAL AIRPORT, MD US","39.17329","-76.68408","42.0","2024-07-16","0.16","0.0","0.0",,"104","76","    1",,"    1",,,,,,,,,,,
"USW00093721","BALTIMORE WASHINGTON INTERNATIONAL AIRPORT, MD US","39.17329","-76.68408","42.0","2024-07-17","0.02","0.0","0.0",,"100","77","    1",,"    1",,,,,,,,,,,
"USW00093721","BALTIMORE WASHINGTON INTERNATIONAL AIRPORT, MD US","39.17329","-76.68408","42.0","2024-07-18","0.00","0.0","0.0",,"87","72",,,,,,,,,,,,,,
"USW00093721","BALTIMORE WASHINGTON INTERNATIONAL AIRPORT, MD US","39.17329","-76.68408","42.0","2024-07-19","0.00","0.0","0.0",,"88","69",,,,,,,,,,,,,,
"USW00093721","BALTIMORE WASHINGTON INTERNATIONAL AIRPORT, MD US","39.17329","-76.68408","42.0","2024-07-20","0.06","0.0","0.0",,"88","71",,,,,,,,,,,,,,
"USW00093721","BALTIMORE WASHINGTON INTERNATIONAL AIRPORT, MD US","39.17329","-76.68408","42.0","2024-07-21","0.00","0.0","0.0",,"91","68",,,,,,,,,,,,,,
"USW00093721","BALTIMORE WASHINGTON INTERNATIONAL AIRPORT, MD US","39.17329","-76.68408","42.0","2024-07-22","0.40","0.0","0.0",,"82","74","    1",,"    1",,,,"    1",,,,,,,
"USW00093721","BALTIMORE WASHINGTON INTERNATIONAL AIRPORT, MD US","39.17329","-76.68408","42.0","2024-07-23","0.03","0.0","0.0",,"91","71",,,"    1",,,,,,,,,,,
"USW00093721","BALTIMORE WASHINGTON INTERNATIONAL AIRPORT, MD US","39.17329","-76.68408","42.0","2024-07-24","0.00","0.0","0.0",,"89","75",,,"    1",,,,,,,,,,,
"USW00093721","BALTIMORE WASHINGTON INTERNATIONAL AIRPORT, MD US","39.17329","-76.68408","42.0","2024-07-25","0.00","0.0","0.0",,"89","72",,,,,,,,,,,,,,
"USW00093721","BALTIMORE WASHINGTON INTERNATIONAL AIRPORT, MD US","39.17329","-76.68408","42.0","2024-07-26","0.00","0.0","0.0",,"88","67",,,,,,,,,,,,,,
"USW00093721","BALTIMORE WASHINGTON INTERNATIONAL AIRPORT, MD US","39.17329","-76.68408","42.0","2024-07-27","0.00","0.0","0.0",,"90","63",,,,,,,,,,,,,,
"USW00093721","BALTIMORE WASHINGTON INTERNATIONAL AIRPORT, MD US","39.17329","-76.68408","42.0","2024-07-28","0.00","0.0","0.0",,"91","63",,,,,,,,,,,,,,
"USW00093721","BALTIMORE WASHINGTON INTERNATIONAL AIRPORT, MD US","39.17329","-76.68408","42.0","2024-07-29","0.47","0.0","0.0",,"94","72","    1",,"    1",,,,,,,,,,,
"USW00093721","BALTIMORE WASHINGTON INTERNATIONAL AIRPORT, MD US","39.17329","-76.68408","42.0","2024-07-30","0.01","0.0","0.0",,"86","73",,,"    1",,,,,,,,,,,
"USW00093721","BALTIMORE WASHINGTON INTERNATIONAL AIRPORT, MD US","39.17329","-76.68408","42.0","2024-07-31","0.00","0.0","0.0",,"95","74",,,,,,,,,,,,,,
"USW00093721","BALTIMORE WASHINGTON INTERNATIONAL AIRPORT, MD US","39.17329","-76.68408","42.0","2024-08-01","0.00","0.0","0.0",,"101","71",,,,,,,,,,,,,,
"USW00093721","BALTIMORE WASHINGTON INTERNATIONAL AIRPORT, MD US","39.17329","-76.68408","42.0","2024-08-02","2.18","0.0","0.0",,"100","75","    1",,"    1",,,,,,,,,,,
"USW00093721","BALTIMORE WASHINGTON INTERNATIONAL AIRPORT, MD US","39.17329","-76.68408","42.0","2024-08-03","0.79","0.0","0.0",,"95","73","    1",,"    1",,,,,,,,,,,
"USW00093721","BALTIMORE WASHINGTON INTERNATIONAL AIRPORT, MD US","39.17329","-76.68408","42.0","2024-08-04","0.00","0.0","0.0",,"88","73",,,"    1",,,,,,,,,,,
"USW00093721","BALTIMORE WASHINGTON INTERNATIONAL AIRPORT, MD US","39.17329","-76.68408","42.0","2024-08-05","0.00","0.0","0.0",,"96","72",,,,,,,,,,,,,,
"USW00093721","BALTIMORE WASHINGTON INTERNATIONAL AIRPORT, MD US","39.17329","-76.68408","42.0","2024-08-06","0.14","0.0","0.0",,"95","73","    1",,,,,,,,,,,,,
"USW00093721","BALTIMORE WASHINGTON INTERNATIONAL AIRPORT, MD US","39.17329","-76.68408","42.0","2024-08-07","0.23","0.0","0.0",,"88","73","    1",,,,,,,,,,,,,
"USW00093721","BALTIMORE WASHINGTON INTERNATIONAL AIRPORT, MD US","39.17329","-76.68408","42.0","2024-08-08","0.79","0.0","0.0",,"80","73","    1",,"    1",,,,,,,,,,,
"USW00093721","BALTIMORE WASHINGTON INTERNATIONAL AIRPORT, MD US","39.17329","-76.68408","42.0","2024-08-09","1.03","0.0","0.0",,"82","77","    1",,,,,,,,,,,,,
"USW00093721","BALTIMORE WASHINGTON INTERNATIONAL AIRPORT, MD US","39.17329","-76.68408","42.0","2024-08-10","0.00","0.0","0.0",,"90","72",,,,,,,,,,,,,,
"USW00093721","BALTIMORE WASHINGTON INTERNATIONAL AIRPORT, MD US","39.17329","-76.68408","42.0","2024-08-11","0.00","0.0","0.0",,"84","65",,,,,,,,,,,,,,
"USW00093721","BALTIMORE WASHINGTON INTERNATIONAL AIRPORT, MD US","39.17329","-76.68408","42.0","2024-08-12","0.00","0.0","0.0",,"85","64",,,,,,,,,,,,,,
"USW00093721","BALTIMORE WASHINGTON INTERNATIONAL AIRPORT, MD US","39.17329","-76.68408","42.0","2024-08-13","0.00","0.0","0.0",,"86","63",,,,,,,,,,,,,,
"USW00093721","BALTIMORE WASHINGTON INTERNATIONAL AIRPORT, MD US","39.17329","-76.68408","42.0","2024-08-14","0.00","0.0","0.0",,"86","64",,,,,,,,,,,,,,
"USW00093721","BALTIMORE WASHINGTON INTERNATIONAL AIRPORT, MD US","39.17329","-76.68408","42.0","2024-08-15","0.00","0.0","0.0",,"89","63",,,,,,,,,,,,,,
"USW00093721","BALTIMORE WASHINGTON INTERNATIONAL AIRPORT, MD US","39.17329","-76.68408","42.0","2024-08-16","0.00","0.0","0.0",,"89","64",,,,,,,,,,,,,,
"USW00093721","BALTIMORE WASHINGTON INTERNATIONAL AIRPORT, MD US","39.17329","-76.68408","42.0","2024-08-17","0.38","0.0","0.0",,"82","68","    1",,"    1",,,,,,,,,,,
"USW00093721","BALTIMORE WASHINGTON INTERNATIONAL AIRPORT, MD US","39.17329","-76.68408","42.0","2024-08-18","0.54","0.0","0.0",,"86","69","    1",,"    1",,,,,,,,,,,
"USW00093721","BALTIMORE WASHINGTON INTERNATIONAL AIRPORT, MD US","39.17329","-76.68408","42.0","2024-08-19","0.00","0.0","0.0",,"86","69",,,,,,,,,,,,,,
"USW00093721","BALTIMORE WASHINGTON INTERNATIONAL AIRPORT, MD US","39.17329","-76.68408","42.0","2024-08-20","0.00","0.0","0.0",,"75","58",,,,,,,,,,,,,,
"USW00093721","BALTIMORE WASHINGTON INTERNATIONAL AIRPORT, MD US","39.17329","-76.68408","42.0","2024-08-21","0.00","0.0","0.0",,"76","53",,,,,,,,,,,,,,
"USW00093721","BALTIMORE WASHINGTON INTERNATIONAL AIRPORT, MD US","39.17329","-76.68408","42.0","2024-08-22","0.00","0.0","0.0",,"79","53",,,,,,,,,,,,,,
"USW00093721","BALTIMORE WASHINGTON INTERNATIONAL AIRPORT, MD US","39.17329","-76.68408","42.0","2024-08-23","0.00","0.0","0.0",,"83","55",,,,,,,,,,,,,,
"USW00093721","BALTIMORE WASHINGTON INTERNATIONAL AIRPORT, MD US","39.17329","-76.68408","42.0","2024-08-24","0.00","0.0","0.0",,"85","56",,,,,,,,,,,,,,
"USW00093721","BALTIMORE WASHINGTON INTERNATIONAL AIRPORT, MD US","39.17329","-76.68408","42.0","2024-08-25","0.00","0.0","0.0",,"88","61",,,,,,,,,,,,,,
"USW00093721","BALTIMORE WASHINGTON INTERNATIONAL AIRPORT, MD US","39.17329","-76.68408","42.0","2024-08-26","0.01","0.0","0.0",,"91","67",,,"    1",,,,,,,,,,,
"USW00093721","BALTIMORE WASHINGTON INTERNATIONAL AIRPORT, MD US","39.17329","-76.68408","42.0","2024-08-27","0.00","0.0","0.0",,"92","65","    1",,,,,,"    1",,,,,,,
"USW00093721","BALTIMORE WASHINGTON INTERNATIONAL AIRPORT, MD US","39.17329","-76.68408","42.0","2024-08-28","0.00","0.0","0.0",,"97","72",,,"    1",,,,,,,,,,,
"USW00093721","BALTIMORE WASHINGTON INTERNATIONAL AIRPORT, MD US","39.17329","-76.68408","42.0","2024-08-29","0.12","0.0","0.0",,"89","70","    1",,"    1",,,,,,,,,,,
"USW00093721","BALTIMORE WASHINGTON INTERNATIONAL AIRPORT, MD US","39.17329","-76.68408","42.0","2024-08-30","0.00","0.0","0.0",,"75","69","    1",,,,,,,,,,,,,
"USW00093721","BALTIMORE WASHINGTON INTERNATIONAL AIRPORT, MD US","39.17329","-76.68408","42.0","2024-08-31","0.01","0.0","0.0",,"82","71",,,,,,,,,,,,,,
"USW00093721","BALTIMORE WASHINGTON INTERNATIONAL AIRPORT, MD US","39.17329","-76.68408","42.0","2024-09-01","0.00","0.0","0.0",,"89","69",,,,,,,,,,,,,,
"USW00093721","BALTIMORE WASHINGTON INTERNATIONAL AIRPORT, MD US","39.17329","-76.68408","42.0","2024-09-02","0.00","0.0","0.0",,"81","64",,,,,,,,,,,,,,
"USW00093721","BALTIMORE WASHINGTON INTERNATIONAL AIRPORT, MD US","39.17329","-76.68408","42.0","2024-09-03","0.00","0.0","0.0",,"77","55",,,,,,,,,,,,,,
"USW00093721","BALTIMORE WASHINGTON INTERNATIONAL AIRPORT, MD US","39.17329","-76.68408","42.0","2024-09-04","0.00","0.0","0.0",,"78","52",,,,,,,,,,,,,,
"USW00093721","BALTIMORE WASHINGTON INTERNATIONAL AIRPORT, MD US","39.17329","-76.68408","42.0","2024-09-05","0.00","0.0","0.0",,"79","55",,,,,,,,,,,,,,
"USW00093721","BALTIMORE WASHINGTON INTERNATIONAL AIRPORT, MD US","39.17329","-76.68408","42.0","2024-09-06","0.00","0.0","0.0",,"80","58",,,,,,,,,,,,,,
"USW00093721","BALTIMORE WASHINGTON INTERNATIONAL AIRPORT, MD US","39.17329","-76.68408","42.0","2024-09-07","0.01","0.0","0.0",,"77","53","    1",,,,,,,,,,,,,
"USW00093721","BALTIMORE WASHINGTON INTERNATIONAL AIRPORT, MD US","39.17329","-76.68408","42.0","2024-09-08","0.00","0.0","0.0",,"74","46",,,,,,,,,,,,,,
"USW00093721","BALTIMORE WASHINGTON INTERNATIONAL AIRPORT, MD US","39.17329","-76.68408","42.0","2024-09-09","0.00","0.0","0.0",,"80","46",,,,,,,,,,,,,,
"USW00093721","BALTIMORE WASHINGTON INTERNATIONAL AIRPORT, MD US","39.17329","-76.68408","42.0","2024-09-10","0.00","0.0","0.0",,"87","53",,,,,,,,,,,,,,
"USW00093721","BALTIMORE WASHINGTON INTERNATIONAL AIRPORT, MD US","39.17329","-76.68408","42.0","2024-09-11","0.00","0.0","0.0",,"85","56",,,,,,,,,,,,,,
"USW00093721","BALTIMORE WASHINGTON INTERNATIONAL AIRPORT, MD US","39.17329","-76.68408","42.0","2024-09-12","0.00","0.0","0.0",,"82","59",,,,,,,,,,,,,,
"USW00093721","BALTIMORE WASHINGTON INTERNATIONAL AIRPORT, MD US","39.17329","-76.68408","42.0","2024-09-13","0.00","0.0","0.0",,"82","62",,,,,,,,,,,,,,
"USW00093721","BALTIMORE WASHINGTON INTERNATIONAL AIRPORT, MD US","39.17329","-76.68408","42.0","2024-09-14","0.00","0.0","0.0",,"85","59","    1",,,,,,,,,,,,,
"USW00093721","BALTIMORE WASHINGTON INTERNATIONAL AIRPORT, MD US","39.17329","-76.68408","42.0","2024-09-15","0.00","0.0","0.0",,"85","58",,,,,,,,,,,,,,
"USW00093721","BALTIMORE WASHINGTON INTERNATIONAL AIRPORT, MD US","39.17329","-76.68408","42.0","2024-09-16","0.00","0.0","0.0",,"78","62",,,,,,,,,,,,,,
"USW00093721","BALTIMORE WASHINGTON INTERNATIONAL AIRPORT, MD US","39.17329","-76.68408","42.0","2024-09-17","0.02","0.0","0.0",,"78","69","    1",,,,,,,,,,,,,
"USW00093721","BALTIMORE WASHINGTON INTERNATIONAL AIRPORT, MD US","39.17329","-76.68408","42.0","2024-09-18","0.27","0.0","0.0",,"77","68","    1",,,,,,,,,,,,,
"USW00093721","BALTIMORE WASHINGTON INTERNATIONAL AIRPORT, MD US","39.17329","-76.68408","42.0","2024-09-19","0.00","0.0","0.0",,"87","64",,,,,,,,,,,,,,
"USW00093721","BALTIMORE WASHINGTON INTERNATIONAL AIRPORT, MD US","39.17329","-76.68408","42.0","2024-09-20","0.00","0.0","0.0",,"85","61",,,,,,,,,,,,,,
"USW00093721","BALTIMORE WASHINGTON INTERNATIONAL AIRPORT, MD US","39.17329","-76.68408","42.0","2024-09-21","0.06","0.0","0.0",,"81","67","    1",,"    1",,,,,,,,,,,
"USW00093721","BALTIMORE WASHINGTON INTERNATIONAL AIRPORT, MD US","39.17329","-76.68408","42.0","2024-09-22","0.27","0.0","0.0",,"73","64","    1",,"    1",,,,,,,,,,,
"USW00093721","BALTIMORE WASHINGTON INTERNATIONAL AIRPORT, MD US","39.17329","-76.68408","42.0","2024-09-23","0.11","0.0","0.0",,"68","61","    1",,,,,,,,,,,,,
"USW00093721","BALTIMORE WASHINGTON INTERNATIONAL AIRPORT, MD US","39.17329","-76.68408","42.0","2024-09-24","0.07","0.0","0.0",,"68","60","    1",,,,,,,,,,,,,
"USW00093721","BALTIMORE WASHINGTON INTERNATIONAL AIRPORT, MD US","39.17329","-76.68408","42.0","2024-09-25","0.19","0.0","0.0",,"70","63","    1",,,,,,,,,,,,,
"USW00093721","BALTIMORE WASHINGTON INTERNATIONAL AIRPORT, MD US","39.17329","-76.68408","42.0","2024-09-26","0.45","0.0","0.0",,"78","68","    1",,,,,,,,,,,,,
"USW00093721","BALTIMORE WASHINGTON INTERNATIONAL AIRPORT, MD US","39.17329","-76.68408","42.0","2024-09-27","0.29","0.0","0.0",,"73","69","    1",,,,,,,,,,,,,
"USW00093721","BALTIMORE WASHINGTON INTERNATIONAL AIRPORT, MD US","39.17329","-76.68408","42.0","2024-09-28","0.13","0.0","0.0",,"81","66","    1",,,,,,"    1",,,,,,,
"USW00093721","BALTIMORE WASHINGTON INTERNATIONAL AIRPORT, MD US","39.17329","-76.68408","42.0","2024-09-29","0.03","0.0","0.0",,"67","63","    1",,,,,,,,,,,,,
"USW00093721","BALTIMORE WASHINGTON INTERNATIONAL AIRPORT, MD US","39.17329","-76.68408","42.0","2024-09-30","0.13","0.0","0.0",,"66","61","    1",,,,,,,,,,,,,
"USW00093721","BALTIMORE WASHINGTON INTERNATIONAL AIRPORT, MD US","39.17329","-76.68408","42.0","2024-10-01","0.35","0.0","0.0",,"69","60","    1",,,,,,,,,,,,,
"USW00093721","BALTIMORE WASHINGTON INTERNATIONAL AIRPORT, MD US","39.17329","-76.68408","42.0","2024-10-02","0.01","0.0","0.0",,"64","58","    1",,,,,,"    1",,,,,,,
"USW00093721","BALTIMORE WASHINGTON INTERNATIONAL AIRPORT, MD US","39.17329","-76.68408","42.0","2024-10-03","0.00","0.0","0.0",,"77","58","    1",,,,,,"    1",,,,,,,
"USW00093721","BALTIMORE WASHINGTON INTERNATIONAL AIRPORT, MD US","39.17329","-76.68408","42.0","2024-10-04","0.00","0.0","0.0",,"74","57","    1",,,,,,"    1",,,,,,,
"USW00093721","BALTIMORE WASHINGTON INTERNATIONAL AIRPORT, MD US","39.17329","-76.68408","42.0","2024-10-05","0.00","0.0","0.0",,"76","50","    1",,,,,,,,,,,,,
"USW00093721","BALTIMORE WASHINGTON INTERNATIONAL AIRPORT, MD US","39.17329","-76.68408","42.0","2024-10-06","0.00","0.0","0.0",,"76","47",,,,,,,,,,,,,,
"USW00093721","BALTIMORE WASHINGTON INTERNATIONAL AIRPORT, MD US","39.17329","-76.68408","42.0","2024-10-07","0.00","0.0","0.0",,"74","52",,,,,,,,,,,,,,
"USW00093721","BALTIMORE WASHINGTON INTERNATIONAL AIRPORT, MD US","39.17329","-76.68408","42.0","2024-10-08","0.00","0.0","0.0",,"68","46",,,,,,,,,,,,,,
"USW00093721","BALTIMORE WASHINGTON INTERNATIONAL AIRPORT, MD US","39.17329","-76.68408","42.0","2024-10-09","0.00","0.0","0.0",,"68","43",,,,,,,,,,,,,,
"USW00093721","BALTIMORE WASHINGTON INTERNATIONAL AIRPORT, MD US","39.17329","-76.68408","42.0","2024-10-10","0.00","0.0","0.0",,"62","40",,,,,,,,,,,,,,
"USW00093721","BALTIMORE WASHINGTON INTERNATIONAL AIRPORT, MD US","39.17329","-76.68408","42.0","2024-10-11","0.00","0.0","0.0",,"67","36",,,,,,,,,,,,,,
"USW00093721","BALTIMORE WASHINGTON INTERNATIONAL AIRPORT, MD US","39.17329","-76.68408","42.0","2024-10-12","0.00","0.0","0.0",,"77","49",,,,,,,,,,,,,,
"USW00093721","BALTIMORE WASHINGTON INTERNATIONAL AIRPORT, MD US","39.17329","-76.68408","42.0","2024-10-13","0.00","0.0","0.0",,"79","48",,,,,,,,,,,,,,
"USW00093721","BALTIMORE WASHINGTON INTERNATIONAL AIRPORT, MD US","39.17329","-76.68408","42.0","2024-10-14","0.00","0.0","0.0",,"67","42",,,,,,,,,,,,,,
"USW00093721","BALTIMORE WASHINGTON INTERNATIONAL AIRPORT, MD US","39.17329","-76.68408","42.0","2024-10-15","0.00","0.0","0.0",,"57","38",,,,,,,,,,,,,,
"USW00093721","BALTIMORE WASHINGTON INTERNATIONAL AIRPORT, MD US","39.17329","-76.68408","42.0","2024-10-16","0.00","0.0","0.0",,"55","35",,,,,,,,,,,,,,
"USW00093721","BALTIMORE WASHINGTON INTERNATIONAL AIRPORT, MD US","39.17329","-76.68408","42.0","2024-10-17","0.00","0.0","0.0",,"59","32",,,,,,,,,,,,,,
"USW00093721","BALTIMORE WASHINGTON INTERNATIONAL AIRPORT, MD US","39.17329","-76.68408","42.0","2024-10-18","0.00","0.0","0.0",,"67","37",,,,,,,,,,,,,,
"USW00093721","BALTIMORE WASHINGTON INTERNATIONAL AIRPORT, MD US","39.17329","-76.68408","42.0","2024-10-19","0.00","0.0","0.0",,"69","35",,,,,,,,,,,,,,
"USW00093721","BALTIMORE WASHINGTON INTERNATIONAL AIRPORT, MD US","39.17329","-76.68408","42.0","2024-10-20","0.00","0.0","0.0",,"74","34",,,,,,,,,,,,,,
"USW00093721","BALTIMORE WASHINGTON INTERNATIONAL AIRPORT, MD US","39.17329","-76.68408","42.0","2024-10-21","0.00","0.0","0.0",,"78","38",,,,,,,,,,,,,,
"USW00093721","BALTIMORE WASHINGTON INTERNATIONAL AIRPORT, MD US","39.17329","-76.68408","42.0","2024-10-22","0.00","0.0","0.0",,"81","45",,,,,,,"    1",,,,,,,
"USW00093721","BALTIMORE WASHINGTON INTERNATIONAL AIRPORT, MD US","39.17329","-76.68408","42.0","2024-10-23","0.00","0.0","0.0",,"77","42",,,,,,,,,,,,,,
"USW00093721","BALTIMORE WASHINGTON INTERNATIONAL AIRPORT, MD US","39.17329","-76.68408","42.0","2024-10-24","0.00","0.0","0.0",,"67","40",,,,,,,,,,,,,,
"USW00093721","BALTIMORE WASHINGTON INTERNATIONAL AIRPORT, MD US","39.17329","-76.68408","42.0","2024-10-25","0.00","0.0","0.0",,"66","36",,,,,,,,,,,,,,
"USW00093721","BALTIMORE WASHINGTON INTERNATIONAL AIRPORT, MD US","39.17329","-76.68408","42.0","2024-10-26","0.00","0.0","0.0",,"66","41",,,,,,,,,,,,,,
"USW00093721","BALTIMORE WASHINGTON INTERNATIONAL AIRPORT, MD US","39.17329","-76.68408","42.0","2024-10-27","0.00","0.0","0.0",,"57","33",,,,,,,,,,,,,,
"USW00093721","BALTIMORE WASHINGTON INTERNATIONAL AIRPORT, MD US","39.17329","-76.68408","42.0","2024-10-28","0.00","0.0","0.0",,"60","31",,,,,,,,,,,,,,
"USW00093721","BALTIMORE WASHINGTON INTERNATIONAL AIRPORT, MD US","39.17329","-76.68408","42.0","2024-10-29","0.00","0.0","0.0",,"65","34",,,,,,,,,,,,,,
"USW00093721","BALTIMORE WASHINGTON INTERNATIONAL AIRPORT, MD US","39.17329","-76.68408","42.0","2024-10-30","0.00","0.0","0.0",,"78","41",,,,,,,,,,,,,,
"USW00093721","BALTIMORE WASHINGTON INTERNATIONAL AIRPORT, MD US","39.17329","-76.68408","42.0","2024-10-31","0.00","0.0","0.0",,"80","50","    1",,,,,,"    1",,,,,,,
"USW00093721","BALTIMORE WASHINGTON INTERNATIONAL AIRPORT, MD US","39.17329","-76.68408","42.0","2024-11-01","0.00","0.0","0.0",,"79","54",,,,,,,,,,,,,,
"USW00093721","BALTIMORE WASHINGTON INTERNATIONAL AIRPORT, MD US","39.17329","-76.68408","42.0","2024-11-02","0.00","0.0","0.0",,"64","39",,,,,,,,,,,,,,
"USW00093721","BALTIMORE WASHINGTON INTERNATIONAL AIRPORT, MD US","39.17329","-76.68408","42.0","2024-11-03","0.00","0.0","0.0",,"59","36",,,,,,,,,,,,,,
"USW00093721","BALTIMORE WASHINGTON INTERNATIONAL AIRPORT, MD US","39.17329","-76.68408","42.0","2024-11-04","0.00","0.0","0.0",,"60","33",,,,,,,,,,,,,,
"USW00093721","BALTIMORE WASHINGTON INTERNATIONAL AIRPORT, MD US","39.17329","-76.68408","42.0","2024-11-05","0.00","0.0","0.0",,"77","52","    1",,,,,,"    1",,,,,,,
"USW00093721","BALTIMORE WASHINGTON INTERNATIONAL AIRPORT, MD US","39.17329","-76.68408","42.0","2024-11-06","0.00","0.0","0.0",,"81","62",,,,,,,,,,,,,,
"USW00093721","BALTIMORE WASHINGTON INTERNATIONAL AIRPORT, MD US","39.17329","-76.68408","42.0","2024-11-07","0.00","0.0","0.0",,"80","52",,,,,,,,,,,,,,
"USW00093721","BALTIMORE WASHINGTON INTERNATIONAL AIRPORT, MD US","39.17329","-76.68408","42.0","2024-11-08","0.00","0.0","0.0",,"71","48",,,,,,,,,,,,,,
"USW00093721","BALTIMORE WASHINGTON INTERNATIONAL AIRPORT, MD US","39.17329","-76.68408","42.0","2024-11-09","0.00","0.0","0.0",,"59","34",,,,,,,,,,,,,,
"USW00093721","BALTIMORE WASHINGTON INTERNATIONAL AIRPORT, MD US","39.17329","-76.68408","42.0","2024-11-10","0.22","0.0","0.0",,"60","34","    1",,,,,,,,,,,,,
"USW00093721","BALTIMORE WASHINGTON INTERNATIONAL AIRPORT, MD US","39.17329","-76.68408","42.0","2024-11-11","0.14","0.0","0.0",,"75","55","    1",,,,,,,,,,,,,
"USW00093721","BALTIMORE WASHINGTON INTERNATIONAL AIRPORT, MD US","39.17329","-76.68408","42.0","2024-11-12","0.00","0.0","0.0",,"61","41",,,,,,,,,,,,,,
"USW00093721","BALTIMORE WASHINGTON INTERNATIONAL AIRPORT, MD US","39.17329","-76.68408","42.0","2024-11-13","0.00","0.0","0.0",,"50","32",,,,,,,,,,,,,,
"USW00093721","BALTIMORE WASHINGTON INTERNATIONAL AIRPORT, MD US","39.17329","-76.68408","42.0","2024-11-14","0.07","0.0","0.0",,"51","31","    1",,,,,,,,,,,,,
"USW00093721","BALTIMORE WASHINGTON INTERNATIONAL AIRPORT, MD US","39.17329","-76.68408","42.0","2024-11-15","0.04","0.0","0.0",,"56","43","    1",,,,,,,,,,,,,
"USW00093721","BALTIMORE WASHINGTON INTERNATIONAL AIRPORT, MD US","39.17329","-76.68408","42.0","2024-11-16","0.00","0.0","0.0",,"63","42",,,,,,,,,,,,,,
"USW00093721","BALTIMORE WASHINGTON INTERNATIONAL AIRPORT, MD US","39.17329","-76.68408","42.0","2024-11-17","0.00","0.0","0.0",,"60","35",,,,,,,,,,,,,,
"USW00093721","BALTIMORE WASHINGTON INTERNATIONAL AIRPORT, MD US","39.17329","-76.68408","42.0","2024-11-18","0.00","0.0","0.0",,"71","36",,,,,,,,,,,,,,
"USW00093721","BALTIMORE WASHINGTON INTERNATIONAL AIRPORT, MD US","39.17329","-76.68408","42.0","2024-11-19","0.00","0.0","0.0",,"69","51",,,,,,,,,,,,,,
"USW00093721","BALTIMORE WASHINGTON INTERNATIONAL AIRPORT, MD US","39.17329","-76.68408","42.0","2024-11-20","0.94","0.0","0.0",,"64","48","    1",,"    1",,,,"    1",,,,,,,
"USW00093721","BALTIMORE WASHINGTON INTERNATIONAL AIRPORT, MD US","39.17329","-76.68408","42.0","2024-11-21","0.06","0.0","0.0",,"54","36",,,,,,,,,,,,,,
"USW00093721","BALTIMORE WASHINGTON INTERNATIONAL AIRPORT, MD US","39.17329","-76.68408","42.0","2024-11-22","0.10","0.0","0.0",,"42","34","    1",,,,,,,,,,,,,
"USW00093721","BALTIMORE WASHINGTON INTERNATIONAL AIRPORT, MD US","39.17329","-76.68408","42.0","2024-11-23","0.02","0.0","0.0",,"55","39",,,,,,,,,,,,,,
"USW00093721","BALTIMORE WASHINGTON INTERNATIONAL AIRPORT, MD US","39.17329","-76.68408","42.0","2024-11-24","0.00","0.0","0.0",,"58","43",,,,,,,,,,,,,,
"USW00093721","BALTIMORE WASHINGTON INTERNATIONAL AIRPORT, MD US","39.17329","-76.68408","42.0","2024-11-25","0.00","0.0","0.0",,"60","35",,,,,,,,,,,,,,
"USW00093721","BALTIMORE WASHINGTON INTERNATIONAL AIRPORT, MD US","39.17329","-76.68408","42.0","2024-11-26","0.25","0.0","0.0",,"64","37","    1",,"    1",,,,,,,,,,,
"USW00093721","BALTIMORE WASHINGTON INTERNATIONAL AIRPORT, MD US","39.17329","-76.68408","42.0","2024-11-27","0.00","0.0","0.0",,"57","34",,,,,,,,,,,,,,
"USW00093721","BALTIMORE WASHINGTON INTERNATIONAL AIRPORT, MD US","39.17329","-76.68408","42.0","2024-11-28","0.61","0.0","0.0",,"54","38","    1",,,,,,,,,,,,,
"USW00093721","BALTIMORE WASHINGTON INTERNATIONAL AIRPORT, MD US","39.17329","-76.68408","42.0","2024-11-29","0.00","0.0","0.0",,"45","31",,,,,,,,,,,,,,
"USW00093721","BALTIMORE WASHINGTON INTERNATIONAL AIRPORT, MD US","39.17329","-76.68408","42.0","2024-11-30","0.00","0.0","0.0",,"38","23",,,,,,,,,,,,,,
"USW00093721","BALTIMORE WASHINGTON INTERNATIONAL AIRPORT, MD US","39.17329","-76.68408","42.0","2024-12-01","0.00","0.0","0.0",,"44","21",,,,,,,,,,,,,,
"USW00093721","BALTIMORE WASHINGTON INTERNATIONAL AIRPORT, MD US","39.17329","-76.68408","42.0","2024-12-02","0.00","0.0","0.0",,"42","24",,,,,,,,,,,,,,
"USW00093721","BALTIMORE WASHINGTON INTERNATIONAL AIRPORT, MD US","39.17329","-76.68408","42.0","2024-12-03","0.00","0.0","0.0",,"43","26",,,,,,,,,,,,,,
"USW00093721","BALTIMORE WASHINGTON INTERNATIONAL AIRPORT, MD US","39.17329","-76.68408","42.0","2024-12-04","0.00","0.0","0.0",,"46","23",,,,"    1",,,,,,,,,,
"USW00093721","BALTIMORE WASHINGTON INTERNATIONAL AIRPORT, MD US","39.17329","-76.68408","42.0","2024-12-05","0.00","0.0","0.0",,"45","28",,,,,,,,,,,,,,
"USW00093721","BALTIMORE WASHINGTON INTERNATIONAL AIRPORT, MD US","39.17329","-76.68408","42.0","2024-12-06","0.00","0.0","0.0",,"39","26",,,,,,,,,,,,,,
"USW00093721","BALTIMORE WASHINGTON INTERNATIONAL AIRPORT, MD US","39.17329","-76.68408","42.0","2024-12-07","0.00","0.0","0.0",,"42","26",,,,,,,,,,,,,,
"USW00093721","BALTIMORE WASHINGTON INTERNATIONAL AIRPORT, MD US","39.17329","-76.68408","42.0","2024-12-08","0.00","0.0","0.0",,"64","35",,,,,,,,,,,,,,
"USW00093721","BALTIMORE WASHINGTON INTERNATIONAL AIRPORT, MD US","39.17329","-76.68408","42.0","2024-12-09","0.03","0.0","0.0",,"57","32","    1",,,,,,,,,,,,,
"USW00093721","BALTIMORE WASHINGTON INTERNATIONAL AIRPORT, MD US","39.17329","-76.68408","42.0","2024-12-10","0.04","0.0","0.0",,"48","42","    1","    1",,,,,,,,,,,,
"USW00093721","BALTIMORE WASHINGTON INTERNATIONAL AIRPORT, MD US","39.17329","-76.68408","42.0","2024-12-11","0.88","0.0","0.0",,"64","37","    1","    1",,,,,,,,,,,,
"USW00093721","BALTIMORE WASHINGTON INTERNATIONAL AIRPORT, MD US","39.17329","-76.68408","42.0","2024-12-12","0.00","0.0","0.0",,"46","28",,,,,,,,,,,,,,
"USW00093721","BALTIMORE WASHINGTON INTERNATIONAL AIRPORT, MD US","39.17329","-76.68408","42.0","2024-12-13","0.00","0.0","0.0",,"37","24",,,,,,,,,,,,,,
"USW00093721","BALTIMORE WASHINGTON INTERNATIONAL AIRPORT, MD US","39.17329","-76.68408","42.0","2024-12-14","0.00","0.0","0.0",,"37","28",,,,,,,,,,,,,,
"USW00093721","BALTIMORE WASHINGTON INTERNATIONAL AIRPORT, MD US","39.17329","-76.68408","42.0","2024-12-15","0.23","0.0","0.0",,"40","29","    1",,,,,,,,,,,,,
"USW00093721","BALTIMORE WASHINGTON INTERNATIONAL AIRPORT, MD US","39.17329","-76.68408","42.0","2024-12-16","0.38","0.0","0.0",,"49","38","    1",,,,,,,,,,,,,
"USW00093721","BALTIMORE WASHINGTON INTERNATIONAL AIRPORT, MD US","39.17329","-76.68408","42.0","2024-12-17","0.00","0.0","0.0",,"64","37","    1",,,,,,,,,,,,,
"USW00093721","BALTIMORE WASHINGTON INTERNATIONAL AIRPORT, MD US","39.17329","-76.68408","42.0","2024-12-18","0.14","0.0","0.0",,"55","32","    1",,,,,,,,,,,,,
"USW00093721","BALTIMORE WASHINGTON INTERNATIONAL AIRPORT, MD US","39.17329","-76.68408","42.0","2024-12-19","0.00","0.0","0.0",,"49","35",,,,,,,"    1",,,,,,,
"USW00093721","BALTIMORE WASHINGTON INTERNATIONAL AIRPORT, MD US","39.17329","-76.68408","42.0","2024-12-20","0.09","0.0","0.0",,"38","32","    1",,,"    1",,,,,,,,,,
"USW00093721","BALTIMORE WASHINGTON INTERNATIONAL AIRPORT, MD US","39.17329","-76.68408","42.0","2024-12-21","0.00","0.0","0.0",,"38","26","    1",,,,,,,,,,,,,
"USW00093721","BALTIMORE WASHINGTON INTERNATIONAL AIRPORT, MD US","39.17329","-76.68408","42.0","2024-12-22","0.00","0.0","0.0",,"33","16",,,,,,,,,,,,,,
"USW00093721","BALTIMORE WASHINGTON INTERNATIONAL AIRPORT, MD US","39.17329","-76.68408","42.0","2024-12-23","0.00","0.0","0.0",,"32","17",,,,,,,,,,,,,,
"USW00093721","BALTIMORE WASHINGTON INTERNATIONAL AIRPORT, MD US","39.17329","-76.68408","42.0","2024-12-24","0.02","0.0","0.0",,"44","20",,,,"    1",,,,,,,,,,
"USW00093721","BALTIMORE WASHINGTON INTERNATIONAL AIRPORT, MD US","39.17329","-76.68408","42.0","2024-12-25","0.00","0.0","0.0",,"45","32","    1",,,,,,,,,,,,,
"USW00093721","BALTIMORE WASHINGTON INTERNATIONAL AIRPORT, MD US","39.17329","-76.68408","42.0","2024-12-26","0.00","0.0","0.0",,"38","30",,,,,,,,,,,,,,
"USW00093721","BALTIMORE WASHINGTON INTERNATIONAL AIRPORT, MD US","39.17329","-76.68408","42.0","2024-12-27","0.00","0.0","0.0",,"45","31","    1",,,,,,"    1",,,,,,,
"USW00093721","BALTIMORE WASHINGTON INTERNATIONAL AIRPORT, MD US","39.17329","-76.68408","42.0","2024-12-28","0.63","0.0","0.0",,"49","39","    1",,,,,,"    1",,,,,,,
"USW00093721","BALTIMORE WASHINGTON INTERNATIONAL AIRPORT, MD US","39.17329","-76.68408","42.0","2024-12-29","0.18","0.0","0.0",,"65","47","    1","    1",,,,,,,,,,,,
"USW00093721","BALTIMORE WASHINGTON INTERNATIONAL AIRPORT, MD US","39.17329","-76.68408","42.0","2024-12-30","0.00","0.0","0.0",,"62","40",,,,,,,,,,,,,,
"USW00093721","BALTIMORE WASHINGTON INTERNATIONAL AIRPORT, MD US","39.17329","-76.68408","42.0","2024-12-31","0.22","0.0","0.0",,"59","32","    1",,"    1",,,,,,,,,,,
"USW00093721","BALTIMORE WASHINGTON INTERNATIONAL AIRPORT, MD US","39.17329","-76.68408","42.0","2025-01-01","0.00","0.0","0.0",,"51","39","    1",,,,,,,,,,,,,
"USW00093721","BALTIMORE WASHINGTON INTERNATIONAL AIRPORT, MD US","39.17329","-76.68408","42.0","2025-01-02","0.00","0.0","0.0",,"41","29",,,,,,,,,,,,,,
"USW00093721","BALTIMORE WASHINGTON INTERNATIONAL AIRPORT, MD US","39.17329","-76.68408","42.0","2025-01-03","0.03","0.0","0.0",,"42","26","    1","    1",,,,,,,,,,,,
"USW00093721","BALTIMORE WASHINGTON INTERNATIONAL AIRPORT, MD US","39.17329","-76.68408","42.0","2025-01-04","0.00","0.0","0.0",,"33","22",,,,,,,,,,,,,,
"USW00093721","BALTIMORE WASHINGTON INTERNATIONAL AIRPORT, MD US","39.17329","-76.68408","42.0","2025-01-05","0.00","0.0","0.0",,"33","19",,,,,,,,,,,,,,
"USW00093721","BALTIMORE WASHINGTON INTERNATIONAL AIRPORT, MD US","39.17329","-76.68408","42.0","2025-01-06","0.73","6.6","3.0",,"31","25","    1","    1",,"    1",,"    1",,,,,,,,
"USW00093721","BALTIMORE WASHINGTON INTERNATIONAL AIRPORT, MD US","39.17329","-76.68408","42.0","2025-01-07","0.00","0.0","4.0",,"34","20",,,,,,,,"    1",,,,,,
"USW00093721","BALTIMORE WASHINGTON INTERNATIONAL AIRPORT, MD US","39.17329","-76.68408","42.0","2025-01-08","0.00","0.0","2.0",,"31","22",,,,,,,,,,,,,,
"USW00093721","BALTIMORE WASHINGTON INTERNATIONAL AIRPORT, MD US","39.17329","-76.68408","42.0","2025-01-09","0.00","0.0","1.0",,"31","20",,,,,,,,,,,,,,
"USW00093721","BALTIMORE WASHINGTON INTERNATIONAL AIRPORT, MD US","39.17329","-76.68408","42.0","2025-01-10","0.01","0.0","1.0",,"34","19",,,,"    1",,,,,,,,,,
"USW00093721","BALTIMORE WASHINGTON INTERNATIONAL AIRPORT, MD US","39.17329","-76.68408","42.0","2025-01-11","0.08","1.3","3.0",,"35","26","    1",,,"    1",,,,,,,,,,
"USW00093721","BALTIMORE WASHINGTON INTERNATIONAL AIRPORT, MD US","39.17329","-76.68408","42.0","2025-01-12","0.00","0.0","2.0",,"42","22",,,,,,,,,,,,,,
"USW00093721","BALTIMORE WASHINGTON INTERNATIONAL AIRPORT, MD US","39.17329","-76.68408","42.0","2025-01-13","0.00","0.0",,,"46","24",,,,,,,,,,,,,,
"USW00093721","BALTIMORE WASHINGTON INTERNATIONAL AIRPORT, MD US","39.17329","-76.68408","42.0","2025-01-14","0.00","0.0",,,"34","24",,,,,,,,,,,,,,
"USW00093721","BALTIMORE WASHINGTON INTERNATIONAL AIRPORT, MD US","39.17329","-76.68408","42.0","2025-01-15","0.00","0.0",,,"31","19",,,,,,,,,,,,,,
"USW00093721","BALTIMORE WASHINGTON INTERNATIONAL AIRPORT, MD US","39.17329","-76.68408","42.0","2025-01-16","0.00","0.0","0.0",,"33","12",,,,,,,,,,,,,,
"USW00093721","BALTIMORE WASHINGTON INTERNATIONAL AIRPORT, MD US","39.17329","-76.68408","42.0","2025-01-17","0.00","0.0","0.0",,"44","22",,,,,,,,,,,,,,
"USW00093721","BALTIMORE WASHINGTON INTERNATIONAL AIRPORT, MD US","39.17329","-76.68408","42.0","2025-01-18","0.01","0.0","0.0",,"44","31",,,,,,,,,,,,,,
"USW00093721","BALTIMORE WASHINGTON INTERNATIONAL AIRPORT, MD US","39.17329","-76.68408","42.0","2025-01-19","0.23","1.0","0.0",,"40","26","    1","    1",,"    1",,,,,,,,,,
"USW00093721","BALTIMORE WASHINGTON INTERNATIONAL AIRPORT, MD US","39.17329","-76.68408","42.0","2025-01-20","0.00","0.0","1.0",,"28","13",,,,,,,,,,,,,,
"USW00093721","BALTIMORE WASHINGTON INTERNATIONAL AIRPORT, MD US","39.17329","-76.68408","42.0","2025-01-21","0.00","0.0","1.0",,"20","11",,,,,,,,,,,,,,
"USW00093721","BALTIMORE WASHINGTON INTERNATIONAL AIRPORT, MD US","39.17329","-76.68408","42.0","2025-01-22","0.00","0.0","1.0",,"22","10",,,,,,,,,,,,,,
"USW00093721","BALTIMORE WASHINGTON INTERNATIONAL AIRPORT, MD US","39.17329","-76.68408","42.0","2025-01-23","0.00","0.0","0.0",,"30","6",,,,,,,,,,,,,,
"USW00093721","BALTIMORE WASHINGTON INTERNATIONAL AIRPORT, MD US","39.17329","-76.68408","42.0","2025-01-24","0.00","0.0","0.0",,"38","14",,,,,,,,,,,,,,
"USW00093721","BALTIMORE WASHINGTON INTERNATIONAL AIRPORT, MD US","39.17329","-76.68408","42.0","2025-01-25","0.00","0.0","0.0",,"38","13",,,,,,,,,,,,,,
"USW00093721","BALTIMORE WASHINGTON INTERNATIONAL AIRPORT, MD US","39.17329","-76.68408","42.0","2025-01-26","0.00","0.0","0.0",,"48","23",,,,,,,,,,,,,,
"USW00093721","BALTIMORE WASHINGTON INTERNATIONAL AIRPORT, MD US","39.17329","-76.68408","42.0","2025-01-27","0.00","0.0","0.0",,"49","20",,,,,,,,,,,,,,
"USW00093721","BALTIMORE WASHINGTON INTERNATIONAL AIRPORT, MD US","39.17329","-76.68408","42.0","2025-01-28","0.00","0.0","0.0",,"50","28",,,,,,,,,,,,,,
"USW00093721","BALTIMORE WASHINGTON INTERNATIONAL AIRPORT, MD US","39.17329","-76.68408","42.0","2025-01-29","0.00","0.0","0.0",,"58","38",,,,,,,,,,,,,,
"USW00093721","BALTIMORE WASHINGTON INTERNATIONAL AIRPORT, MD US","39.17329","-76.68408","42.0","2025-01-30","0.00","0.0","0.0",,"47","27",,,,,,,"    1",,,,,,,
"USW00093721","BALTIMORE WASHINGTON INTERNATIONAL AIRPORT, MD US","39.17329","-76.68408","42.0","2025-01-31","0.48","0.0","0.0",,"53","39","    1",,,,,,,,,,,,,
"USW00093721","BALTIMORE WASHINGTON INTERNATIONAL AIRPORT, MD US","39.17329","-76.68408","42.0","2025-02-01","0.00","0.0","0.0",,"52","28","    1",,,,,,,,,,,,,
"USW00093721","BALTIMORE WASHINGTON INTERNATIONAL AIRPORT, MD US","39.17329","-76.68408","42.0","2025-02-02","0.00","0.0","0.0",,"35","22",,,,,,,,,,,,,,
"USW00093721","BALTIMORE WASHINGTON INTERNATIONAL AIRPORT, MD US","39.17329","-76.68408","42.0","2025-02-03","0.00","0.0","0.0",,"50","25",,,,,,,,,,,,,,
"USW00093721","BALTIMORE WASHINGTON INTERNATIONAL AIRPORT, MD US","39.17329","-76.68408","42.0","2025-02-04","0.00","0.0","0.0",,"61","35",,,,,,,,,,,,,,
"USW00093721","BALTIMORE WASHINGTON INTERNATIONAL AIRPORT, MD US","39.17329","-76.68408","42.0","2025-02-05","0.04","0.0","0.0",,"39","33",,,,"    1",,,,,,,,,,
"USW00093721","BALTIMORE WASHINGTON INTERNATIONAL AIRPORT, MD US","39.17329","-76.68408","42.0","2025-02-06","0.38","0.0","0.0",,"43","32","    1",,,"    1",,"    1",,,,,,,,
"USW00093721","BALTIMORE WASHINGTON INTERNATIONAL AIRPORT, MD US","39.17329","-76.68408","42.0","2025-02-07","0.00","0.0","0.0",,"50","31","    1",,,,,,,,,,,,,
"USW00093721","BALTIMORE WASHINGTON INTERNATIONAL AIRPORT, MD US","39.17329","-76.68408","42.0","2025-02-08","0.05","0.0","0.0",,"35","28","    1",,,"    1",,"    1",,,,,,,,
"USW00093721","BALTIMORE WASHINGTON INTERNATIONAL AIRPORT, MD US","39.17329","-76.68408","42.0","2025-02-09","0.02","0.0","0.0",,"45","32","    1",,,,,"    1",,,,,,,,
"USW00093721","BALTIMORE WASHINGTON INTERNATIONAL AIRPORT, MD US","39.17329","-76.68408","42.0","2025-02-10","0.00","0.0","0.0",,"45","33",,,,,,,,,,,,,,
"USW00093721","BALTIMORE WASHINGTON INTERNATIONAL AIRPORT, MD US","39.17329","-76.68408","42.0","2025-02-11","0.40","3.8","0.0",,"36","27","    1",,,,,,,,,,,,,
"USW00093721","BALTIMORE WASHINGTON INTERNATIONAL AIRPORT, MD US","39.17329","-76.68408","42.0","2025-02-12","0.23","0.0","3.9",,"35","30","    1",,,,,"    1","    1",,,,,,,
"USW00093721","BALTIMORE WASHINGTON INTERNATIONAL AIRPORT, MD US","39.17329","-76.68408","42.0","2025-02-13","0.09","0.0","1.2",,"55","33","    1","    1",,,,,,,,,,,,
"USW00093721","BALTIMORE WASHINGTON INTERNATIONAL AIRPORT, MD US","39.17329","-76.68408","42.0","2025-02-14","0.00","0.0","0.0",,"42","29",,,,,,,,,,,,,,
"USW00093721","BALTIMORE WASHINGTON INTERNATIONAL AIRPORT, MD US","39.17329","-76.68408","42.0","2025-02-15","0.42","0.0","0.0",,"40","31","    1",,,"    1",,,,,,,,,,
"USW00093721","BALTIMORE WASHINGTON INTERNATIONAL AIRPORT, MD US","39.17329","-76.68408","42.0","2025-02-16","0.65","0.0","0.0",,"61","36","    1","    1",,,,,,,,,,,,
"USW00093721","BALTIMORE WASHINGTON INTERNATIONAL AIRPORT, MD US","39.17329","-76.68408","42.0","2025-02-17","0.00","0.0","0.0",,"41","29",,,,,,,,,,,,,,
"USW00093721","BALTIMORE WASHINGTON INTERNATIONAL AIRPORT, MD US","39.17329","-76.68408","42.0","2025-02-18","0.00","0.0","0.0",,"33","20",,,,,,,,,,,,,,
"USW00093721","BALTIMORE WASHINGTON INTERNATIONAL AIRPORT, MD US","39.17329","-76.68408","42.0","2025-02-19","0.00","0.0","0.0",,"26","17",,,,,,,,,,,,,,
"USW00093721","BALTIMORE WASHINGTON INTERNATIONAL AIRPORT, MD US","39.17329","-76.68408","42.0","2025-02-20","0.00","0.0","0.0",,"30","20",,,,,,,,,,,,,,
"USW00093721","BALTIMORE WASHINGTON INTERNATIONAL AIRPORT, MD US","39.17329","-76.68408","42.0","2025-02-21","0.00","0.0","0.0",,"39","23",,,,,,,,,,,,,,
"USW00093721","BALTIMORE WASHINGTON INTERNATIONAL AIRPORT, MD US","39.17329","-76.68408","42.0","2025-02-22","0.00","0.0","0.0",,"44","16",,,,,,,,,,,,,,
"USW00093721","BALTIMORE WASHINGTON INTERNATIONAL AIRPORT, MD US","39.17329","-76.68408","42.0","2025-02-23","0.00","0.0","0.0",,"51","20",,,,,,,,,,,,,,
"USW00093721","BALTIMORE WASHINGTON INTERNATIONAL AIRPORT, MD US","39.17329","-76.68408","42.0","2025-02-24","0.00","0.0","0.0",,"58","29",,,,,,,,,,,,,,
"USW00093721","BALTIMORE WASHINGTON INTERNATIONAL AIRPORT, MD US","39.17329","-76.68408","42.0","2025-02-25","0.00","0.0","0.0",,"66","32",,,,,,,"    1",,,,,,,
"USW00093721","BALTIMORE WASHINGTON INTERNATIONAL AIRPORT, MD US","39.17329","-76.68408","42.0","2025-02-26","0.00","0.0","0.0",,"66","34",,,,,,,,,,,,,,
"USW00093721","BALTIMORE WASHINGTON INTERNATIONAL AIRPORT, MD US","39.17329","-76.68408","42.0","2025-02-27","0.03","0.0","0.0",,"62","43","    1",,,,,,,,,,,,,
"USW00093721","BALTIMORE WASHINGTON INTERNATIONAL AIRPORT, MD US","39.17329","-76.68408","42.0","2025-02-28","0.00","0.0","0.0",,"55","41",,,,,,,,,,,,,,
"USW00093721","BALTIMORE WASHINGTON INTERNATIONAL AIRPORT, MD US","39.17329","-76.68408","42.0","2025-03-01","0.00","0.0","0.0",,"66","28",,,,,,,,,,,,,,
"USW00093721","BALTIMORE WASHINGTON INTERNATIONAL AIRPORT, MD US","39.17329","-76.68408","42.0","2025-03-02","0.00","0.0","0.0",,"39","20",,,,,,,,,,,,,,
"USW00093721","BALTIMORE WASHINGTON INTERNATIONAL AIRPORT, MD US","39.17329","-76.68408","42.0","2025-03-03","0.00","0.0","0.0",,"45","22",,,,,,,,,,,,,,
"USW00093721","BALTIMORE WASHINGTON INTERNATIONAL AIRPORT, MD US","39.17329","-76.68408","42.0","2025-03-04","0.00","0.0","0.0",,"64","28",,,,,,,,,,,,,,
"USW00093721","BALTIMORE WASHINGTON INTERNATIONAL AIRPORT, MD US","39.17329","-76.68408","42.0","2025-03-05","1.01","0.0","0.0",,"59","50","    1",,,,"    1",,,,,,,,,
"USW00093721","BALTIMORE WASHINGTON INTERNATIONAL AIRPORT, MD US","39.17329","-76.68408","42.0","2025-03-06","0.00","0.0","0.0",,"53","38","    1",,,,,,,,,,,,,
"USW00093721","BALTIMORE WASHINGTON INTERNATIONAL AIRPORT, MD US","39.17329","-76.68408","42.0","2025-03-07","0.00","0.0","0.0",,"56","34",,,,,,,,,,,,,,
"USW00093721","BALTIMORE WASHINGTON INTERNATIONAL AIRPORT, MD US","39.17329","-76.68408","42.0","2025-03-08","0.00","0.0","0.0",,"51","35",,,,,,,,,,,,,,
"USW00093721","BALTIMORE WASHINGTON INTERNATIONAL AIRPORT, MD US","39.17329","-76.68408","42.0","2025-03-09","0.00","0.0","0.0",,"60","28",,,,,,,,,,,,,,
"USW00093721","BALTIMORE WASHINGTON INTERNATIONAL AIRPORT, MD US","39.17329","-76.68408","42.0","2025-03-10","0.00","0.0","0.0",,"67","38",,,,,,,,,,,,,,
"USW00093721","BALTIMORE WASHINGTON INTERNATIONAL AIRPORT, MD US","39.17329","-76.68408","42.0","2025-03-11","0.00","0.0","0.0",,"73","33",,,,,,,,,,,,,,
"USW00093721","BALTIMORE WASHINGTON INTERNATIONAL AIRPORT, MD US","39.17329","-76.68408","42.0","2025-03-12","0.00","0.0","0.0",,"64","42",,,,,,,,,,,,,,
"USW00093721","BALTIMORE WASHINGTON INTERNATIONAL AIRPORT, MD US","39.17329","-76.68408","42.0","2025-03-13","0.00","0.0","0.0",,"53","42","    1",,,,,,,,,,,,,
"USW00093721","BALTIMORE WASHINGTON INTERNATIONAL AIRPORT, MD US","39.17329","-76.68408","42.0","2025-03-14","0.00","0.0","0.0",,"49","41","    1",,,,,,"    1",,,,,,,
"USW00093721","BALTIMORE WASHINGTON INTERNATIONAL AIRPORT, MD US","39.17329","-76.68408","42.0","2025-03-15","0.00","0.0","0.0",,"57","44","    1",,,,,,"    1",,,,,,,
"USW00093721","BALTIMORE WASHINGTON INTERNATIONAL AIRPORT, MD US","39.17329","-76.68408","42.0","2025-03-16","0.19","0.0","0.0",,"71","52","    1",,"    1",,,,,,,,,,,
"USW00093721","BALTIMORE WASHINGTON INTERNATIONAL AIRPORT, MD US","39.17329","-76.68408","42.0","2025-03-17","0.10","0.0","0.0",,"59","36","    1",,,,,,,,,,,,,
"USW00093721","BALTIMORE WASHINGTON INTERNATIONAL AIRPORT, MD US","39.17329","-76.68408","42.0","2025-03-18","0.00","0.0","0.0",,"68","34",,,,,,,,,,,,,,
"USW00093721","BALTIMORE WASHINGTON INTERNATIONAL AIRPORT, MD US","39.17329","-76.68408","42.0","2025-03-19","0.00","0.0","0.0",,"72","34",,,,,,,,,,,,,,
"USW00093721","BALTIMORE WASHINGTON INTERNATIONAL AIRPORT, MD US","39.17329","-76.68408","42.0","2025-03-20","0.79","0.0","0.0",,"72","45","    1",,"    1",,,,,,,,,,,
"USW00093721","BALTIMORE WASHINGTON INTERNATIONAL AIRPORT, MD US","39.17329","-76.68408","42.0","2025-03-21","0.00","0.0","0.0",,"57","39",,,,,,,,,,,,,,
"USW00093721","BALTIMORE WASHINGTON INTERNATIONAL AIRPORT, MD US","39.17329","-76.68408","42.0","2025-03-22","0.00","0.0","0.0",,"67","35",,,,,,,,,,,,,,
"USW00093721","BALTIMORE WASHINGTON INTERNATIONAL AIRPORT, MD US","39.17329","-76.68408","42.0","2025-03-23","0.00","0.0","0.0",,"57","33",,,,,,,,,,,,,,
"USW00093721","BALTIMORE WASHINGTON INTERNATIONAL AIRPORT, MD US","39.17329","-76.68408","42.0","2025-03-24","0.12","0.0","0.0",,"58","45","    1",,,,,,,,,,,,,
"USW00093721","BALTIMORE WASHINGTON INTERNATIONAL AIRPORT, MD US","39.17329","-76.68408","42.0","2025-03-25","0.00","0.0","0.0",,"64","46",,,,,,,,,,,,,,
"USW00093721","BALTIMORE WASHINGTON INTERNATIONAL AIRPORT, MD US","39.17329","-76.68408","42.0","2025-03-26","0.00","0.0","0.0",,"54","36",,,,,,,,,,,,,,
"USW00093721","BALTIMORE WASHINGTON INTERNATIONAL AIRPORT, MD US","39.17329","-76.68408","42.0","2025-03-27","0.00","0.0","0.0",,"58","30",,,,,,,,,,,,,,
"USW00093721","BALTIMORE WASHINGTON INTERNATIONAL AIRPORT, MD US","39.17329","-76.68408","42.0","2025-03-28","0.00","0.0","0.0",,"68","36",,,,,,,,,,,,,,
"USW00093721","BALTIMORE WASHINGTON INTERNATIONAL AIRPORT, MD US","39.17329","-76.68408","42.0","2025-03-29","0.00","0.0",,,"85","57",,,,,,,,,,,,,,
"USW00093721","BALTIMORE WASHINGTON INTERNATIONAL AIRPORT, MD US","39.17329","-76.68408","42.0","2025-03-30","0.00","0.0",,,"83","54",,,,,,,,,,,,,,
"USW00093721","BALTIMORE WASHINGTON INTERNATIONAL AIRPORT, MD US","39.17329","-76.68408","42.0","2025-03-31","0.92","0.0",,,"86","62","    1",,"    1",,,,,,,,,,,
"USW00093721","BALTIMORE WASHINGTON INTERNATIONAL AIRPORT, MD US","39.17329","-76.68408","42.0","2025-04-01","0.00","0.0",,,"62","40","    1",,,,,,,,,,,,,
"USW00093721","BALTIMORE WASHINGTON INTERNATIONAL AIRPORT, MD US","39.17329","-76.68408","42.0","2025-04-02","0.00","0.0","0.0",,"57","39",,,,,,,,,,,,,,
"USW00093721","BALTIMORE WASHINGTON INTERNATIONAL AIRPORT, MD US","39.17329","-76.68408","42.0","2025-04-03","0.11","0.0",,,"80","52","    1",,,,,,,,,,,,,
"USW00093721","BALTIMORE WASHINGTON INTERNATIONAL AIRPORT, MD US","39.17329","-76.68408","42.0","2025-04-04","0.05","0.0","0.0",,"75","61","    1",,"    1",,,,,,,,,,,
"USW00093721","BALTIMORE WASHINGTON INTERNATIONAL AIRPORT, MD US","39.17329","-76.68408","42.0","2025-04-05","0.00","0.0","0.0",,"69","56",,,,,,,"    1",,,,,,,
"USW00093721","BALTIMORE WASHINGTON INTERNATIONAL AIRPORT, MD US","39.17329","-76.68408","42.0","2025-04-06","0.02","0.0","0.0",,"61","51","    1",,,,,,"    1",,,,,,,
"USW00093721","BALTIMORE WASHINGTON INTERNATIONAL AIRPORT, MD US","39.17329","-76.68408","42.0","2025-04-07","0.32","0.0","0.0",,"52","43","    1",,,,,,,,,,,,,
"USW00093721","BALTIMORE WASHINGTON INTERNATIONAL AIRPORT, MD US","39.17329","-76.68408","42.0","2025-04-08","0.00","0.0","0.0",,"49","35",,,,,,,,,,,,,,
"USW00093721","BALTIMORE WASHINGTON INTERNATIONAL AIRPORT, MD US","39.17329","-76.68408","42.0","2025-04-09","0.00","0.0","0.0",,"52","29",,,,,,,,,,,,,,
"USW00093721","BALTIMORE WASHINGTON INTERNATIONAL AIRPORT, MD US","39.17329","-76.68408","42.0","2025-04-10","0.00","0.0","0.0",,"57","44",,,,,,,,,,,,,,
"USW00093721","BALTIMORE WASHINGTON INTERNATIONAL AIRPORT, MD US","39.17329","-76.68408","42.0","2025-04-11","1.20","0.0","0.0",,"49","45","    1",,,,,,,,,,,,,
"USW00093721","BALTIMORE WASHINGTON INTERNATIONAL AIRPORT, MD US","39.17329","-76.68408","42.0","2025-04-12","0.12","0.0","0.0",,"52","43","    1",,,,,,,,,,,,,
"USW00093721","BALTIMORE WASHINGTON INTERNATIONAL AIRPORT, MD US","39.17329","-76.68408","42.0","2025-04-13","0.00","0.0","0.0",,"63","44",,,,,,,,,,,,,,
"USW00093721","BALTIMORE WASHINGTON INTERNATIONAL AIRPORT, MD US","39.17329","-76.68408","42.0","2025-04-14","0.06","0.0","0.0",,"73","42",,,"    1",,,,,,,,,,,
"USW00093721","BALTIMORE WASHINGTON INTERNATIONAL AIRPORT, MD US","39.17329","-76.68408","42.0","2025-04-15","0.00","0.0","0.0",,"70","50",,,,,,,,,,,,,,
"USW00093721","BALTIMORE WASHINGTON INTERNATIONAL AIRPORT, MD US","39.17329","-76.68408","42.0","2025-04-16","0.00","0.0","0.0",,"61","46",,,,,,,,,,,,,,
"USW00093721","BALTIMORE WASHINGTON INTERNATIONAL AIRPORT, MD US","39.17329","-76.68408","42.0","2025-04-17","0.00","0.0","0.0",,"65","36",,,,,,,,,,,,,,
"USW00093721","BALTIMORE WASHINGTON INTERNATIONAL AIRPORT, MD US","39.17329","-76.68408","42.0","2025-04-18","0.00","0.0","0.0",,"75","38",,,,,,,,,,,,,,
"USW00093721","BALTIMORE WASHINGTON INTERNATIONAL AIRPORT, MD US","39.17329","-76.68408","42.0","2025-04-19","0.00","0.0",,,"83","69",,,,,,,,,,,,,,
"USW00093721","BALTIMORE WASHINGTON INTERNATIONAL AIRPORT, MD US","39.17329","-76.68408","42.0","2025-04-20","0.00","0.0",,,"75","56",,,,,,,,,,,,,,
"USW00093721","BALTIMORE WASHINGTON INTERNATIONAL AIRPORT, MD US","39.17329","-76.68408","42.0","2025-04-21","0.00","0.0","0.0",,"72","56",,,,,,,,,,,,,,
"USW00093721","BALTIMORE WASHINGTON INTERNATIONAL AIRPORT, MD US","39.17329","-76.68408","42.0","2025-04-22","0.00","0.0","0.0",,"82","56",,,,,,,,,,,,,,
"USW00093721","BALTIMORE WASHINGTON INTERNATIONAL AIRPORT, MD US","39.17329","-76.68408","42.0","2025-04-23","0.00","0.0","0.0",,"76","47",,,,,,,,,,,,,,
"USW00093721","BALTIMORE WASHINGTON INTERNATIONAL AIRPORT, MD US","39.17329","-76.68408","42.0","2025-04-24","0.00","0.0","0.0",,"81","48",,,,,,,"    1",,,,,,,
"USW00093721","BALTIMORE WASHINGTON INTERNATIONAL AIRPORT, MD US","39.17329","-76.68408","42.0","2025-04-25","0.09","0.0","0.0",,"80","48","    1",,,,,,,,,,,,,
"USW00093721","BALTIMORE WASHINGTON INTERNATIONAL AIRPORT, MD US","39.17329","-76.68408","42.0","2025-04-26","0.37","0.0","0.0",,"78","49","    1",,"    1",,,,"    1",,,,,,,
"USW00093721","BALTIMORE WASHINGTON INTERNATIONAL AIRPORT, MD US","39.17329","-76.68408","42.0","2025-04-27","0.00","0.0","0.0",,"71","48",,,,,,,,,,,,,,
"USW00093721","BALTIMORE WASHINGTON INTERNATIONAL AIRPORT, MD US","39.17329","-76.68408","42.0","2025-04-28","0.00","0.0","0.0",,"74","42",,,,,,,,,,,,,,
"USW00093721","BALTIMORE WASHINGTON INTERNATIONAL AIRPORT, MD US","39.17329","-76.68408","42.0","2025-04-29","0.00","0.0","0.0",,"84","48",,,,,,,,,,,,,,
"USW00093721","BALTIMORE WASHINGTON INTERNATIONAL AIRPORT, MD US","39.17329","-76.68408","42.0","2025-04-30","0.00","0.0","0.0",,"84","60",,,,,,,,,,,,,,
"USW00093721","BALTIMORE WASHINGTON INTERNATIONAL AIRPORT, MD US","39.17329","-76.68408","42.0","2025-05-01","0.00","0.0","0.0",,"83","58",,,,,,,,,,,,,,
"USW00093721","BALTIMORE WASHINGTON INTERNATIONAL AIRPORT, MD US","39.17329","-76.68408","42.0","2025-05-02","0.00","0.0","0.0",,"88","63",,,,,,,,,,,,,,
"USW00093721","BALTIMORE WASHINGTON INTERNATIONAL AIRPORT, MD US","39.17329","-76.68408","42.0","2025-05-03","0.24","0.0","0.0",,"86","62",,,"    1",,,,,,,,,,,
"USW00093721","BALTIMORE WASHINGTON INTERNATIONAL AIRPORT, MD US","39.17329","-76.68408","42.0","2025-05-04","0.06","0.0","0.0",,"73","63","    1",,,,,,,,,,,,,
"USW00093721","BALTIMORE WASHINGTON INTERNATIONAL AIRPORT, MD US","39.17329","-76.68408","42.0","2025-05-05","0.07","0.0","0.0",,"74","64","    1",,,,,,,,,,,,,
"USW00093721","BALTIMORE WASHINGTON INTERNATIONAL AIRPORT, MD US","39.17329","-76.68408","42.0","2025-05-06","0.00","0.0","0.0",,"76","61",,,,,,,,,,,,,,
"USW00093721","BALTIMORE WASHINGTON INTERNATIONAL AIRPORT, MD US","39.17329","-76.68408","42.0","2025-05-07","0.00","0.0",,,"75","56",,,,,,,,,,,,,,
"USW00093721","BALTIMORE WASHINGTON INTERNATIONAL AIRPORT, MD US","39.17329","-76.68408","42.0","2025-05-08","0.02","0.0","0.0",,"80","54",,,,,,,,,,,,,,
"USW00093721","BALTIMORE WASHINGTON INTERNATIONAL AIRPORT, MD US","39.17329","-76.68408","42.0","2025-05-09","0.22","0.0","0.0",,"64","48","    1",,,,,,,,,,,,,
"USW00093721","BALTIMORE WASHINGTON INTERNATIONAL AIRPORT, MD US","39.17329","-76.68408","42.0","2025-05-10","0.00","0.0","0.0",,"76","46",,,,,,,,,,,,,,
"USW00093721","BALTIMORE WASHINGTON INTERNATIONAL AIRPORT, MD US","39.17329","-76.68408","42.0","2025-05-11","0.00","0.0","0.0",,"84","53",,,,,,,,,,,,,,
"USW00093721","BALTIMORE WASHINGTON INTERNATIONAL AIRPORT, MD US","39.17329","-76.68408","42.0","2025-05-12","0.00","0.0","0.0",,"80","55",,,,,,,,,,,,,,
"USW00093721","BALTIMORE WASHINGTON INTERNATIONAL AIRPORT, MD US","39.17329","-76.68408","42.0","2025-05-13","2.28","0.0","0.0",,"68","62","    1",,,,,,,,,,,,,
"USW00093721","BALTIMORE WASHINGTON INTERNATIONAL AIRPORT, MD US","39.17329","-76.68408","42.0","2025-05-14","0.66","0.0","0.0",,"69","62","    1",,"    1",,,,,,,,,,,
"USW00093721","BALTIMORE WASHINGTON INTERNATIONAL AIRPORT, MD US","39.17329","-76.68408","42.0","2025-05-15","0.00","0.0","0.0",,"79","65","    1","    1",,,,,"    1",,,,,,,
"USW00093721","BALTIMORE WASHINGTON INTERNATIONAL AIRPORT, MD US","39.17329","-76.68408","42.0","2025-05-16","0.26","0.0","0.0",,"88","65","    1",,"    1",,,,,,,,,,,
"USW00093721","BALTIMORE WASHINGTON INTERNATIONAL AIRPORT, MD US","39.17329","-76.68408","42.0","2025-05-17","0.00","0.0","0.0",,"88","65",,,,,,,,,,,,,,
"USW00093721","BALTIMORE WASHINGTON INTERNATIONAL AIRPORT, MD US","39.17329","-76.68408","42.0","2025-05-18","0.00","0.0","0.0",,"78","66",,,,,,,,,,,,,,
"USW00093721","BALTIMORE WASHINGTON INTERNATIONAL AIRPORT, MD US","39.17329","-76.68408","42.0","2025-05-19","0.00","0.0","0.0",,"76","58",,,,,,,,,,,,,,
"USW00093721","BALTIMORE WASHINGTON INTERNATIONAL AIRPORT, MD US","39.17329","-76.68408","42.0","2025-05-20","0.00","0.0","0.0",,"73","53",,,,,,,"    1",,,,,,,
"USW00093721","BALTIMORE WASHINGTON INTERNATIONAL AIRPORT, MD US","39.17329","-76.68408","42.0","2025-05-21","0.60","0.0","0.0",,"63","55","    1",,,,,,,,,,,,,
"USW00093721","BALTIMORE WASHINGTON INTERNATIONAL AIRPORT, MD US","39.17329","-76.68408","42.0","2025-05-22","0.10","0.0","0.0",,"69","54","    1",,"    1",,,,,,,,,,,
"USW00093721","BALTIMORE WASHINGTON INTERNATIONAL AIRPORT, MD US","39.17329","-76.68408","42.0","2025-05-23","0.00","0.0","0.0",,"70","53",,,,,,,,,,,,,,
"USW00093721","BALTIMORE WASHINGTON INTERNATIONAL AIRPORT, MD US","39.17329","-76.68408","42.0","2025-05-24","0.00","0.0","0.0",,"72","50",,,,,,,,,,,,,,
"USW00093721","BALTIMORE WASHINGTON INTERNATIONAL AIRPORT, MD US","39.17329","-76.68408","42.0","2025-05-25","0.00","0.0","0.0",,"74","48",,,,,,,,,,,,,,
"USW00093721","BALTIMORE WASHINGTON INTERNATIONAL AIRPORT, MD US","39.17329","-76.68408","42.0","2025-05-26","0.00","0.0","0.0",,"76","56",,,,,,,,,,,,,,
"USW00093721","BALTIMORE WASHINGTON INTERNATIONAL AIRPORT, MD US","39.17329","-76.68408","42.0","2025-05-27","0.08","0.0","0.0",,"72","52",,,,,,,,,,,,,,
"USW00093721","BALTIMORE WASHINGTON INTERNATIONAL AIRPORT, MD US","39.17329","-76.68408","42.0","2025-05-28","1.50","0.0","0.0",,"60","53","    1",,,,,,,,,,,,,
"USW00093721","BALTIMORE WASHINGTON INTERNATIONAL AIRPORT, MD US","39.17329","-76.68408","42.0","2025-05-29","0.00","0.0","0.0",,"76","57","    1",,,,,,,,,,,,,
"USW00093721","BALTIMORE WASHINGTON INTERNATIONAL AIRPORT, MD US","39.17329","-76.68408","42.0","2025-05-30","0.57","0.0","0.0",,"82","60","    1",,"    1",,,,,,,,,,,
"USW00093721","BALTIMORE WASHINGTON INTERNATIONAL AIRPORT, MD US","39.17329","-76.68408","42.0","2025-05-31","0.19","0.0","0.0",,"74","52","    1",,"    1",,,,,,,,,,,
"USW00093721","BALTIMORE WASHINGTON INTERNATIONAL AIRPORT, MD US","39.17329","-76.68408","42.0","2025-06-01","0.00","0.0","0.0",,"71","49",,,,,,,,,,,,,,
"USW00093721","BALTIMORE WASHINGTON INTERNATIONAL AIRPORT, MD US","39.17329","-76.68408","42.0","2025-06-02","0.00","0.0","0.0",,"76","48",,,,,,,,,,,,,,
"USW00093721","BALTIMORE WASHINGTON INTERNATIONAL AIRPORT, MD US","39.17329","-76.68408","42.0","2025-06-03","0.00","0.0","0.0",,"83","53",,,,,,,,,,,,,,
"USW00093721","BALTIMORE WASHINGTON INTERNATIONAL AIRPORT, MD US","39.17329","-76.68408","42.0","2025-06-04","0.00","0.0","0.0",,"89","56",,,,,,,,,,,,,,
"USW00093721","BALTIMORE WASHINGTON INTERNATIONAL AIRPORT, MD US","39.17329","-76.68408","42.0","2025-06-05","0.00","0.0","0.0",,"88","66",,,,,,,,,,,,,,
"USW00093721","BALTIMORE WASHINGTON INTERNATIONAL AIRPORT, MD US","39.17329","-76.68408","42.0","2025-06-06","0.00","0.0",,,"87","64",,,,,,,,,,,,,,
"USW00093721","BALTIMORE WASHINGTON INTERNATIONAL AIRPORT, MD US","39.17329","-76.68408","42.0","2025-06-07","0.14","0.0","0.0",,"86","70","    1",,,,,,"    1",,,,,,,
"USW00093721","BALTIMORE WASHINGTON INTERNATIONAL AIRPORT, MD US","39.17329","-76.68408","42.0","2025-06-08","0.04","0.0","0.0",,"75","67","    1",,,,,,"    1",,,,,,,
"USW00093721","BALTIMORE WASHINGTON INTERNATIONAL AIRPORT, MD US","39.17329","-76.68408","42.0","2025-06-09","0.00","0.0","0.0",,"84","67","    1",,,,,,"    1",,,,,,,
"USW00093721","BALTIMORE WASHINGTON INTERNATIONAL AIRPORT, MD US","39.17329","-76.68408","42.0","2025-06-10","0.00","0.0","0.0",,"87","71",,,,,,,,,,,,,,
"USW00093721","BALTIMORE WASHINGTON INTERNATIONAL AIRPORT, MD US","39.17329","-76.68408","42.0","2025-06-11","0.00","0.0","0.0",,"87","66",,,,,,,,,,,,,,
"USW00093721","BALTIMORE WASHINGTON INTERNATIONAL AIRPORT, MD US","39.17329","-76.68408","42.0","2025-06-12","0.00","0.0",,,"91","65",,,,,,,"    1",,,,,,,
"USW00093721","BALTIMORE WASHINGTON INTERNATIONAL AIRPORT, MD US","39.17329","-76.68408","42.0","2025-06-13","0.19","0.0","0.0",,"88","67","    1",,"    1",,,,"    1",,,,,,,
"USW00093721","BALTIMORE WASHINGTON INTERNATIONAL AIRPORT, MD US","39.17329","-76.68408","42.0","2025-06-14","0.11","0.0","0.0",,"82","68","    1",,,,,,"    1",,,,,,,
"USW00093721","BALTIMORE WASHINGTON INTERNATIONAL AIRPORT, MD US","39.17329","-76.68408","42.0","2025-06-15","0.13","0.0","0.0",,"68","63","    1",,,,,,,,,,,,,
"USW00093721","BALTIMORE WASHINGTON INTERNATIONAL AIRPORT, MD US","39.17329","-76.68408","42.0","2025-06-16","0.35","0.0","0.0",,"67","62","    1",,,,,,,,,,,,,
"USW00093721","BALTIMORE WASHINGTON INTERNATIONAL AIRPORT, MD US","39.17329","-76.68408","42.0","2025-06-17","0.01","0.0","0.0",,"76","66","    1",,,,,,,,,,,,,
"USW00093721","BALTIMORE WASHINGTON INTERNATIONAL AIRPORT, MD US","39.17329","-76.68408","42.0","2025-06-18","0.79","0.0","0.0",,"85","70","    1",,"    1",,,,"    1",,,,,,,
"USW00093721","BALTIMORE WASHINGTON INTERNATIONAL AIRPORT, MD US","39.17329","-76.68408","42.0","2025-06-19","0.49","0.0","0.0",,"91","70","    1",,"    1",,,,,,,,,,,
"USW00093721","BALTIMORE WASHINGTON INTERNATIONAL AIRPORT, MD US","39.17329","-76.68408","42.0","2025-06-20","0.00","0.0","0.0",,"86","63",,,,,,,,,,,,,,
"USW00093721","BALTIMORE WASHINGTON INTERNATIONAL AIRPORT, MD US","39.17329","-76.68408","42.0","2025-06-21","0.00","0.0","0.0",,"90","66",,,,,,,,,,,,,,
"USW00093721","BALTIMORE WASHINGTON INTERNATIONAL AIRPORT, MD US","39.17329","-76.68408","42.0","2025-06-22","0.00","0.0","0.0",,"93","75",,,,,,,,,,,,,,
"USW00093721","BALTIMORE WASHINGTON INTERNATIONAL AIRPORT, MD US","39.17329","-76.68408","42.0","2025-06-23","0.00","0.0","0.0",,"97","76",,,,,,,,,,,,,,
"USW00093721","BALTIMORE WASHINGTON INTERNATIONAL AIRPORT, MD US","39.17329","-76.68408","42.0","2025-06-24","0.00","0.0","0.0",,"98","78",,,,,,,,,,,,,,
"USW00093721","BALTIMORE WASHINGTON INTERNATIONAL AIRPORT, MD US","39.17329","-76.68408","42.0","2025-06-25","0.00","0.0","0.0",,"99","76",,,"    1",,,,,,,,,,,
"USW00093721","BALTIMORE WASHINGTON INTERNATIONAL AIRPORT, MD US","39.17329","-76.68408","42.0","2025-06-26","0.57","0.0","0.0",,"97","73","    1",,"    1",,,,,,,,,,,
"USW00093721","BALTIMORE WASHINGTON INTERNATIONAL AIRPORT, MD US","39.17329","-76.68408","42.0","2025-06-27","0.02","0.0","0.0",,"74","66","    1",,,,,,,,,,,,,
"USW00093721","BALTIMORE WASHINGTON INTERNATIONAL AIRPORT, MD US","39.17329","-76.68408","42.0","2025-06-28","0.02","0.0","0.0",,"89","68","    1",,"    1",,,,"    1",,,,,,,
"USW00093721","BALTIMORE WASHINGTON INTERNATIONAL AIRPORT, MD US","39.17329","-76.68408","42.0","2025-06-29","0.00","0.0","0.0",,"93","72",,,"    1",,,,,,,,,,,
"USW00093721","BALTIMORE WASHINGTON INTERNATIONAL AIRPORT, MD US","39.17329","-76.68408","42.0","2025-06-30","0.00","0.0","0.0",,"94","75",,,,,,,,,,,,,,
"USW00093721","BALTIMORE WASHINGTON INTERNATIONAL AIRPORT, MD US","39.17329","-76.68408","42.0","2025-07-01","1.02","0.0","0.0",,"91","74","    1",,"    1",,,,"    1",,,,,,,
"USW00093721","BALTIMORE WASHINGTON INTERNATIONAL AIRPORT, MD US","39.17329","-76.68408","42.0","2025-07-02","0.02","0.0","0.0",,"88","70","    1",,,,,,,,,,,,,
"USW00093721","BALTIMORE WASHINGTON INTERNATIONAL AIRPORT, MD US","39.17329","-76.68408","42.0","2025-07-03","0.00","0.0","0.0",,"90","70",,,,,,,,,,,,,,
"USW00093721","BALTIMORE WASHINGTON INTERNATIONAL AIRPORT, MD US","39.17329","-76.68408","42.0","2025-07-04","0.00","0.0","0.0",,"86","63",,,,,,,"    1",,,,,,,
"USW00093721","BALTIMORE WASHINGTON INTERNATIONAL AIRPORT, MD US","39.17329","-76.68408","42.0","2025-07-05","0.00","0.0","0.0",,"87","63","    1",,,,,,"    1",,,,,,,
"USW00093721","BALTIMORE WASHINGTON INTERNATIONAL AIRPORT, MD US","39.17329","-76.68408","42.0","2025-07-06","0.00","0.0","0.0",,"89","64",,,,,,,,,,,,,,
"USW00093721","BALTIMORE WASHINGTON INTERNATIONAL AIRPORT, MD US","39.17329","-76.68408","42.0","2025-07-07","0.05","0.0","0.0",,"89","75","    1",,,,,,,,,,,,,
"USW00093721","BALTIMORE WASHINGTON INTERNATIONAL AIRPORT, MD US","39.17329","-76.68408","42.0","2025-07-08","0.37","0.0","0.0",,"96","75","    1",,"    1",,,,,,,,,,,
"USW00093721","BALTIMORE WASHINGTON INTERNATIONAL AIRPORT, MD US","39.17329","-76.68408","42.0","2025-07-09","0.34","0.0","0.0",,"90","72","    1",,"    1",,,,,,,,,,,
"USW00093721","BALTIMORE WASHINGTON INTERNATIONAL AIRPORT, MD US","39.17329","-76.68408","42.0","2025-07-10","0.00","0.0","0.0",,"86","73",,,,,,,,,,,,,,
"USW00093721","BALTIMORE WASHINGTON INTERNATIONAL AIRPORT, MD US","39.17329","-76.68408","42.0","2025-07-11","0.00","0.0","0.0",,"89","71","    1",,,,,,"    1",,,,,,,
"USW00093721","BALTIMORE WASHINGTON INTERNATIONAL AIRPORT, MD US","39.17329","-76.68408","42.0","2025-07-12","0.00","0.0","0.0",,"90","73","    1",,,,,,,,,,,,,
"USW00093721","BALTIMORE WASHINGTON INTERNATIONAL AIRPORT, MD US","39.17329","-76.68408","42.0","2025-07-13","0.19","0.0","0.0",,"86","76","    1",,,,,,,,,,,,,
"USW00093721","BALTIMORE WASHINGTON INTERNATIONAL AIRPORT, MD US","39.17329","-76.68408","42.0","2025-07-14","1.95","0.0","0.0",,"89","72","    1",,"    1",,,,,,,,,,,
"USW00093721","BALTIMORE WASHINGTON INTERNATIONAL AIRPORT, MD US","39.17329","-76.68408","42.0","2025-07-15","0.00","0.0","0.0",,"89","72",,,,,,,,,,,,,,
"USW00093721","BALTIMORE WASHINGTON INTERNATIONAL AIRPORT, MD US","39.17329","-76.68408","42.0","2025-07-16","0.78","0.0","0.0",,"89","73","    1","    1","    1",,,,,,,,,,,
"USW00093721","BALTIMORE WASHINGTON INTERNATIONAL AIRPORT, MD US","39.17329","-76.68408","42.0","2025-07-17","0.00","0.0","0.0",,"95","73",,,"    1",,,,,,,,,,,
"USW00093721","BALTIMORE WASHINGTON INTERNATIONAL AIRPORT, MD US","39.17329","-76.68408","42.0","2025-07-18","0.00","0.0","0.0",,"85","77",,,,,,,,,,,,,,
"USW00093721","BALTIMORE WASHINGTON INTERNATIONAL AIRPORT, MD US","39.17329","-76.68408","42.0","2025-07-19","0.32","0.0","0.0",,"86","74","    1",,"    1",,,,,,,,,,,
"USW00093721","BALTIMORE WASHINGTON INTERNATIONAL AIRPORT, MD US","39.17329","-76.68408","42.0","2025-07-20","0.00","0.0","0.0",,"90","73",,,,,,,,,,,,,,
"USW00093721","BALTIMORE WASHINGTON INTERNATIONAL AIRPORT, MD US","39.17329","-76.68408","42.0","2025-07-21","0.00","0.0","0.0",,"86","67",,,,,,,,,,,,,,
"USW00093721","BALTIMORE WASHINGTON INTERNATIONAL AIRPORT, MD US","39.17329","-76.68408","42.0","2025-07-22","0.00","0.0","0.0",,"85","67",,,,,,,,,,,,,,
"USW00093721","BALTIMORE WASHINGTON INTERNATIONAL AIRPORT, MD US","39.17329","-76.68408","42.0","2025-07-23","0.00","0.0","0.0",,"86","71",,,,,,,,,,,,,,
"USW00093721","BALTIMORE WASHINGTON INTERNATIONAL AIRPORT, MD US","39.17329","-76.68408","42.0","2025-07-24","0.00","0.0","0.0",,"89","69",,,,,,,,,,,,,,
"USW00093721","BALTIMORE WASHINGTON INTERNATIONAL AIRPORT, MD US","39.17329","-76.68408","42.0","2025-07-25","0.10","0.0","0.0",,"96","73",,,"    1",,,,,,,,,,,
"USW00093721","BALTIMORE WASHINGTON INTERNATIONAL AIRPORT, MD US","39.17329","-76.68408","42.0","2025-07-26","0.00","0.0","0.0",,"90","74",,,,,,,,,,,,,,
"USW00093721","BALTIMORE WASHINGTON INTERNATIONAL AIRPORT, MD US","39.17329","-76.68408","42.0","2025-07-27","0.55","0.0","0.0",,"91","76","    1",,"    1",,,,"    1",,,,,,,
"USW00093721","BALTIMORE WASHINGTON INTERNATIONAL AIRPORT, MD US","39.17329","-76.68408","42.0","2025-07-28","0.00","0.0","0.0",,"93","74",,,,,,,,,,,,,,
"USW00093721","BALTIMORE WASHINGTON INTERNATIONAL AIRPORT, MD US","39.17329","-76.68408","42.0","2025-07-29","0.00","0.0","0.0",,"95","72",,,,,,,,,,,,,,
"USW00093721","BALTIMORE WASHINGTON INTERNATIONAL AIRPORT, MD US","39.17329","-76.68408","42.0","2025-07-30","0.00","0.0","0.0",,"94","75",,,,,,,,,,,,,,
"USW00093721","BALTIMORE WASHINGTON INTERNATIONAL AIRPORT, MD US","39.17329","-76.68408","42.0","2025-07-31","0.29","0.0","0.0",,"91","72","    1",,"    1",,,,,,,,,,,
"USW00093721","BALTIMORE WASHINGTON INTERNATIONAL AIRPORT, MD US","39.17329","-76.68408","42.0","2025-08-01","0.01","0.0","0.0",,"74","66","    1",,,,,,,,,,,,,
"USW00093721","BALTIMORE WASHINGTON INTERNATIONAL AIRPORT, MD US","39.17329","-76.68408","42.0","2025-08-02","0.00","0.0","0.0",,"80","62",,,,,,,,,,,,,,
"USW00093721","BALTIMORE WASHINGTON INTERNATIONAL AIRPORT, MD US","39.17329","-76.68408","42.0","2025-08-03","0.00","0.0","0.0",,"81","58",,,,,,,,,,,,,,
"USW00093721","BALTIMORE WASHINGTON INTERNATIONAL AIRPORT, MD US","39.17329","-76.68408","42.0","2025-08-04","0.00","0.0","0.0",,"85","59",,,,,,,,,,,,,,
"USW00093721","BALTIMORE WASHINGTON INTERNATIONAL AIRPORT, MD US","39.17329","-76.68408","42.0","2025-08-05","0.00","0.0","0.0",,"82","65",,,,,,,,,,,,,,
"USW00093721","BALTIMORE WASHINGTON INTERNATIONAL AIRPORT, MD US","39.17329","-76.68408","42.0","2025-08-06","0.00","0.0","0.0",,"78","71",,,,,,,"    1",,,,,,,
"USW00093721","BALTIMORE WASHINGTON INTERNATIONAL AIRPORT, MD US","39.17329","-76.68408","42.0","2025-08-07","0.00","0.0","0.0",,"81","66",,,,,,,"    1",,,,,,,
"USW00093721","BALTIMORE WASHINGTON INTERNATIONAL AIRPORT, MD US","39.17329","-76.68408","42.0","2025-08-08","0.00","0.0","0.0",,"81","65",,,,,,,,,,,,,,
"USW00093721","BALTIMORE WASHINGTON INTERNATIONAL AIRPORT, MD US","39.17329","-76.68408","42.0","2025-08-09","0.00","0.0","0.0",,"82","60",,,,,,,,,,,,,,
"USW00093721","BALTIMORE WASHINGTON INTERNATIONAL AIRPORT, MD US","39.17329","-76.68408","42.0","2025-08-10","0.00","0.0","0.0",,"85","57",,,,,,,,,,,,,,
"USW00093721","BALTIMORE WASHINGTON INTERNATIONAL AIRPORT, MD US","39.17329","-76.68408","42.0","2025-08-11","0.00","0.0","0.0",,"86","63","    1",,,,,,"    1",,,,,,,
"USW00093721","BALTIMORE WASHINGTON INTERNATIONAL AIRPORT, MD US","39.17329","-76.68408","42.0","2025-08-12","0.00","0.0","0.0",,"91","71","    1",,,,,,"    1",,,,,,,
"USW00093721","BALTIMORE WASHINGTON INTERNATIONAL AIRPORT, MD US","39.17329","-76.68408","42.0","2025-08-13","1.06","0.0","0.0",,"89","74","    1",,"    1",,,,,,,,,,,
"USW00093721","BALTIMORE WASHINGTON INTERNATIONAL AIRPORT, MD US","39.17329","-76.68408","42.0","2025-08-14","0.85","0.0","0.0",,"90","73","    1","    1","    1",,,,,,,,,,,
"USW00093721","BALTIMORE WASHINGTON INTERNATIONAL AIRPORT, MD US","39.17329","-76.68408","42.0","2025-08-15","0.00","0.0","0.0",,"91","72","    1",,,,,,,,,,,,,
"USW00093721","BALTIMORE WASHINGTON INTERNATIONAL AIRPORT, MD US","39.17329","-76.68408","42.0","2025-08-16","0.00","0.0","0.0",,"89","74","    1",,,,,,,,,,,,,
"USW00093721","BALTIMORE WASHINGTON INTERNATIONAL AIRPORT, MD US","39.17329","-76.68408","42.0","2025-08-17","0.01","0.0","0.0",,"94","72","    1",,"    1",,,,,,,,,,,
"USW00093721","BALTIMORE WASHINGTON INTERNATIONAL AIRPORT, MD US","39.17329","-76.68408","42.0","2025-08-18","0.02","0.0","0.0",,"76","67","    1",,,,,,,,,,,,,
"USW00093721","BALTIMORE WASHINGTON INTERNATIONAL AIRPORT, MD US","39.17329","-76.68408","42.0","2025-08-19","0.02","0.0","0.0",,"75","65","    1",,,,,,,,,,,,,
"USW00093721","BALTIMORE WASHINGTON INTERNATIONAL AIRPORT, MD US","39.17329","-76.68408","42.0","2025-08-20","0.10","0.0","0.0",,"79","67","    1",,,,,,,,,,,,,
"USW00093721","BALTIMORE WASHINGTON INTERNATIONAL AIRPORT, MD US","39.17329","-76.68408","42.0","2025-08-21","0.00","0.0","0.0",,"72","64","    1",,,,,,,,,,,,,
"USW00093721","BALTIMORE WASHINGTON INTERNATIONAL AIRPORT, MD US","39.17329","-76.68408","42.0","2025-08-22","0.00","0.0","0.0",,"82","62",,,,,,,,,,,,,,
"USW00093721","BALTIMORE WASHINGTON INTERNATIONAL AIRPORT, MD US","39.17329","-76.68408","42.0","2025-08-23","0.00","0.0","0.0",,"82","58",,,,,,,,,,,,,,
"USW00093721","BALTIMORE WASHINGTON INTERNATIONAL AIRPORT, MD US","39.17329","-76.68408","42.0","2025-08-24","0.00","0.0","0.0",,"83","66",,,,,,,,,,,,,,
"USW00093721","BALTIMORE WASHINGTON INTERNATIONAL AIRPORT, MD US","39.17329","-76.68408","42.0","2025-08-25","0.00","0.0","0.0",,"84","64",,,,,,,,,,,,,,
"USW00093721","BALTIMORE WASHINGTON INTERNATIONAL AIRPORT, MD US","39.17329","-76.68408","42.0","2025-08-26","0.00","0.0","0.0",,"80","55",,,,,,,,,,,,,,
"USW00093721","BALTIMORE WASHINGTON INTERNATIONAL AIRPORT, MD US","39.17329","-76.68408","42.0","2025-08-27","0.00","0.0","0.0",,"78","56",,,,,,,,,,,,,,
"USW00093721","BALTIMORE WASHINGTON INTERNATIONAL AIRPORT, MD US","39.17329","-76.68408","42.0","2025-08-28","0.00","0.0","0.0",,"81","54",,,,,,,,,,,,,,
"USW00093721","BALTIMORE WASHINGTON INTERNATIONAL AIRPORT, MD US","39.17329","-76.68408","42.0","2025-08-29","0.00","0.0","0.0",,"80","58",,,,,,,,,,,,,,
"USW00093721","BALTIMORE WASHINGTON INTERNATIONAL AIRPORT, MD US","39.17329","-76.68408","42.0","2025-08-30","0.00","0.0","0.0",,"76","50",,,,,,,,,,,,,,
"USW00093721","BALTIMORE WASHINGTON INTERNATIONAL AIRPORT, MD US","39.17329","-76.68408","42.0","2025-08-31","0.00","0.0","0.0",,"78","51",,,,,,,,,,,,,,
"USW00093721","BALTIMORE WASHINGTON INTERNATIONAL AIRPORT, MD US","39.17329","-76.68408","42.0","2025-09-01","0.00","0.0","0.0",,"80","52",,,,,,,,,,,,,,
"USW00093721","BALTIMORE WASHINGTON INTERNATIONAL AIRPORT, MD US","39.17329","-76.68408","42.0","2025-09-02","0.00","0.0","0.0",,"78","54",,,,,,,,,,,,,,
"USW00093721","BALTIMORE WASHINGTON INTERNATIONAL AIRPORT, MD US","39.17329","-76.68408","42.0","2025-09-03","0.00","0.0","0.0",,"81","54",,,,,,,,,,,,,,
"USW00093721","BALTIMORE WASHINGTON INTERNATIONAL AIRPORT, MD US","39.17329","-76.68408","42.0","2025-09-04","0.01","0.0","0.0",,"86","62",,,"    1",,,,,,,,,,,
"USW00093721","BALTIMORE WASHINGTON INTERNATIONAL AIRPORT, MD US","39.17329","-76.68408","42.0","2025-09-05","0.00","0.0","0.0",,"89","63",,,,,,,,,,,,,,
"USW00093721","BALTIMORE WASHINGTON INTERNATIONAL AIRPORT, MD US","39.17329","-76.68408","42.0","2025-09-06","0.74","0.0","0.0",,"91","64","    1",,"    1",,,,"    1",,,,,,,
"USW00093721","BALTIMORE WASHINGTON INTERNATIONAL AIRPORT, MD US","39.17329","-76.68408","42.0","2025-09-07","0.53","0.0","0.0",,"77","56","    1",,,,,,,,,,,,,
"USW00093721","BALTIMORE WASHINGTON INTERNATIONAL AIRPORT, MD US","39.17329","-76.68408","42.0","2025-09-08","0.00","0.0","0.0",,"74","49",,,,,,,,,,,,,,
"USW00093721","BALTIMORE WASHINGTON INTERNATIONAL AIRPORT, MD US","39.17329","-76.68408","42.0","2025-09-09","0.00","0.0","0.0",,"75","51",,,,,,,,,,,,,,
"USW00093721","BALTIMORE WASHINGTON INTERNATIONAL AIRPORT, MD US","39.17329","-76.68408","42.0","2025-09-10","0.12","0.0","0.0",,"70","61","    1",,,,,,"    1",,,,,,,
"USW00093721","BALTIMORE WASHINGTON INTERNATIONAL AIRPORT, MD US","39.17329","-76.68408","42.0","2025-09-11","0.38","0.0","0.0",,"78","60","    1",,,,,,"    1",,,,,,,
"USW00093721","BALTIMORE WASHINGTON INTERNATIONAL AIRPORT, MD US","39.17329","-76.68408","42.0","2025-09-12","0.00","0.0","0.0",,"80","59",,,,,,,,,,,,,,
"USW00093721","BALTIMORE WASHINGTON INTERNATIONAL AIRPORT, MD US","39.17329","-76.68408","42.0","2025-09-13","0.00","0.0","0.0",,"83","55",,,,,,,,,,,,,,
"USW00093721","BALTIMORE WASHINGTON INTERNATIONAL AIRPORT, MD US","39.17329","-76.68408","42.0","2025-09-14","0.00","0.0","0.0",,"83","63",,,,,,,,,,,,,,
"USW00093721","BALTIMORE WASHINGTON INTERNATIONAL AIRPORT, MD US","39.17329","-76.68408","42.0","2025-09-15","0.00","0.0","0.0",,"80","62","    1",,,,,,,,,,,,,
"USW00093721","BALTIMORE WASHINGTON INTERNATIONAL AIRPORT, MD US","39.17329","-76.68408","42.0","2025-09-16","0.48","0.0","0.0",,"70","60","    1",,,,,,"    1",,,,,,,
"USW00093721","BALTIMORE WASHINGTON INTERNATIONAL AIRPORT, MD US","39.17329","-76.68408","42.0","2025-09-17","0.30","0.0","0.0",,"68","60","    1",,,,,,,,,,,,,
"USW00093721","BALTIMORE WASHINGTON INTERNATIONAL AIRPORT, MD US","39.17329","-76.68408","42.0","2025-09-18","0.01","0.0","0.0",,"84","64","    1",,,,,,,,,,,,,
"USW00093721","BALTIMORE WASHINGTON INTERNATIONAL AIRPORT, MD US","39.17329","-76.68408","42.0","2025-09-19","0.00","0.0","0.0",,"88","59","    1",,,,,,,,,,,,,
"USW00093721","BALTIMORE WASHINGTON INTERNATIONAL AIRPORT, MD US","39.17329","-76.68408","42.0","2025-09-20","0.00","0.0","0.0",,"75","67",,,,,,,,,,,,,,
"USW00093721","BALTIMORE WASHINGTON INTERNATIONAL AIRPORT, MD US","39.17329","-76.68408","42.0","2025-09-21","0.00","0.0","0.0",,"72","63",,,,,,,,,,,,,,
"USW00093721","BALTIMORE WASHINGTON INTERNATIONAL AIRPORT, MD US","39.17329","-76.68408","42.0","2025-09-22","0.00","0.0","0.0",,"78","56",,,,,,,,,,,,,,
"USW00093721","BALTIMORE WASHINGTON INTERNATIONAL AIRPORT, MD US","39.17329","-76.68408","42.0","2025-09-23","0.05","0.0","0.0",,"84","62","    1",,,,,,,,,,,,,
"USW00093721","BALTIMORE WASHINGTON INTERNATIONAL AIRPORT, MD US","39.17329","-76.68408","42.0","2025-09-24","0.14","0.0","0.0",,"77","65","    1",,,,,,"    1",,,,,,,
"USW00093721","BALTIMORE WASHINGTON INTERNATIONAL AIRPORT, MD US","39.17329","-76.68408","42.0","2025-09-25","0.35","0.0","0.0",,"82","69","    1",,,,,,,,,,,,,
"USW00093721","BALTIMORE WASHINGTON INTERNATIONAL AIRPORT, MD US","39.17329","-76.68408","42.0","2025-09-26","0.00","0.0","0.0",,"83","66","    1",,,,,,,,,,,,,
"USW00093721","BALTIMORE WASHINGTON INTERNATIONAL AIRPORT, MD US","39.17329","-76.68408","42.0","2025-09-27","0.04","0.0","0.0",,"79","65","    1",,,,,,"    1",,,,,,,
"USW00093721","BALTIMORE WASHINGTON INTERNATIONAL AIRPORT, MD US","39.17329","-76.68408","42.0","2025-09-28","0.00","0.0","0.0",,"84","64",,,,,,,,,,,,,,
"USW00093721","BALTIMORE WASHINGTON INTERNATIONAL AIRPORT, MD US","39.17329","-76.68408","42.0","2025-09-29","0.00","0.0","0.0",,"78","62",,,,,,,,,,,,,,
"USW00093721","BALTIMORE WASHINGTON INTERNATIONAL AIRPORT, MD US","39.17329","-76.68408","42.0","2025-09-30","0.00","0.0","0.0",,"78","66",,,,,,,,,,,,,,
"USW00093721","BALTIMORE WASHINGTON INTERNATIONAL AIRPORT, MD US","39.17329","-76.68408","42.0","2025-10-01","0.00","0.0","0.0",,"73","52",,,,,,,,,,,,,,
"USW00093721","BALTIMORE WASHINGTON INTERNATIONAL AIRPORT, MD US","39.17329","-76.68408","42.0","2025-10-02","0.00","0.0","0.0",,"70","48",,,,,,,,,,,,,,
"USW00093721","BALTIMORE WASHINGTON INTERNATIONAL AIRPORT, MD US","39.17329","-76.68408","42.0","2025-10-03","0.00","0.0","0.0",,"72","48",,,,,,,,,,,,,,
"USW00093721","BALTIMORE WASHINGTON INTERNATIONAL AIRPORT, MD US","39.17329","-76.68408","42.0","2025-10-04","0.00","0.0","0.0",,"79","48",,,,,,,,,,,,,,
"USW00093721","BALTIMORE WASHINGTON INTERNATIONAL AIRPORT, MD US","39.17329","-76.68408","42.0","2025-10-05","0.00","0.0","0.0",,"81","50",,,,,,,,,,,,,,
"USW00093721","BALTIMORE WASHINGTON INTERNATIONAL AIRPORT, MD US","39.17329","-76.68408","42.0","2025-10-06","0.00","0.0","0.0",,"82","53","    1",,,,,,,,,,,,,
"USW00093721","BALTIMORE WASHINGTON INTERNATIONAL AIRPORT, MD US","39.17329","-76.68408","42.0","2025-10-07","0.01","0.0","0.0",,"81","59",,,,,,,,,,,,,,
"USW00093721","BALTIMORE WASHINGTON INTERNATIONAL AIRPORT, MD US","39.17329","-76.68408","42.0","2025-10-08","0.12","0.0","0.0",,"71","51","    1",,,,,,,,,,,,,
"USW00093721","BALTIMORE WASHINGTON INTERNATIONAL AIRPORT, MD US","39.17329","-76.68408","42.0","2025-10-09","0.00","0.0","0.0",,"64","46",,,,,,,,,,,,,,
"USW00093721","BALTIMORE WASHINGTON INTERNATIONAL AIRPORT, MD US","39.17329","-76.68408","42.0","2025-10-10","0.00","0.0","0.0",,"65","44",,,,,,,,,,,,,,
"USW00093721","BALTIMORE WASHINGTON INTERNATIONAL AIRPORT, MD US","39.17329","-76.68408","42.0","2025-10-11","0.01","0.0","0.0",,"70","45",,,,,,,,,,,,,,
"USW00093721","BALTIMORE WASHINGTON INTERNATIONAL AIRPORT, MD US","39.17329","-76.68408","42.0","2025-10-12","0.02","0.0","0.0",,"66","58","    1",,,,,,,,,,,,,
"USW00093721","BALTIMORE WASHINGTON INTERNATIONAL AIRPORT, MD US","39.17329","-76.68408","42.0","2025-10-13","0.17","0.0","0.0",,"61","55","    1",,,,,,,,,,,,,
"USW00093721","BALTIMORE WASHINGTON INTERNATIONAL AIRPORT, MD US","39.17329","-76.68408","42.0","2025-10-14","0.11","0.0","0.0",,"67","52","    1",,,,,,,,,,,,,
"USW00093721","BALTIMORE WASHINGTON INTERNATIONAL AIRPORT, MD US","39.17329","-76.68408","42.0","2025-10-15","0.00","0.0","0.0",,"73","49",,,,,,,,,,,,,,
"USW00093721","BALTIMORE WASHINGTON INTERNATIONAL AIRPORT, MD US","39.17329","-76.68408","42.0","2025-10-16","0.00","0.0","0.0",,"64","42",,,,,,,,,,,,,,
"USW00093721","BALTIMORE WASHINGTON INTERNATIONAL AIRPORT, MD US","39.17329","-76.68408","42.0","2025-10-17","0.00","0.0","0.0",,"66","38",,,,,,,,,,,,,,
"USW00093721","BALTIMORE WASHINGTON INTERNATIONAL AIRPORT, MD US","39.17329","-76.68408","42.0","2025-10-18","0.00","0.0","0.0",,"71","44",,,,,,,,,,,,,,
"USW00093721","BALTIMORE WASHINGTON INTERNATIONAL AIRPORT, MD US","39.17329","-76.68408","42.0","2025-10-19","0.21","0.0","0.0",,"76","48","    1",,,,,,,,,,,,,
"USW00093721","BALTIMORE WASHINGTON INTERNATIONAL AIRPORT, MD US","39.17329","-76.68408","42.0","2025-10-20","0.04","0.0","0.0",,"66","43","    1",,,,,,,,,,,,,
"USW00093721","BALTIMORE WASHINGTON INTERNATIONAL AIRPORT, MD US","39.17329","-76.68408","42.0","2025-10-21","0.02","0.0","0.0",,"73","40",,,,,,,,,,,,,,
"USW00093721","BALTIMORE WASHINGTON INTERNATIONAL AIRPORT, MD US","39.17329","-76.68408","42.0","2025-10-22","0.01","0.0","0.0",,"66","47",,,,,,,,,,,,,,
"USW00093721","BALTIMORE WASHINGTON INTERNATIONAL AIRPORT, MD US","39.17329","-76.68408","42.0","2025-10-23","0.00","0.0","0.0",,"64","43",,,,,,,,,,,,,,
"USW00093721","BALTIMORE WASHINGTON INTERNATIONAL AIRPORT, MD US","39.17329","-76.68408","42.0","2025-10-24","0.00","0.0","0.0",,"60","35",,,,,,,,,,,,,,
"USW00093721","BALTIMORE WASHINGTON INTERNATIONAL AIRPORT, MD US","39.17329","-76.68408","42.0","2025-10-25","0.00","0.0","0.0",,"59","36",,,,,,,,,,,,,,
"USW00093721","BALTIMORE WASHINGTON INTERNATIONAL AIRPORT, MD US","39.17329","-76.68408","42.0","2025-10-26","0.00","0.0","0.0",,"62","36",,,,,,,,,,,,,,
"USW00093721","BALTIMORE WASHINGTON INTERNATIONAL AIRPORT, MD US","39.17329","-76.68408","42.0","2025-10-27","0.00","0.0","0.0",,"61","36","    1",,,,,,,,,,,,,
"USW00093721","BALTIMORE WASHINGTON INTERNATIONAL AIRPORT, MD US","39.17329","-76.68408","42.0","2025-10-28","0.00","0.0","0.0",,"57","45",,,,,,,,,,,,,,
"USW00093721","BALTIMORE WASHINGTON INTERNATIONAL AIRPORT, MD US","39.17329","-76.68408","42.0","2025-10-29","0.10","0.0","0.0",,"59","49","    1",,,,,,,,,,,,,
"USW00093721","BALTIMORE WASHINGTON INTERNATIONAL AIRPORT, MD US","39.17329","-76.68408","42.0","2025-10-30","1.93",,,,"68","48","    1",,,,,,,,,,,,,
"USW00093721","BALTIMORE WASHINGTON INTERNATIONAL AIRPORT, MD US","39.17329","-76.68408","42.0","2025-10-31","0.00","0.0",,,"62","50",,,,,,,,,,,,,,
"USW00093721","BALTIMORE WASHINGTON INTERNATIONAL AIRPORT, MD US","39.17329","-76.68408","42.0","2025-11-01","0.00","0.0",,,"64","40",,,,,,,,,,,,,,
"USW00093721","BALTIMORE WASHINGTON INTERNATIONAL AIRPORT, MD US","39.17329","-76.68408","42.0","2025-11-02","0.00","0.0",,,"65","37",,,,,,,,,,,,,,
"USW00093721","BALTIMORE WASHINGTON INTERNATIONAL AIRPORT, MD US","39.17329","-76.68408","42.0","2025-11-03","0.00","0.0","0.0",,"66","45",,,,,,,,,,,,,,
"USW00093721","BALTIMORE WASHINGTON INTERNATIONAL AIRPORT, MD US","39.17329","-76.68408","42.0","2025-11-04","0.00","0.0","0.0",,"63","42",,,,,,,,,,,,,,
"USW00093721","BALTIMORE WASHINGTON INTERNATIONAL AIRPORT, MD US","39.17329","-76.68408","42.0","2025-11-05","0.00","0.0","0.0",,"71","36",,,,,,,,,,,,,,
"USW00093721","BALTIMORE WASHINGTON INTERNATIONAL AIRPORT, MD US","39.17329","-76.68408","42.0","2025-11-06","0.00","0.0","0.0",,"59","36",,,,,,,,,,,,,,
"USW00093721","BALTIMORE WASHINGTON INTERNATIONAL AIRPORT, MD US","39.17329","-76.68408","42.0","2025-11-07","0.07","0.0","0.0",,"63","30","    1",,,,,,,,,,,,,
"USW00093721","BALTIMORE WASHINGTON INTERNATIONAL AIRPORT, MD US","39.17329","-76.68408","42.0","2025-11-08","0.24","0.0","0.0",,"70","47","    1",,,,,,,,,,,,,
"USW00093721","BALTIMORE WASHINGTON INTERNATIONAL AIRPORT, MD US","39.17329","-76.68408","42.0","2025-11-09","0.07","0.0","0.0",,"64","43","    1",,"    1",,,,"    1",,,,,,,
"USW00093721","BALTIMORE WASHINGTON INTERNATIONAL AIRPORT, MD US","39.17329","-76.68408","42.0","2025-11-10","0.02","0.0","0.0",,"53","34",,,,,,,,,,,,,,
"USW00093721","BALTIMORE WASHINGTON INTERNATIONAL AIRPORT, MD US","39.17329","-76.68408","42.0","2025-11-11","0.00","0.0","0.0",,"45","30",,,,,,,,,,,,,,
"USW00093721","BALTIMORE WASHINGTON INTERNATIONAL AIRPORT, MD US","39.17329","-76.68408","42.0","2025-11-12","0.00","0.0","0.0",,"59","36",,,,,,,,,,,,,,
"USW00093721","BALTIMORE WASHINGTON INTERNATIONAL AIRPORT, MD US","39.17329","-76.68408","42.0","2025-11-13","0.00","0.0","0.0",,"57","33",,,,,,,,,,,,,,
"USW00093721","BALTIMORE WASHINGTON INTERNATIONAL AIRPORT, MD US","39.17329","-76.68408","42.0","2025-11-14","0.00","0.0","0.0",,"56","30",,,,,,,,,,,,,,
"USW00093721","BALTIMORE WASHINGTON INTERNATIONAL AIRPORT, MD US","39.17329","-76.68408","42.0","2025-11-15","0.00","0.0","0.0",,"65","43",,,,,,,,,,,,,,
"USW00093721","BALTIMORE WASHINGTON INTERNATIONAL AIRPORT, MD US","39.17329","-76.68408","42.0","2025-11-16","0.00","0.0","0.0",,"65","41",,,,,,,,,,,,,,
"USW00093721","BALTIMORE WASHINGTON INTERNATIONAL AIRPORT, MD US","39.17329","-76.68408","42.0","2025-11-17","0.00","0.0","0.0",,"50","30",,,,,,,,,,,,,,
"USW00093721","BALTIMORE WASHINGTON INTERNATIONAL AIRPORT, MD US","39.17329","-76.68408","42.0","2025-11-18","0.30","0.0","0.0",,"49","29","    1",,,,,,,,,,,,,
"USW00093721","BALTIMORE WASHINGTON INTERNATIONAL AIRPORT, MD US","39.17329","-76.68408","42.0","2025-11-19","0.15","0.0","0.0",,"48","41","    1",,,,,,,,,,,,,
"USW00093721","BALTIMORE WASHINGTON INTERNATIONAL AIRPORT, MD US","39.17329","-76.68408","42.0","2025-11-20","0.00","0.0","0.0",,"47","37","    1",,,,,,"    1",,,,,,,
"USW00093721","BALTIMORE WASHINGTON INTERNATIONAL AIRPORT, MD US","39.17329","-76.68408","42.0","2025-11-21","0.05","0.0","0.0",,"59","44","    1",,,,,,"    1",,,,,,,
"USW00093721","BALTIMORE WASHINGTON INTERNATIONAL AIRPORT, MD US","39.17329","-76.68408","42.0","2025-11-22","0.22","0.0","0.0",,"57","36","    1",,,,,,,,,,,,,
"USW00093721","BALTIMORE WASHINGTON INTERNATIONAL AIRPORT, MD US","39.17329","-76.68408","42.0","2025-11-23","0.00","0.0","0.0",,"62","31","    1",,,,,,,,,,,,,
"USW00093721","BALTIMORE WASHINGTON INTERNATIONAL AIRPORT, MD US","39.17329","-76.68408","42.0","2025-11-24","0.00","0.0","0.0",,"59","33",,,,,,,,,,,,,,
"USW00093721","BALTIMORE WASHINGTON INTERNATIONAL AIRPORT, MD US","39.17329","-76.68408","42.0","2025-11-25","0.31","0.0","0.0",,"55","38","    1",,,,,,,,,,,,,
"USW00093721","BALTIMORE WASHINGTON INTERNATIONAL AIRPORT, MD US","39.17329","-76.68408","42.0","2025-11-26","0.01","0.0","0.0",,"69","46","    1",,,,,,,,,,,,,
"USW00093721","BALTIMORE WASHINGTON INTERNATIONAL AIRPORT, MD US","39.17329","-76.68408","42.0","2025-11-27","0.00","0.0","0.0",,"46","33",,,,,,,,,,,,,,
"USW00093721","BALTIMORE WASHINGTON INTERNATIONAL AIRPORT, MD US","39.17329","-76.68408","42.0","2025-11-28","0.00","0.0","0.0",,"42","31",,,,,,,,,,,,,,
"USW00093721","BALTIMORE WASHINGTON INTERNATIONAL AIRPORT, MD US","39.17329","-76.68408","42.0","2025-11-29","0.00","0.0","0.0",,"43","25",,,,,,,,,,,,,,
"USW00093721","BALTIMORE WASHINGTON INTERNATIONAL AIRPORT, MD US","39.17329","-76.68408","42.0","2025-11-30","0.06","0.0",,,"41","36","    1",,,"    1",,,,,,,,,,
"USW00093721","BALTIMORE WASHINGTON INTERNATIONAL AIRPORT, MD US","39.17329","-76.68408","42.0","2025-12-01","0.00","0.0","0.0",,"45","26",,,,,,,,,,,,,,
"USW00093721","BALTIMORE WASHINGTON INTERNATIONAL AIRPORT, MD US","39.17329","-76.68408","42.0","2025-12-02","0.84","0.0","0.0",,"40","27","    1",,,,,,,,,,,,,
"USW00093721","BALTIMORE WASHINGTON INTERNATIONAL AIRPORT, MD US","39.17329","-76.68408","42.0","2025-12-03","0.00","0.0","0.0",,"44","26",,,,,,,,,,,,,,
"USW00093721","BALTIMORE WASHINGTON INTERNATIONAL AIRPORT, MD US","39.17329","-76.68408","42.0","2025-12-04","0.00","0.0","0.0",,"45","24",,,,,,,,,,,,,,
"USW00093721","BALTIMORE WASHINGTON INTERNATIONAL AIRPORT, MD US","39.17329","-76.68408","42.0","2025-12-05","0.04","1.0","0.0",,"32","25","    1",,,,,"    1",,,,,,,,
"USW00093721","BALTIMORE WASHINGTON INTERNATIONAL AIRPORT, MD US","39.17329","-76.68408","42.0","2025-12-06","0.01","0.0","0.0",,"45","29","    1",,,"    1",,"    1","    1",,,,,,,
"USW00093721","BALTIMORE WASHINGTON INTERNATIONAL AIRPORT, MD US","39.17329","-76.68408","42.0","2025-12-07","0.00","0.0","0.0",,"45","24","    1",,,,,,,,,,,,,
"USW00093721","BALTIMORE WASHINGTON INTERNATIONAL AIRPORT, MD US","39.17329","-76.68408","42.0","2025-12-08","0.00","0.0","0.0",,"35","24","    1",,,,,,,,,,,,,
"USW00093721","BALTIMORE WASHINGTON INTERNATIONAL AIRPORT, MD US","39.17329","-76.68408","42.0","2025-12-09","0.00","0.0","0.0",,"32","14",,,,,,,,,,,,,,
"USW00093721","BALTIMORE WASHINGTON INTERNATIONAL AIRPORT, MD US","39.17329","-76.68408","42.0","2025-12-10","0.00","0.0","0.0",,"45","30",,,,,,,,,,,,,,
"USW00093721","BALTIMORE WASHINGTON INTERNATIONAL AIRPORT, MD US","39.17329","-76.68408","42.0","2025-12-11","0.00","0.0",,,"42","29",,,,,,,,,,,,,,
"USW00093721","BALTIMORE WASHINGTON INTERNATIONAL AIRPORT, MD US","39.17329","-76.68408","42.0","2025-12-12","0.00","0.0","0.0",,"37","21",,,,,,,,,,,,,,
"USW00093721","BALTIMORE WASHINGTON INTERNATIONAL AIRPORT, MD US","39.17329","-76.68408","42.0","2025-12-13","0.00","0.0","0.0",,"42","20","    1",,,,,,,,,,,,,
"USW00093721","BALTIMORE WASHINGTON INTERNATIONAL AIRPORT, MD US","39.17329","-76.68408","42.0","2025-12-14","0.27","1.0","1.0",,"36","16","    1","    1","    1","    1",,,,,,,,,,
"USW00093721","BALTIMORE WASHINGTON INTERNATIONAL AIRPORT, MD US","39.17329","-76.68408","42.0","2025-12-15","0.00","0.0","1.0",,"26","16",,,,,,,,,,,,,,
"USW00093721","BALTIMORE WASHINGTON INTERNATIONAL AIRPORT, MD US","39.17329","-76.68408","42.0","2025-12-16","0.00","0.0","1.0",,"36","14",,,,,,,,,,,,,,
"USW00093721","BALTIMORE WASHINGTON INTERNATIONAL AIRPORT, MD US","39.17329","-76.68408","42.0","2025-12-17","0.00","0.0","1.0",,"49","21",,,,,,,,,,,,,,
"USW00093721","BALTIMORE WASHINGTON INTERNATIONAL AIRPORT, MD US","39.17329","-76.68408","42.0","2025-12-18","0.04","0.0","0.0",,"53","25","    1",,,,,,"    1",,,,,,,
"USW00093721","BALTIMORE WASHINGTON INTERNATIONAL AIRPORT, MD US","39.17329","-76.68408","42.0","2025-12-19","0.22","0.0","0.0",,"60","33","    1",,,,,,,,,,,,,
"USW00093721","BALTIMORE WASHINGTON INTERNATIONAL AIRPORT, MD US","39.17329","-76.68408","42.0","2025-12-20","0.00","0.0","0.0",,"44","23",,,,,,,,,,,,,,
"USW00093721","BALTIMORE WASHINGTON INTERNATIONAL AIRPORT, MD US","39.17329","-76.68408","42.0","2025-12-21","0.00","0.0","0.0",,"48","27",,,,,,,,,,,,,,
"USW00093721","BALTIMORE WASHINGTON INTERNATIONAL AIRPORT, MD US","39.17329","-76.68408","42.0","2025-12-22","0.00","0.0","0.0",,"46","18",,,,,,,,,,,,,,
"USW00093721","BALTIMORE WASHINGTON INTERNATIONAL AIRPORT, MD US","39.17329","-76.68408","42.0","2025-12-23","0.02","0.0","0.0",,"43","38",,,,"    1",,,,,,,,,,
"USW00093721","BALTIMORE WASHINGTON INTERNATIONAL AIRPORT, MD US","39.17329","-76.68408","42.0","2025-12-24","0.00","0.0","0.0",,"54","32",,,,,,,,,,,,,,
"USW00093721","BALTIMORE WASHINGTON INTERNATIONAL AIRPORT, MD US","39.17329","-76.68408","42.0","2025-12-25","0.00","0.0","0.0",,"57","31",,,,,,,,,,,,,,
"USW00093721","BALTIMORE WASHINGTON INTERNATIONAL AIRPORT, MD US","39.17329","-76.68408","42.0","2025-12-26","0.01","0.0","0.0",,"37","30",,,,"    1",,,,,,,,,,
"USW00093721","BALTIMORE WASHINGTON INTERNATIONAL AIRPORT, MD US","39.17329","-76.68408","42.0","2025-12-27","0.00","0.0","0.0",,"40","34","    1",,,,,,,,,,,,,
"USW00093721","BALTIMORE WASHINGTON INTERNATIONAL AIRPORT, MD US","39.17329","-76.68408","42.0","2025-12-28","0.00","0.0","0.0",,"44","33","    1",,,,,,,,,,,,,
"USW00093721","BALTIMORE WASHINGTON INTERNATIONAL AIRPORT, MD US","39.17329","-76.68408","42.0","2025-12-29","0.01","0.0","0.0",,"57","31","    1",,,,,,,,,,,,,
"USW00093721","BALTIMORE WASHINGTON INTERNATIONAL AIRPORT, MD US","39.17329","-76.68408","42.0","2025-12-30","0.00","0.0","0.0",,"36","25",,,,,,,,,,,,,,
"USW00093721","BALTIMORE WASHINGTON INTERNATIONAL AIRPORT, MD US","39.17329","-76.68408","42.0","2025-12-31","0.00","0.0","0.0",,"36","25",,,,,,,,,,,,,,
"USW00093721","BALTIMORE WASHINGTON INTERNATIONAL AIRPORT, MD US","39.17329","-76.68408","42.0","2026-01-01","0.00","0.0","0.0",,"37","22","    1",,,,,,,,,,,,,
"USW00093721","BALTIMORE WASHINGTON INTERNATIONAL AIRPORT, MD US","39.17329","-76.68408","42.0","2026-01-02","0.00","0.0","0.0",,"37","24",,,,,,,,,,,,,,
"USW00093721","BALTIMORE WASHINGTON INTERNATIONAL AIRPORT, MD US","39.17329","-76.68408","42.0","2026-01-03","0.00","0.0","0.0",,"35","24",,,,,,,,,,,,,,
"USW00093721","BALTIMORE WASHINGTON INTERNATIONAL AIRPORT, MD US","39.17329","-76.68408","42.0","2026-01-04","0.00","0.0","0.0",,"41","24",,,,,,,,,,,,,,
"USW00093721","BALTIMORE WASHINGTON INTERNATIONAL AIRPORT, MD US","39.17329","-76.68408","42.0","2026-01-05","0.00","0.0","0.0",,"39","22",,,,,,,,,,,,,,
"USW00093721","BALTIMORE WASHINGTON INTERNATIONAL AIRPORT, MD US","39.17329","-76.68408","42.0","2026-01-06","0.00","0.0","0.0",,"44","29","    1",,,,,,"    1",,,,,,,
"USW00093721","BALTIMORE WASHINGTON INTERNATIONAL AIRPORT, MD US","39.17329","-76.68408","42.0","2026-01-07","0.00",,"0.0",,"62","30","    1",,,,,,,,,,,,,
"USW00093721","BALTIMORE WASHINGTON INTERNATIONAL AIRPORT, MD US","39.17329","-76.68408","42.0","2026-01-08","0.00","0.0","0.0",,"56","29",,,,,,,,,,,,,,
"USW00093721","BALTIMORE WASHINGTON INTERNATIONAL AIRPORT, MD US","39.17329","-76.68408","42.0","2026-01-09","0.03","0.0","0.0",,"54","31","    1",,,,,,,,,,,,,
"USW00093721","BALTIMORE WASHINGTON INTERNATIONAL AIRPORT, MD US","39.17329","-76.68408","42.0","2026-01-10","0.90","0.0","0.0",,"51","44","    1","    1",,,,,,,,,,,,
"USW00093721","BALTIMORE WASHINGTON INTERNATIONAL AIRPORT, MD US","39.17329","-76.68408","42.0","2026-01-11","0.00","0.0","0.0",,"49","34","    1",,,"    1",,,,,,,,,,
"USW00093721","BALTIMORE WASHINGTON INTERNATIONAL AIRPORT, MD US","39.17329","-76.68408","42.0","2026-01-12","0.00","0.0","0.0",,"47","27",,,,,,,,,,,,,,
"USW00093721","BALTIMORE WASHINGTON INTERNATIONAL AIRPORT, MD US","39.17329","-76.68408","42.0","2026-01-13","0.00","0.0","0.0",,"52","25",,,,,,,,,,,,,,
"USW00093721","BALTIMORE WASHINGTON INTERNATIONAL AIRPORT, MD US","39.17329","-76.68408","42.0","2026-01-14","0.00","0.0","0.0",,"54","44",,,,,,,,,,,,,,
"USW00093721","BALTIMORE WASHINGTON INTERNATIONAL AIRPORT, MD US","39.17329","-76.68408","42.0","2026-01-15","0.01","0.0","0.0",,"45","21",,,,,,,,,,,,,,
"USW00093721","BALTIMORE WASHINGTON INTERNATIONAL AIRPORT, MD US","39.17329","-76.68408","42.0","2026-01-16","0.00","0.0",,,"36","18",,,,,,,,,,,,,,
"USW00093721","BALTIMORE WASHINGTON INTERNATIONAL AIRPORT, MD US","39.17329","-76.68408","42.0","2026-01-17","0.03","0.2","0.0",,"41","28","    1",,,"    1",,,,,,,,,,
"USW00093721","BALTIMORE WASHINGTON INTERNATIONAL AIRPORT, MD US","39.17329","-76.68408","42.0","2026-01-18","0.13","0.2","0.0",,"36","21","    1",,,,,,,,,,,,,
"USW00093721","BALTIMORE WASHINGTON INTERNATIONAL AIRPORT, MD US","39.17329","-76.68408","42.0","2026-01-19","0.00","0.0","0.0",,"41","17",,,,,,,,,,,,,,
"USW00093721","BALTIMORE WASHINGTON INTERNATIONAL AIRPORT, MD US","39.17329","-76.68408","42.0","2026-01-20","0.00","0.0","0.0",,"29","14",,,,,,,,,,,,,,
"USW00093721","BALTIMORE WASHINGTON INTERNATIONAL AIRPORT, MD US","39.17329","-76.68408","42.0","2026-01-21","0.00","0.0","0.0",,"43","11",,,,,,,,,,,,,,
"USW00093721","BALTIMORE WASHINGTON INTERNATIONAL AIRPORT, MD US","39.17329","-76.68408","42.0","2026-01-22","0.00","0.0","0.0",,"54","33",,,,,,,,,,,,,,
"USW00093721","BALTIMORE WASHINGTON INTERNATIONAL AIRPORT, MD US","39.17329","-76.68408","42.0","2026-01-23","0.00","0.0","0.0",,"43","18",,,,,,,,,,,,,,
"USW00093721","BALTIMORE WASHINGTON INTERNATIONAL AIRPORT, MD US","39.17329","-76.68408","42.0","2026-01-24","0.00","0.0","0.0",,"20","9",,,,,,,,,,,,,,
"USW00093721","BALTIMORE WASHINGTON INTERNATIONAL AIRPORT, MD US","39.17329","-76.68408","42.0","2026-01-25","1.77","11.3","4.0",,"25","14","    1","    1",,"    1",,"    1",,"    1",,,,,,
"USW00093721","BALTIMORE WASHINGTON INTERNATIONAL AIRPORT, MD US","39.17329","-76.68408","42.0","2026-01-26","0.00","0.0","7.0",,"27","16","    1",,,,,,,,,,,,,
"USW00093721","BALTIMORE WASHINGTON INTERNATIONAL AIRPORT, MD US","39.17329","-76.68408","42.0","2026-01-27","0.00","0.0","7.0",,"28","13",,,,,,,,,,,,,,
"USW00093721","BALTIMORE WASHINGTON INTERNATIONAL AIRPORT, MD US","39.17329","-76.68408","42.0","2026-01-28","0.00","0.0","7.0",,"23","10",,,,,,,,,,,,,,
"USW00093721","BALTIMORE WASHINGTON INTERNATIONAL AIRPORT, MD US","39.17329","-76.68408","42.0","2026-01-29","0.00","0.0","7.0",,"22","10",,,,,,,,,,,,,,
"USW00093721","BALTIMORE WASHINGTON INTERNATIONAL AIRPORT, MD US","39.17329","-76.68408","42.0","2026-01-30","0.00","0.0","7.0",,"20","8",,,,,,,,,,,,,,
"USW00093721","BALTIMORE WASHINGTON INTERNATIONAL AIRPORT, MD US","39.17329","-76.68408","42.0","2026-01-31","0.00","0.0","7.0",,"21","8",,,,,,,,,,,,,,
"USW00093721","BALTIMORE WASHINGTON INTERNATIONAL AIRPORT, MD US","39.17329","-76.68408","42.0","2026-02-01","0.00","0.0","7.0",,"26","13",,,,,,,,,,,,,,
"USW00093721","BALTIMORE WASHINGTON INTERNATIONAL AIRPORT, MD US","39.17329","-76.68408","42.0","2026-02-02","0.00","0.0","7.0",,"33","18",,,,,,,,,,,,,,
"USW00093721","BALTIMORE WASHINGTON INTERNATIONAL AIRPORT, MD US","39.17329","-76.68408","42.0","2026-02-03","0.00","0.0","7.0",,"40","23",,,,,,,,,,,,,,
"USW00093721","BALTIMORE WASHINGTON INTERNATIONAL AIRPORT, MD US","39.17329","-76.68408","42.0","2026-02-04","0.00","0.0","6.0",,"36","24",,,,,,,,,,,,,,
"USW00093721","BALTIMORE WASHINGTON INTERNATIONAL AIRPORT, MD US","39.17329","-76.68408","42.0","2026-02-05","0.00","0.0","6.0",,"33","16",,,,,,,,,,,,,,
"USW00093721","BALTIMORE WASHINGTON INTERNATIONAL AIRPORT, MD US","39.17329","-76.68408","42.0","2026-02-06","0.00","0.0","6.0",,"32","16","    1",,,,,,,,,,,,,
"USW00093721","BALTIMORE WASHINGTON INTERNATIONAL AIRPORT, MD US","39.17329","-76.68408","42.0","2026-02-07","0.00","0.0","6.0",,"31","14",,,,,,,,,,,,,,
"USW00093721","BALTIMORE WASHINGTON INTERNATIONAL AIRPORT, MD US","39.17329","-76.68408","42.0","2026-02-08","0.00","0.0","6.0",,"22","11",,,,,,,,,,,,,,
"USW00093721","BALTIMORE WASHINGTON INTERNATIONAL AIRPORT, MD US","39.17329","-76.68408","42.0","2026-02-09","0.00","0.0","6.0",,"33","9",,,,,,,,,,,,,,
"USW00093721","BALTIMORE WASHINGTON INTERNATIONAL AIRPORT, MD US","39.17329","-76.68408","42.0","2026-02-10","0.00","0.0","5.0",,"42","26",,,,,,,,,,,,,,
"USW00093721","BALTIMORE WASHINGTON INTERNATIONAL AIRPORT, MD US","39.17329","-76.68408","42.0","2026-02-11","0.00","0.0","4.0",,"46","33",,,,,,,,,,,,,,
"USW00093721","BALTIMORE WASHINGTON INTERNATIONAL AIRPORT, MD US","39.17329","-76.68408","42.0","2026-02-12","0.00","0.0","1.0",,"36","29",,,,,,,,,,,,,,
"USW00093721","BALTIMORE WASHINGTON INTERNATIONAL AIRPORT, MD US","39.17329","-76.68408","42.0","2026-02-13","0.00","0.0","1.0",,"35","22",,,,,,,,,,,,,,
"USW00093721","BALTIMORE WASHINGTON INTERNATIONAL AIRPORT, MD US","39.17329","-76.68408","42.0","2026-02-14","0.00","0.0","1.0",,"54","21",,,,,,,,,,,,,,
"USW00093721","BALTIMORE WASHINGTON INTERNATIONAL AIRPORT, MD US","39.17329","-76.68408","42.0","2026-02-15","0.44","0.0","0.0",,"45","32","    1",,,,,,,,,,,,,
"USW00093721","BALTIMORE WASHINGTON INTERNATIONAL AIRPORT, MD US","39.17329","-76.68408","42.0","2026-02-16","0.01","0.0","0.0",,"40","35","    1",,,,,,"    1",,,,,,,
"USW00093721","BALTIMORE WASHINGTON INTERNATIONAL AIRPORT, MD US","39.17329","-76.68408","42.0","2026-02-17","0.00","0.0","0.0",,"48","34","    1","    1",,,,,"    1",,,,,,,
"USW00093721","BALTIMORE WASHINGTON INTERNATIONAL AIRPORT, MD US","39.17329","-76.68408","42.0","2026-02-18","0.00","0.0","0.0",,"46","34","    1","    1",,,,,"    1",,,,,,,
"USW00093721","BALTIMORE WASHINGTON INTERNATIONAL AIRPORT, MD US","39.17329","-76.68408","42.0","2026-02-19","0.16","0.0","0.0",,"41","34","    1","    1",,,,,,,,,,,,
"USW00093721","BALTIMORE WASHINGTON INTERNATIONAL AIRPORT, MD US","39.17329","-76.68408","42.0","2026-02-20","0.43","0.0","0.0",,"55","37","    1",,,,,,,,,,,,,
"USW00093721","BALTIMORE WASHINGTON INTERNATIONAL AIRPORT, MD US","39.17329","-76.68408","42.0","2026-02-21","0.00","0.0","0.0",,"52","33",,,,,,,,,,,,,,
"USW00093721","BALTIMORE WASHINGTON INTERNATIONAL AIRPORT, MD US","39.17329","-76.68408","42.0","2026-02-22","0.67","1.7","0.0",,"39","32","    1",,,"    1",,,,,,,,,,
"USW00093721","BALTIMORE WASHINGTON INTERNATIONAL AIRPORT, MD US","39.17329","-76.68408","42.0","2026-02-23","0.02","0.2","2.0",,"41","31","    1",,,,,,,,,,,,,
"USW00093721","BALTIMORE WASHINGTON INTERNATIONAL AIRPORT, MD US","39.17329","-76.68408","42.0","2026-02-24","0.00","0.0","0.0",,"38","25",,,,,,,,,,,,,,
"USW00093721","BALTIMORE WASHINGTON INTERNATIONAL AIRPORT, MD US","39.17329","-76.68408","42.0","2026-02-25","0.00","0.0","0.0",,"54","32",,,,,,,,,,,,,,
"USW00093721","BALTIMORE WASHINGTON INTERNATIONAL AIRPORT, MD US","39.17329","-76.68408","42.0","2026-02-26","0.00","0.0","0.0",,"51","32",,,,,,,,,,,,,,
"USW00093721","BALTIMORE WASHINGTON INTERNATIONAL AIRPORT, MD US","39.17329","-76.68408","42.0","2026-02-27","0.00","0.0","0.0",,"55","26","    1",,,,,,"    1",,,,,,,
"USW00093721","BALTIMORE WASHINGTON INTERNATIONAL AIRPORT, MD US","39.17329","-76.68408","42.0","2026-02-28","0.00","0.0","0.0",,"61","28",,,,,,,,,,,,,,
"USW00093721","BALTIMORE WASHINGTON INTERNATIONAL AIRPORT, MD US","39.17329","-76.68408","42.0","2026-03-01","0.00","0.0","0.0",,"53","32",,,,,,,,,,,,,,
"USW00093721","BALTIMORE WASHINGTON INTERNATIONAL AIRPORT, MD US","39.17329","-76.68408","42.0","2026-03-02","0.09","1.0","0.0",,"37","29","    1",,,,,,,,,,,,,
"USW00093721","BALTIMORE WASHINGTON INTERNATIONAL AIRPORT, MD US","39.17329","-76.68408","42.0","2026-03-03","0.29","0.0","1.0",,"42","31","    1",,,,,"    1",,,,,,,,
"USW00093721","BALTIMORE WASHINGTON INTERNATIONAL AIRPORT, MD US","39.17329","-76.68408","42.0","2026-03-04","0.04","0.0","0.0",,"48","42","    1",,,,,,,,,,,,,
"USW00093721","BALTIMORE WASHINGTON INTERNATIONAL AIRPORT, MD US","39.17329","-76.68408","42.0","2026-03-05","0.13","0.0","0.0",,"52","43","    1","    1",,,,,"    1",,,,,,,
"USW00093721","BALTIMORE WASHINGTON INTERNATIONAL AIRPORT, MD US","39.17329","-76.68408","42.0","2026-03-06","0.00","0.0","0.0",,"48","41","    1","    1",,,,,,,,,,,,
"USW00093721","BALTIMORE WASHINGTON INTERNATIONAL AIRPORT, MD US","39.17329","-76.68408","42.0","2026-03-07","0.01","0.0","0.0",,"53","39","    1",,,,,,"    1",,,,,,,
"USW00093721","BALTIMORE WASHINGTON INTERNATIONAL AIRPORT, MD US","39.17329","-76.68408","42.0","2026-03-08","0.00","0.0","0.0",,"73","45","    1",,,,,,,,,,,,,
"USW00093721","BALTIMORE WASHINGTON INTERNATIONAL AIRPORT, MD US","39.17329","-76.68408","42.0","2026-03-09","0.00","0.0","0.0",,"75","38",,,,,,,,,,,,,,
"USW00093721","BALTIMORE WASHINGTON INTERNATIONAL AIRPORT, MD US","39.17329","-76.68408","42.0","2026-03-10","0.00","0.0","0.0",,"85","41",,,,,,,,,,,,,,
"USW00093721","BALTIMORE WASHINGTON INTERNATIONAL AIRPORT, MD US","39.17329","-76.68408","42.0","2026-03-11","0.27","0.0","0.0",,"85","50","    1",,"    1",,,,"    1",,,,,,,
"USW00093721","BALTIMORE WASHINGTON INTERNATIONAL AIRPORT, MD US","39.17329","-76.68408","42.0","2026-03-12","0.42","1.0","0.0",,"76","29","    1",,,"    1",,,,,,,,,,
"USW00093721","BALTIMORE WASHINGTON INTERNATIONAL AIRPORT, MD US","39.17329","-76.68408","42.0","2026-03-13","0.00","0.0","0.0",,"53","25",,,,,,,,,,,,,,
"USW00093721","BALTIMORE WASHINGTON INTERNATIONAL AIRPORT, MD US","39.17329","-76.68408","42.0","2026-03-14","0.00","0.0","0.0",,"59","38",,,,,,,,,,,,,,
"USW00093721","BALTIMORE WASHINGTON INTERNATIONAL AIRPORT, MD US","39.17329","-76.68408","42.0","2026-03-15","0.03","0.0","0.0",,"52","38","    1",,,,,,,,,,,,,
"USW00093721","BALTIMORE WASHINGTON INTERNATIONAL AIRPORT, MD US","39.17329","-76.68408","42.0","2026-03-16","0.59","0.0","0.0",,"67","36","    1",,,"    1",,,"    1",,,,,,,
"USW00093721","BALTIMORE WASHINGTON INTERNATIONAL AIRPORT, MD US","39.17329","-76.68408","42.0","2026-03-17","0.00","0.0","0.0",,"42","28",,,,,,,,,,,,,,
"USW00093721","BALTIMORE WASHINGTON INTERNATIONAL AIRPORT, MD US","39.17329","-76.68408","42.0","2026-03-18","0.00","0.0","0.0",,"39","23",,,,,,,,,,,,,,
"USW00093721","BALTIMORE WASHINGTON INTERNATIONAL AIRPORT, MD US","39.17329","-76.68408","42.0","2026-03-19","0.00","0.0","0.0",,"54","35",,,,,,,,,,,,,,
"USW00093721","BALTIMORE WASHINGTON INTERNATIONAL AIRPORT, MD US","39.17329","-76.68408","42.0","2026-03-20","0.04","0.0","0.0",,"71","32",,,,,,,,,,,,,,
"USW00093721","BALTIMORE WASHINGTON INTERNATIONAL AIRPORT, MD US","39.17329","-76.68408","42.0","2026-03-21","0.00","0.0","0.0",,"67","48",,,,,,,,,,,,,,
"USW00093721","BALTIMORE WASHINGTON INTERNATIONAL AIRPORT, MD US","39.17329","-76.68408","42.0","2026-03-22","0.00","0.0","0.0",,"80","45","    1",,,,,,,,,,,,,
"USW00093721","BALTIMORE WASHINGTON INTERNATIONAL AIRPORT, MD US","39.17329","-76.68408","42.0","2026-03-23","0.08","0.0","0.0",,"65","41","    1",,,"    1",,,,,,,,,,
"USW00093721","BALTIMORE WASHINGTON INTERNATIONAL AIRPORT, MD US","39.17329","-76.68408","42.0","2026-03-24","0.00","0.0","0.0",,"52","33",,,,,,,,,,,,,,
"USW00093721","BALTIMORE WASHINGTON INTERNATIONAL AIRPORT, MD US","39.17329","-76.68408","42.0","2026-03-25","0.00","0.0","0.0",,"58","38",,,,,,,,,,,,,,
"USW00093721","BALTIMORE WASHINGTON INTERNATIONAL AIRPORT, MD US","39.17329","-76.68408","42.0","2026-03-26","0.00","0.0","0.0",,"80","49",,,,,,,,,,,,,,
"USW00093721","BALTIMORE WASHINGTON INTERNATIONAL AIRPORT, MD US","39.17329","-76.68408","42.0","2026-03-27","0.13","0.0","0.0",,"74","37","    1",,,,,,,,,,,,,
"USW00093721","BALTIMORE WASHINGTON INTERNATIONAL AIRPORT, MD US","39.17329","-76.68408","42.0","2026-03-28","0.00","0.0","0.0",,"50","32",,,,,,,,,,,,,,
"USW00093721","BALTIMORE WASHINGTON INTERNATIONAL AIRPORT, MD US","39.17329","-76.68408","42.0","2026-03-29","0.00","0.0","0.0",,"61","27",,,,,,,,,,,,,,
"USW00093721","BALTIMORE WASHINGTON INTERNATIONAL AIRPORT, MD US","39.17329","-76.68408","42.0","2026-03-30","0.01","0.0","0.0",,"72","49",,,,,,,,,,,,,,
"USW00093721","BALTIMORE WASHINGTON INTERNATIONAL AIRPORT, MD US","39.17329","-76.68408","42.0","2026-03-31","0.00","0.0","0.0",,"83","62",,,,,,,,,,,,,,
"USW00093721","BALTIMORE WASHINGTON INTERNATIONAL AIRPORT, MD US","39.17329","-76.68408","42.0","2026-04-01","0.32","0.0","0.0",,"87","64","    1",,"    1",,,,,,,,,,,
"USW00093721","BALTIMORE WASHINGTON INTERNATIONAL AIRPORT, MD US","39.17329","-76.68408","42.0","2026-04-02","0.00","0.0","0.0",,"64","46","    1",,,,,,,,,,,,,
"USW00093721","BALTIMORE WASHINGTON INTERNATIONAL AIRPORT, MD US","39.17329","-76.68408","42.0","2026-04-03","0.00","0.0","0.0",,"77","46","    1","    1",,,,,,,,,,,,
"USW00093721","BALTIMORE WASHINGTON INTERNATIONAL AIRPORT, MD US","39.17329","-76.68408","42.0","2026-04-04","0.00","0.0","0.0",,"82","58","    1",,,,,,,,,,,,,
"USW00093721","BALTIMORE WASHINGTON INTERNATIONAL AIRPORT, MD US","39.17329","-76.68408","42.0","2026-04-05","0.53","0.0","0.0",,"73","49","    1",,,,,,,,,,,,,
"USW00093721","BALTIMORE WASHINGTON INTERNATIONAL AIRPORT, MD US","39.17329","-76.68408","42.0","2026-04-06","0.00","0.0","0.0",,"60","43",,,,,,,,,,,,,,
"USW00093721","BALTIMORE WASHINGTON INTERNATIONAL AIRPORT, MD US","39.17329","-76.68408","42.0","2026-04-07","0.00","0.0","0.0",,"56","40",,,,,,,,,,,,,,
"USW00093721","BALTIMORE WASHINGTON INTERNATIONAL AIRPORT, MD US","39.17329","-76.68408","42.0","2026-04-08","0.00","0.0","0.0",,"51","33",,,,,,,,,,,,,,
"USW00093721","BALTIMORE WASHINGTON INTERNATIONAL AIRPORT, MD US","39.17329","-76.68408","42.0","2026-04-09","0.00","0.0","0.0",,"59","32",,,,,,,,,,,,,,
"USW00093721","BALTIMORE WASHINGTON INTERNATIONAL AIRPORT, MD US","39.17329","-76.68408","42.0","2026-04-10","0.00","0.0","0.0",,"73","41",,,,,,,,,,,,,,
"USW00093721","BALTIMORE WASHINGTON INTERNATIONAL AIRPORT, MD US","39.17329","-76.68408","42.0","2026-04-11","0.00","0.0","0.0",,"70","48",,,,,,,,,,,,,,
"USW00093721","BALTIMORE WASHINGTON INTERNATIONAL AIRPORT, MD US","39.17329","-76.68408","42.0","2026-04-12","0.00","0.0","0.0",,"68","43",,,,,,,,,,,,,,
"USW00093721","BALTIMORE WASHINGTON INTERNATIONAL AIRPORT, MD US","39.17329","-76.68408","42.0","2026-04-13","0.00","0.0","0.0",,"81","53",,,,,,,,,,,,,,
"USW00093721","BALTIMORE WASHINGTON INTERNATIONAL AIRPORT, MD US","39.17329","-76.68408","42.0","2026-04-14","0.04","0.0","0.0",,"88","55","    1",,"    1",,,,"    1",,,,,,,
"USW00093721","BALTIMORE WASHINGTON INTERNATIONAL AIRPORT, MD US","39.17329","-76.68408","42.0","2026-04-15","0.00","0.0","0.0",,"91","59","    1",,,,,,,,,,,,,
"USW00093721","BALTIMORE WASHINGTON INTERNATIONAL AIRPORT, MD US","39.17329","-76.68408","42.0","2026-04-16","0.00","0.0","0.0",,"91","62",,,,,,,,,,,,,,
"USW00093721","BALTIMORE WASHINGTON INTERNATIONAL AIRPORT, MD US","39.17329","-76.68408","42.0","2026-04-17","0.00","0.0",,,"81","59",,,,,,,,,,,,,,
"USW00093721","BALTIMORE WASHINGTON INTERNATIONAL AIRPORT, MD US","39.17329","-76.68408","42.0","2026-04-18","0.00","0.0",,,"75","56","    1",,,,,,,,,,,,,
"USW00093721","BALTIMORE WASHINGTON INTERNATIONAL AIRPORT, MD US","39.17329","-76.68408","42.0","2026-04-19","0.11","0.0","0.0",,"59","36","    1",,,,,,"    1",,,,,,,
"USW00093721","BALTIMORE WASHINGTON INTERNATIONAL AIRPORT, MD US","39.17329","-76.68408","42.0","2026-04-20","0.00","0.0","0.0",,"57","33",,,,,,,,,,,,,,
"USW00093721","BALTIMORE WASHINGTON INTERNATIONAL AIRPORT, MD US","39.17329","-76.68408","42.0","2026-04-21","0.00","0.0","0.0",,"61","30",,,,,,,,,,,,,,
"USW00093721","BALTIMORE WASHINGTON INTERNATIONAL AIRPORT, MD US","39.17329","-76.68408","42.0","2026-04-22","0.02","0.0","0.0",,"76","47",,,,,,,,,,,,,,
"USW00093721","BALTIMORE WASHINGTON INTERNATIONAL AIRPORT, MD US","39.17329","-76.68408","42.0","2026-04-23","0.00","0.0","0.0",,"83","52",,,,,,,,,,,,,,
"USW00093721","BALTIMORE WASHINGTON INTERNATIONAL AIRPORT, MD US","39.17329","-76.68408","42.0","2026-04-24","0.09","0.0","0.0",,"81","56",,,"    1",,,,,,,,,,,
"USW00093721","BALTIMORE WASHINGTON INTERNATIONAL AIRPORT, MD US","39.17329","-76.68408","42.0","2026-04-25","0.19","0.0","0.0",,"60","46","    1",,,,,,,,,,,,,
"USW00093721","BALTIMORE WASHINGTON INTERNATIONAL AIRPORT, MD US","39.17329","-76.68408","42.0","2026-04-26","0.00","0.0","0.0",,"58","43",,,,,,,,,,,,,,
"USW00093721","BALTIMORE WASHINGTON INTERNATIONAL AIRPORT, MD US","39.17329","-76.68408","42.0","2026-04-27","0.00","0.0","0.0",,"69","39","    1",,,,,,,,,,,,,
"USW00093721","BALTIMORE WASHINGTON INTERNATIONAL AIRPORT, MD US","39.17329","-76.68408","42.0","2026-04-28","0.01","0.0","0.0",,"60","43",,,,,,,,,,,,,,
"USW00093721","BALTIMORE WASHINGTON INTERNATIONAL AIRPORT, MD US","39.17329","-76.68408","42.0","2026-04-29","0.40","0.0","0.0",,"61","51","    1",,,,,,,,,,,,,
"USW00093721","BALTIMORE WASHINGTON INTERNATIONAL AIRPORT, MD US","39.17329","-76.68408","42.0","2026-04-30","0.00","0.0","0.0",,"69","44","    1",,,,,,,,,,,,,
"USW00093721","BALTIMORE WASHINGTON INTERNATIONAL AIRPORT, MD US","39.17329","-76.68408","42.0","2026-05-01","0.00","0.0","0.0",,"67","37",,,,,,,,,,,,,,
"USW00093721","BALTIMORE WASHINGTON INTERNATIONAL AIRPORT, MD US","39.17329","-76.68408","42.0","2026-05-02","0.00","0.0","0.0",,"62","43",,,,,,,,,,,,,,
"USW00093721","BALTIMORE WASHINGTON INTERNATIONAL AIRPORT, MD US","39.17329","-76.68408","42.0","2026-05-03","0.00","0.0","0.0",,"63","40",,,,,,,,,,,,,,
"USW00093721","BALTIMORE WASHINGTON INTERNATIONAL AIRPORT, MD US","39.17329","-76.68408","42.0","2026-05-04","0.00","0.0","0.0",,"77","42",,,,,,,,,,,,,,
"USW00093721","BALTIMORE WASHINGTON INTERNATIONAL AIRPORT, MD US","39.17329","-76.68408","42.0","2026-05-05","0.00","0.0","0.0",,"85","59",,,,,,,"    1",,,,,,,
"USW00093721","BALTIMORE WASHINGTON INTERNATIONAL AIRPORT, MD US","39.17329","-76.68408","42.0","2026-05-06","0.17","0.0","0.0",,"73","60","    1",,,,,,,,,,,,,
"USW00093721","BALTIMORE WASHINGTON INTERNATIONAL AIRPORT, MD US","39.17329","-76.68408","42.0","2026-05-07","0.12","0.0","0.0",,"65","49","    1",,,,,,,,,,,,,
"USW00093721","BALTIMORE WASHINGTON INTERNATIONAL AIRPORT, MD US","39.17329","-76.68408","42.0","2026-05-08","0.00","0.0","0.0",,"73","40",,,,,,,,,,,,,,
"USW00093721","BALTIMORE WASHINGTON INTERNATIONAL AIRPORT, MD US","39.17329","-76.68408","42.0","2026-05-09","0.03","0.0","0.0",,"69","55",,,,,,,"    1",,,,,,,
"USW00093721","BALTIMORE WASHINGTON INTERNATIONAL AIRPORT, MD US","39.17329","-76.68408","42.0","2026-05-10","0.05","0.0","0.0",,"83","48","    1",,,,,,,,,,,,,
"USW00093721","BALTIMORE WASHINGTON INTERNATIONAL AIRPORT, MD US","39.17329","-76.68408","42.0","2026-05-11","0.02","0.0","0.0",,"63","46",,,,,,,,,,,,,,
"USW00093721","BALTIMORE WASHINGTON INTERNATIONAL AIRPORT, MD US","39.17329","-76.68408","42.0","2026-05-12","0.00","0.0","0.0",,"70","42",,,,,,,,,,,,,,
"USW00093721","BALTIMORE WASHINGTON INTERNATIONAL AIRPORT, MD US","39.17329","-76.68408","42.0","2026-05-13","0.47","0.0","0.0",,"77","55","    1",,"    1",,,,,,,,,,,
"USW00093721","BALTIMORE WASHINGTON INTERNATIONAL AIRPORT, MD US","39.17329","-76.68408","42.0","2026-05-14","0.01","0.0","0.0",,"63","53","    1",,,,,,,,,,,,,
"USW00093721","BALTIMORE WASHINGTON INTERNATIONAL AIRPORT, MD US","39.17329","-76.68408","42.0","2026-05-15","0.00","0.0","0.0",,"72","51",,,,,,,,,,,,,,
"USW00093721","BALTIMORE WASHINGTON INTERNATIONAL AIRPORT, MD US","39.17329","-76.68408","42.0","2026-05-16","0.00","0.0","0.0",,"84","49",,,,,,,,,,,,,,
"USW00093721","BALTIMORE WASHINGTON INTERNATIONAL AIRPORT, MD US","39.17329","-76.68408","42.0","2026-05-17","0.00","0.0","0.0",,"87","60",,,,,,,,,,,,,,
"USW00093721","BALTIMORE WASHINGTON INTERNATIONAL AIRPORT, MD US","39.17329","-76.68408","42.0","2026-05-18","0.00","0.0","0.0",,"95","62",,,,,,,,,,,,,,
"USW00093721","BALTIMORE WASHINGTON INTERNATIONAL AIRPORT, MD US","39.17329","-76.68408","42.0","2026-05-19","0.00","0.0","0.0",,"97","66",,,,,,,,,,,,,,
"USW00093721","BALTIMORE WASHINGTON INTERNATIONAL AIRPORT, MD US","39.17329","-76.68408","42.0","2026-05-20","0.49","0.0","0.0",,"96","69","    1",,"    1",,,,"    1",,,,,,,
"USW00093721","BALTIMORE WASHINGTON INTERNATIONAL AIRPORT, MD US","39.17329","-76.68408","42.0","2026-05-21","0.12","0.0","0.0",,"70","58","    1",,,,,,,,,,,,,
"USW00093721","BALTIMORE WASHINGTON INTERNATIONAL AIRPORT, MD US","39.17329","-76.68408","42.0","2026-05-22","0.85","0.0","0.0",,"61","50","    1",,,,,,,,,,,,,
"USW00093721","BALTIMORE WASHINGTON INTERNATIONAL AIRPORT, MD US","39.17329","-76.68408","42.0","2026-05-23","0.42","0.0","0.0",,"55","50","    1",,,,,,,,,,,,,
"USW00093721","BALTIMORE WASHINGTON INTERNATIONAL AIRPORT, MD US","39.17329","-76.68408","42.0","2026-05-24","1.21","0.0","0.0",,"63","53","    1","    1",,,,,,,,,,,,
"USW00093721","BALTIMORE WASHINGTON INTERNATIONAL AIRPORT, MD US","39.17329","-76.68408","42.0","2026-05-25","0.04","0.0","0.0",,"75","61","    1","    1",,,,,,,,,,,,
"USW00093721","BALTIMORE WASHINGTON INTERNATIONAL AIRPORT, MD US","39.17329","-76.68408","42.0","2026-05-26","0.00","0.0","0.0",,"76","63","    1",,,,,,,,,,,,,
"USW00093721","BALTIMORE WASHINGTON INTERNATIONAL AIRPORT, MD US","39.17329","-76.68408","42.0","2026-05-27","0.39","0.0","0.0",,"81","68","    1","    1",,,,,,,,,,,,
"USW00093721","BALTIMORE WASHINGTON INTERNATIONAL AIRPORT, MD US","39.17329","-76.68408","42.0","2026-05-28","0.00","0.0","0.0",,"81","61",,,,,,,,,,,,,,
"USW00093721","BALTIMORE WASHINGTON INTERNATIONAL AIRPORT, MD US","39.17329","-76.68408","42.0","2026-05-29","0.00","0.0","0.0",,"79","51",,,,,,,,,,,,,,
"USW00093721","BALTIMORE WASHINGTON INTERNATIONAL AIRPORT, MD US","39.17329","-76.68408","42.0","2026-05-30","0.00","0.0","0.0",,"71","55",,,,,,,,,,,,,,
"USW00093721","BALTIMORE WASHINGTON INTERNATIONAL AIRPORT, MD US","39.17329","-76.68408","42.0","2026-05-31","0.00","0.0","0.0",,"77","47",,,,,,,,,,,,,,
"USW00093721","BALTIMORE WASHINGTON INTERNATIONAL AIRPORT, MD US","39.17329","-76.68408","42.0","2026-06-01","0.00","0.0","0.0",,"78","54",,,,,,,,,,,,,,
"USW00093721","BALTIMORE WASHINGTON INTERNATIONAL AIRPORT, MD US","39.17329","-76.68408","42.0","2026-06-02","0.00","0.0","0.0",,"76","53",,,,,,,,,,,,,,
"USW00093721","BALTIMORE WASHINGTON INTERNATIONAL AIRPORT, MD US","39.17329","-76.68408","42.0","2026-06-03","0.00","0.0","0.0",,"83","51",,,,,,,,,,,,,,
"USW00093721","BALTIMORE WASHINGTON INTERNATIONAL AIRPORT, MD US","39.17329","-76.68408","42.0","2026-06-04","0.00","0.0","0.0",,"88","53",,,,,,,,,,,,,,
"USW00093721","BALTIMORE WASHINGTON INTERNATIONAL AIRPORT, MD US","39.17329","-76.68408","42.0","2026-06-05","0.00","0.0","0.0",,"90","59",,,,,,,,,,,,,,
"USW00093721","BALTIMORE WASHINGTON INTERNATIONAL AIRPORT, MD US","39.17329","-76.68408","42.0","2026-06-06","0.03","0.0","0.0",,"89","64",,,"    1",,,,,,,,,,,
"USW00093721","BALTIMORE WASHINGTON INTERNATIONAL AIRPORT, MD US","39.17329","-76.68408","42.0","2026-06-07","0.01","0.0","0.0",,"91","68",,,,,,,,,,,,,,
"USW00093721","BALTIMORE WASHINGTON INTERNATIONAL AIRPORT, MD US","39.17329","-76.68408","42.0","2026-06-08","0.00","0.0","0.0",,"77","60",,,,,,,,,,,,,,
"USW00093721","BALTIMORE WASHINGTON INTERNATIONAL AIRPORT, MD US","39.17329","-76.68408","42.0","2026-06-09","0.00","0.0",,,"84","61",,,,,,,,,,,,,,
"USW00093721","BALTIMORE WASHINGTON INTERNATIONAL AIRPORT, MD US","39.17329","-76.68408","42.0","2026-06-10","0.20","0.0","0.0",,"90","69","    1",,"    1",,,,,,,,,,,
"USW00093721","BALTIMORE WASHINGTON INTERNATIONAL AIRPORT, MD US","39.17329","-76.68408","42.0","2026-06-11","0.10","0.0",,,"97","72","    1",,"    1",,,,,,,,,,,
"USW00093721","BALTIMORE WASHINGTON INTERNATIONAL AIRPORT, MD US","39.17329","-76.68408","42.0","2026-06-12","0.00","0.0",,,"97","70",,,"    1",,,,,,,,,,,
"USW00093721","BALTIMORE WASHINGTON INTERNATIONAL AIRPORT, MD US","39.17329","-76.68408","42.0","2026-06-13","0.00","0.0",,,"90","68",,,,,,,,,,,,,,
"USW00093721","BALTIMORE WASHINGTON INTERNATIONAL AIRPORT, MD US","39.17329","-76.68408","42.0","2026-06-14","0.43","0.0","0.0",,"92","66","    1",,"    1",,,,,,,,,,,
"USW00093721","BALTIMORE WASHINGTON INTERNATIONAL AIRPORT, MD US","39.17329","-76.68408","42.0","2026-06-15","0.00","0.0","0.0",,"79","61",,,,,,,,,,,,,,
"USW00093721","BALTIMORE WASHINGTON INTERNATIONAL AIRPORT, MD US","39.17329","-76.68408","42.0","2026-06-16","0.00","0.0","0.0",,"78","55",,,,,,,,,,,,,,
"USW00093721","BALTIMORE WASHINGTON INTERNATIONAL AIRPORT, MD US","39.17329","-76.68408","42.0","2026-06-17","0.00","0.0","0.0",,"85","61",,,,,,,,,,,,,,
"USW00093721","BALTIMORE WASHINGTON INTERNATIONAL AIRPORT, MD US","39.17329","-76.68408","42.0","2026-06-18","0.00","0.0","0.0",,"90","72",,,,,,,,,,,,,,
"USW00093721","BALTIMORE WASHINGTON INTERNATIONAL AIRPORT, MD US","39.17329","-76.68408","42.0","2026-06-19","0.00","0.0","0.0",,"84","65",,,,,,,,,,,,,,
"USW00093721","BALTIMORE WASHINGTON INTERNATIONAL AIRPORT, MD US","39.17329","-76.68408","42.0","2026-06-20","0.00","0.0","0.0",,"87","61",,,,,,,,,,,,,,
"USW00093721","BALTIMORE WASHINGTON INTERNATIONAL AIRPORT, MD US","39.17329","-76.68408","42.0","2026-06-21","0.00","0.0","0.0",,"86","64",,,,,,,,,,,,,,
"USW00093721","BALTIMORE WASHINGTON INTERNATIONAL AIRPORT, MD US","39.17329","-76.68408","42.0","2026-06-22","0.18","0.0","0.0",,"92","66","    1",,"    1",,,,,,,,,,,
"USW00093721","BALTIMORE WASHINGTON INTERNATIONAL AIRPORT, MD US","39.17329","-76.68408","42.0","2026-06-23","1.18","0.0",,,"74","62","    1",,,,,,,,,,,,,
"USW00093721","BALTIMORE WASHINGTON INTERNATIONAL AIRPORT, MD US","39.17329","-76.68408","42.0","2026-06-24","0.00","0.0","0.0",,"84","60",,,,,,,,,,,,,,
"USW00093721","BALTIMORE WASHINGTON INTERNATIONAL AIRPORT, MD US","39.17329","-76.68408","42.0","2026-06-25","0.00","0.0","0.0",,"86","59",,,,,,,,,,,,,,
"USW00093721","BALTIMORE WASHINGTON INTERNATIONAL AIRPORT, MD US","39.17329","-76.68408","42.0","2026-06-26","0.00","0.0","0.0",,"88","71",,,,,,,,,,,,,,
"USW00093721","BALTIMORE WASHINGTON INTERNATIONAL AIRPORT, MD US","39.17329","-76.68408","42.0","2026-06-27","0.00","0.0","0.0",,"80","73",,,,,,,,,,,,,,
"USW00093721","BALTIMORE WASHINGTON INTERNATIONAL AIRPORT, MD US","39.17329","-76.68408","42.0","2026-06-28","0.10","0.0",,,"78","71","    1",,,,,,,,,,,,,
"USW00093721","BALTIMORE WASHINGTON INTERNATIONAL AIRPORT, MD US","39.17329","-76.68408","42.0","2026-06-29","0.00","0.0","0.0",,"88","68","    1",,,,,,"    1",,,,,,,
"USW00093721","BALTIMORE WASHINGTON INTERNATIONAL AIRPORT, MD US","39.17329","-76.68408","42.0","2026-06-30","0.00","0.0","0.0",,"91","66","    1",,,,,,,,,,,,,
"USW00093721","BALTIMORE WASHINGTON INTERNATIONAL AIRPORT, MD US","39.17329","-76.68408","42.0","2026-07-01","0.00","0.0","0.0",,"97","71",,,,,,,,,,,,,,
"USW00093721","BALTIMORE WASHINGTON INTERNATIONAL AIRPORT, MD US","39.17329","-76.68408","42.0","2026-07-02","0.00","0.0","0.0",,"101","77",,,,,,,,,,,,,,
